"date","consumption_real","consumption_nominal","consumption_deflator","gross_disposable_income","final_consumption_hh","currency_deposits","equities","superannuation","household_debt","housing_wealth","housing_loan_flow","house_price_index","working_age_population","unemployment_rate","gross_disposable_income_billions","final_consumption_hh_billions","illiquid_financial_wealth","liquid_assets","net_liquid_assets","final_consumption_hh_sa","annualised_income","real_gdi","real_consumption_per_working_age","real_gdi_per_working_age","real_housing_wealth","real_illiquid_financial_wealth","real_household_debt","consumption_income_ratio","housing_wealth_income_ratio","illiquid_financial_income_ratio","liquid_assets_income_ratio","net_liquid_assets_income_ratio","debt_income_ratio","lcons","lgdi","lperm_income","permanent_income_per_working_age","disposable_permanent_income_ratio","log_disposable_permanent_income_ratio","lcons_perm_income_ratio","credit_conditions_index","long_run_fitted_ratio","ecm_residual","ecm_fitted","d_lcons_actual"
1988-09-01,116662,47527,40.7390581337539,56018,47527,120.7,134.2,148.2,131.9,634.7,NA,23.4646420191036,12834545.62,6.9339387,56.018,47.527,282.4,120.7,-11.2,47527,224.072,137504.406253288,0.00908968680731527,0.0107136170086937,1557.96434447788,693.192265449113,323.767917183916,0.848423720946838,2.8325716733907,1.26030918633296,0.538666143025456,-0.049983933735585,0.588650076761041,-4.70061482602711,-4.5362397289708,-4.5362397289708,0.0107136170086937,1,0,-0.164375097056308,NA,-0.116971193557013,-0.0474039034992947,NA,NA
1988-12-01,118496,48968,41.3246016743181,58839,48968,129.7,132.4,152.4,139.7,683,NA,25.8139712566696,12901673.93,6.8325993,58.839,48.968,284.8,129.7,-10,48968,235.356,142382.497631106,0.00918454462908597,0.0110359708673172,1652.76850187878,689.177846757066,338.055285084137,0.83223712163701,2.90198677747752,1.21008174850014,0.551080065942657,-0.0424888254389096,0.593568891381567,-4.6902331392157,-4.50659526241699,-4.53535039497419,0.0107231492305625,1.02917255276679,0.0287551325571984,-0.154882744241516,NA,-0.126474212168621,-0.0284085320728953,NA,NA
1989-03-01,121094,50737,41.898855434621,61083,50737,131,132.9,155.5,148.7,713.8,NA,27.9054472852344,12961327.82,6.3431231,61.083,50.737,288.4,131,-17.7,50737,244.332,145786.79862822,0.00934271562926953,0.0112478289765392,1703.62648954412,688.324291936851,354.90229615468,0.8306239051782,2.92143476908469,1.18036114794624,0.53615572254146,-0.0724424144197239,0.608598136961184,-4.67315831640328,-4.4875801488179,-4.5339172875895,0.0107385276717587,1.04742747985088,0.0463371387716007,-0.139241028813783,NA,-0.113216878479424,-0.0260241503343585,0.0222282933557107,0.0170748228124227
1989-06-01,122309,52326,42.7818067353997,63020,52326,134.1,136.3,163.6,158.6,736.4,NA,28.4498040597923,13017418.26,6.0117858,63.02,52.326,299.9,134.1,-24.5,52326,252.08,147305.606772924,0.00939579550699633,0.0113160385439535,1721.29242823835,700.998912586477,370.718331231128,0.830307838781339,2.92129482703904,1.18970168200571,0.531973976515392,-0.0971913678197398,0.629165344335132,-4.66749297625837,-4.48153421940215,-4.53234579554388,0.0107554164493907,1.05212462922293,0.0508115761417312,-0.135147180714494,NA,-0.105064272366059,-0.0300829083484354,0.0185841897874986,0.00566534014490916
1989-09-01,123324,53592,43.4562615549285,62779,53592,137.8,141.5,171.6,161,752.8,NA,28.4498040597923,13073573.84,6.0305223,62.779,53.592,313.1,137.8,-23.2,53592,251.116,144464.796909987,0.00943307480489206,0.011050138139579,1732.31652485446,720.494558889387,370.487460815047,0.853661256152535,2.99781774160149,1.24683413243282,0.548750378311219,-0.0923875818346899,0.641137960145909,-4.66353316921843,-4.50531234977715,-4.53153479217088,0.0107641426664267,1.02656927560468,0.0262224423937285,-0.131998377047556,NA,-0.111481866689884,-0.0205165103576719,0.0127026461291811,0.00395980703993892
1989-12-01,124200,54709,44.049114331723,66680,54709,145.2,140.8,176.7,166.9,764.1,NA,28.5357551294594,13133094.99,5.8482491,66.68,54.709,317.5,145.2,-21.7,54709,266.72,151376.482845601,0.00945702441766927,0.0115263373150704,1734.65462720942,720.786342283719,378.895245754812,0.820470905818836,2.86480203959208,1.19038692261548,0.544391121775645,-0.0813587282543492,0.625749850029994,-4.66099748898432,-4.4631206608163,-4.52948236823024,0.0107862579377285,1.06861317257704,0.0663617074139431,-0.131515120754078,NA,-0.115430245075743,-0.0160848756783354,0.00335768137961694,0.00253568023411521
1990-03-01,125580,56210,44.7603121516165,67847,56210,151.6,137.3,180,173.8,780.5,NA,28.6790069122378,13187539.36,6.18736,67.847,56.21,317.3,151.6,-22.2,56210,271.388,151578.478206725,0.0095226256067834,0.0114940683071239,1743.73225404732,708.886924034869,388.290410958904,0.828481730953469,2.87595619555765,1.16917476085899,0.558609813256297,-0.0818017008858167,0.640411514142114,-4.65408466917255,-4.46592417606373,-4.52757562246524,0.0108068442095276,1.06359156144681,0.0616514464015179,-0.126509046707311,NA,-0.121640108208297,-0.00486893849901474,0.000348027912080304,0.00691281981176228
1990-06-01,126147,57385,45.4905784521233,68283,57385,151.6,137,184,177.9,797,NA,28.9368601212389,13239192.23,6.6084828,68.283,57.385,321,151.6,-26.3,57385,273.132,150103.608974471,0.00952830035310999,0.0113378223056793,1752.01113531411,705.640620371177,391.069988672998,0.840399513788205,2.91800301685632,1.1752559202144,0.555042982880073,-0.0962904383228622,0.651333421202935,-4.65348892421965,-4.47961103566012,-4.52613668486109,0.0108224057774205,1.0476249494668,0.0465256492009694,-0.127352239358556,NA,-0.115903502967789,-0.0114487363907677,-0.00471555074106193,0.000595744952908817
1990-09-01,126360,58098,45.9781576448243,68532,58098,155.1,132.9,185.4,177.4,795.9,NA,28.6790069122378,13285671.33,7.3737441,68.532,58.098,318.3,155.1,-22.3,58098,274.128,149053.384281731,0.00951099849314126,0.0112191082090942,1731.03934730972,692.285242177011,385.835381596613,0.847749956224829,2.90338819821397,1.16113640343197,0.565794081596918,-0.0813488589272165,0.647142940524135,-4.65530641391516,-4.49013686430188,-4.52505669024431,0.0108341002312376,1.0355366822938,0.0349198259424286,-0.130249723670849,NA,-0.124571515310056,-0.00567820836079221,-0.01589469853547,-0.00181748969551609
1990-12-01,125636,58926,46.9021618007577,70537,58926,157.1,128.5,187.3,180.3,801.1,NA,28.8509090515719,13338413.32,8.0196504,70.537,58.926,315.8,157.1,-23.2,58926,282.148,150391.788548349,0.00941911132800314,0.0112750883437423,1708.02361606082,673.316512235685,384.417248752673,0.835391354891759,2.83929001800474,1.11927073734352,0.556799977316869,-0.0822263492918611,0.63902632660873,-4.66501453369722,-4.48515955825892,-4.52385977628475,0.0108470754806232,1.0394588259189,0.0387002180258298,-0.141154757412473,NA,-0.121846595252064,-0.0193081621604088,-0.0145936148258579,-0.00970811978206232
1991-03-01,125811,59224,47.0737852810962,69035,59224,158,133.1,193.8,181.4,818.5,NA,28.8222586950162,13383597.99,9.1849632,69.035,59.224,326.9,158,-23.4,59224,276.14,146652.748632311,0.00940038695827563,0.0109576474683331,1738.75968357423,694.441711130623,385.352482101851,0.857883682190193,2.96407619323532,1.18381980154994,0.572173535163323,-0.0847396248279858,0.656913159991309,-4.66700442477946,-4.51371766755214,-4.52355551302277,0.0108503763493329,1.00988639615314,0.0098378454706296,-0.143448911756689,NA,-0.127369557835981,-0.0160793539207079,-0.0175415937516682,-0.00198989108223824
1991-06-01,126359,59706,47.2510861909322,70009,59706,154.3,133.9,200.1,185.9,826.8,NA,29.1660629736844,13429303.03,9.5559987,70.009,59.706,334,154.3,-31.6,59706,280.036,148163.789753124,0.00940920014372481,0.0110328726235559,1749.80104512109,706.862057414665,393.430109201755,0.85283320715908,2.95247753860218,1.19270379522633,0.551000585638989,-0.112842634518419,0.663843220157408,-4.66606732966447,-4.50687604231222,-4.52305512890146,0.0108558070639768,1.0163106767222,0.0161790865892355,-0.143012200763017,NA,-0.11234383149613,-0.030668369266888,-0.00261980139910478,0.000937095114988296
1991-09-01,127893,60951,47.6578076986231,70704,60951,158.2,134.9,206.2,186.3,847.3,NA,30.0542240269105,13475879,10.0322334,70.704,60.951,341.1,158.2,-28.1,60951,282.816,148357.642565339,0.009490512641142,0.0110091254578154,1777.88287148693,715.727425308855,390.911812767633,0.862058723693143,2.99594082371577,1.20608452138493,0.559374292826431,-0.099357886399638,0.658732179226069,-4.65746264873161,-4.50903076302681,-4.52263439792522,0.0108603753992334,1.01369658534939,0.0136036348984101,-0.13482825080639,NA,-0.119902900443737,-0.0149253503626531,-0.00465797227307788,0.00860468093286659
1991-12-01,128061,61494,48.0193033007707,70715,61494,160.4,135.9,212.9,189.4,854.5,NA,30.0542240269105,13512657,10.4747187,70.715,61.494,348.8,160.4,-29,61494,282.86,147263.694262855,0.00947711467848255,0.0108982041254251,1779.49270660552,726.374553614987,394.424714606303,0.869603337340027,3.02092908152443,1.23311885738528,0.567064979141625,-0.102524216927102,0.669589196068727,-4.65887536785161,-4.51915726245662,-4.52253008386116,0.0108615083482187,1.00337851576687,0.00337282140453521,-0.136345283990448,NA,-0.122312360831436,-0.0140329231590115,-0.00471834873874611,-0.0014127191199993
1992-03-01,129541,62441,48.2017276383539,72273,62441,158.9,133.5,212.7,190,845.2,NA,29.8536715310207,13566803,10.4980975,72.273,62.441,346.2,158.9,-31.1,62441,289.092,149938.609135023,0.00954838070546171,0.0110518748694901,1753.46412133054,718.231517752759,394.176742845246,0.863960261785176,2.92363676615057,1.19754265078245,0.549652013891772,-0.10757821039669,0.657230224288462,-4.65138369850388,-4.50515519396388,-4.52200883716424,0.0108671713493508,1.01699646708436,0.0168536432003661,-0.129374861339635,NA,-0.114688977697397,-0.0146858836422373,0.0037995615746269,0.00749166934773093
1992-06-01,130638,63003,48.2271620814771,72519,63003,159.9,132.5,220.8,192.4,860.7,NA,29.9396226006878,13598499,10.8105477,72.519,63.003,353.3,159.9,-32.5,63003,290.076,150369.619256226,0.00960679557354087,0.0110578100756728,1784.67892957478,732.574725013095,398.945307366316,0.868779216481198,2.96715343565135,1.21795667342352,0.551234848798246,-0.112039603414278,0.663274452212524,-4.64528455868789,-4.50461830650122,-4.52148712124435,0.0108728424048593,1.0170118966068,0.0168688147431331,-0.12379743744354,NA,-0.114780360046772,-0.00901707739676774,-0.00190910235990439,0.00609913981598531
1992-09-01,130922,63435,48.4525137104536,73859,63435,162.5,134.7,219.2,196.1,871.9,NA,29.9682729572435,13635498,10.6163619,73.859,63.435,353.9,162.5,-33.6,63435,295.436,152435.847686608,0.00960155617345256,0.0111793384947589,1799.49384093954,730.405861117679,404.726163789706,0.858866218064149,2.95123140037098,1.19789057528534,0.550034525244046,-0.11373021568123,0.663764740925277,-4.64583009224405,-4.49368798163193,-4.52065314705598,0.0108819138569319,1.02733201546505,0.0269651654240484,-0.125176945188072,NA,-0.114369732385273,-0.0108072128027991,0.00867129469201803,-0.000545533556159938
1992-12-01,131424,64011,48.7057158509861,73876,64011,165.4,136.1,223.2,196.4,883.2,NA,30.2547765228003,13666687,11.2186926,73.876,64.011,359.3,165.4,-31,64011,295.504,151678.296292825,0.00961637593661141,0.0110983954116184,1813.33953226789,737.6957585415,403.238093452688,0.866465428555959,2.98879202988792,1.21588878661541,0.559721695814608,-0.104905517353403,0.664627213168011,-4.64428780704796,-4.50095473862515,-4.52006219480305,0.0108883464489319,1.01929117186633,0.0191074561779043,-0.124225612244905,NA,-0.121098464789345,-0.00312714745555989,-0.0101125826398955,0.00154228519609223
1993-03-01,131269,64348,49.019951397512,74493,64348,167,139.8,230.1,195.9,878.1,NA,30.5412800883571,13715537,10.8590135,74.493,64.348,369.9,167,-28.9,64348,297.972,151964.654954311,0.00957082467861083,0.0110797451790849,1791.31144557717,754.590711444023,399.633199167029,0.863812707234237,2.94692118722565,1.24139180862631,0.560455344797498,-0.0969889788302257,0.657444323627723,-4.64903590391641,-4.502636596205,-4.51953942684511,0.0108940400156478,1.01704649176709,0.0169028306401149,-0.129496477071302,NA,-0.122608669608635,-0.0068878074626671,0.0128929934878092,-0.00474809686845568
1993-06-01,132347,65284,49.3279031636531,75666,65284,168,140.5,237.4,200.7,895.6,NA,30.7418325842469,13740721,10.9920586,75.666,65.284,377.9,168,-32.7,65284,302.664,153393.911249311,0.00963173620947547,0.0111634543230527,1815.60525090374,766.097838674101,406.869108816862,0.862791742658526,2.95905690799038,1.24857928263685,0.55507096978828,-0.108040599476647,0.663111569264927,-4.6426917776807,-4.49510984276736,-4.51880653932278,0.0109020270480838,1.02397969421795,0.023696696555418,-0.123885238357925,NA,-0.118315194221719,-0.00557004413620552,0.00227919678344164,0.00634412623570935
1993-09-01,132041,65409,49.5368862701737,75143,65409,170.1,148.2,249,206.1,907.9,NA,30.7704829408026,13780512,10.7413776,75.143,65.409,397.2,170.1,-36,65409,300.572,151691.003730373,0.0095817194600607,0.0110076464307258,1832.77567154367,801.826739439527,416.053602715223,0.870460322318779,3.02057410537242,1.32148037741373,0.565920977336545,-0.119771635415142,0.685692612751687,-4.64789821875604,-4.50916511760879,-4.51851729667136,0.010905180835376,1.00939604733719,0.00935217906257169,-0.129380922084681,NA,-0.118462427832629,-0.0109184942520516,0.0155439148724538,-0.00520644107533563
1993-12-01,134289,66777,49.7263364832563,76298,66777,175,157.7,258.3,212.4,933.6,NA,31.0569865063594,13812920,10.7577522,76.298,66.777,416,175,-37.4,66777,305.192,153435.795588301,0.00972198492425932,0.0111081361209868,1877.47593333034,836.578822049508,427.137840873355,0.875212980681014,3.05905790453223,1.36307635848908,0.573409525806705,-0.122545807229547,0.695955333036253,-4.63336547104313,-4.50007745529264,-4.51796410143,0.0109112151984569,1.01804757022461,0.017886646137355,-0.115401369613134,NA,-0.121760511224349,0.00635914161121438,0.00510991493657961,0.0145327477129076
1994-03-01,135129,67288,49.7953807102842,78122,67288,177.2,157.9,257.2,218.7,967.5,NA,31.4007907850276,13862879,10.3540845,78.122,67.288,415.1,177.2,-41.5,67288,312.488,156886.038194032,0.00974754233950971,0.0113169882095942,1942.95130632505,833.611459695637,439.197365057663,0.861319474667827,3.09611889096541,1.32837100944676,0.567061775172167,-0.132805099715829,0.699866874887996,-4.63074009348939,-4.48145030083026,-4.51686868741201,0.010923174045287,1.03605308884345,0.0354183865817479,-0.113871406077382,NA,-0.117265279734441,0.00339387365705857,0.00977974903826846,0.00262537755374481
1994-06-01,135863,68031,50.0732355387412,80058,68031,179.4,157.3,258.7,227.9,980.8,NA,31.7732454202514,13893032,9.8186748,80.058,68.031,416,179.4,-48.5,68031,320.232,159881.819376461,0.00977921881990915,0.0115080580953431,1958.73102556188,830.783142978936,455.133361261778,0.8497714157236,3.06277948487347,1.29905818281746,0.560218841340028,-0.151452696794824,0.711671538134852,-4.62749567339052,-4.46470778504844,-4.5153038603411,0.0109402803044113,1.05189791990091,0.0505960752926562,-0.112191813049423,NA,-0.110047283070108,-0.00214452997931565,0.0180632336280727,0.00324442009886461
1994-09-01,138442,69624,50.2910966325248,79971,69624,181.1,157.5,263.4,235,1003.4,NA,32.260301481698,13938197,9.3538381,79.971,69.624,420.9,181.1,-53.9,69624,319.884,159016.218286798,0.00993256157880392,0.011408664857212,1995.18417212455,836.927464667356,467.27953004711,0.870615598154331,3.13676207625264,1.31578947368421,0.566142726738443,-0.168498580735517,0.734641307473959,-4.61193687056618,-4.47338213709852,-4.51404620864382,0.010954048022187,1.04150217655649,0.0406640715453053,-0.0978906619223565,NA,-0.106754221361243,0.00886355943888605,0.021176515799892,0.0155588028243443
1994-12-01,139217,70344,50.5283119159298,81371,70344,184,153.8,264.1,242.2,1014.7,NA,32.1170496989196,13969676,8.9360026,81.371,70.344,417.9,184,-58.2,70344,325.484,161040.408663141,0.0099656570417238,0.0115278556684594,2008.18108012055,827.061075571477,479.335229728193,0.864484890194295,3.11751115262194,1.28393407970899,0.565311966179597,-0.17881063278072,0.744122598960318,-4.60861039254631,-4.46298894044836,-4.51251449059796,0.0109708393917568,1.05077243926487,0.0495255501496024,-0.0960959019483472,NA,-0.103879439620413,0.00778353767206538,0.0104194110665939,0.00332647801987385
1995-03-01,140813,71664,50.8930283425536,82290,71664,184.6,156.1,267.9,248.3,1013.7,NA,32.4322036210321,14023783,8.6172372,82.29,71.664,424,184.6,-63.7,71664,329.16,161692.087659076,0.0100410138976052,0.0115298480915653,1991.82487860013,833.120004465282,487.886078086627,0.870871308786001,3.07965730951513,1.28812735447807,0.560821484992101,-0.193522906793049,0.75434439178515,-4.60107718400002,-4.46281611984735,-4.51102353947544,0.010987208576858,1.04938829648235,0.0482074196280937,-0.0900536445245841,NA,-0.0976277343523329,0.0075740898277488,0.0125524179054588,0.00753320854628114
1995-06-01,142565,73328,51.4347841335531,82779,73328,185.3,157.9,278.3,255.6,1028.1,NA,32.2030007685867,14070466,8.352785,82.779,73.328,436.2,185.3,-70.3,73328,331.116,160939.72472998,0.0101322159479295,0.0114381232810612,1998.84186804495,848.064218306786,496.939968361335,0.885828531390812,3.10495415503932,1.31736309933679,0.559622609599053,-0.212312301429106,0.771934911028159,-4.5920352336145,-4.47080335534626,-4.50981693395156,0.0110004738047581,1.03978460237902,0.0390135786053083,-0.0822182996629319,NA,-0.0912098586946865,0.00899155903175453,0.0121651334865661,0.00904195038552835
1995-09-01,142937,74135,51.8655071814855,84640,74135,190,163.3,285.8,261.3,1020.9,NA,32.260301481698,14120071,8.3625451,84.64,74.135,449.1,190,-71.3,74135,338.56,163191.308828489,0.0101229660955671,0.011557400017924,1968.36019828691,865.893393134147,503.8030363526,0.875886105860114,3.01541824196597,1.32650047258979,0.561200378071834,-0.210597826086957,0.77179820415879,-4.59294856561868,-4.46042935297868,-4.50833530652238,0.0110167844886758,1.04907198918196,0.0479059535436992,-0.0846132590963009,NA,-0.093087145336303,0.00847388624000208,-0.00217470614074351,-0.000913332004182088
1995-12-01,144519,75223,52.0505954234391,85955,75223,195.5,166.8,293.1,270.2,1020.9,NA,32.2030007685867,14171767,8.144584,85.955,75.223,459.9,195.5,-74.7,75223,343.82,165137.40006381,0.0101976697754063,0.0116525624549014,1961.36084841073,883.563379551467,519.110296053069,0.875143970682334,2.96928625443546,1.3376185213193,0.568611482752603,-0.217264847885521,0.785876330638125,-4.5855960381829,-4.45222916994617,-4.50665212242509,0.0110353433797639,1.05593111640452,0.0544229524789204,-0.0789439157578142,NA,-0.0948228589179905,0.0158789431601763,0.0088370138130878,0.0073525274357733
1996-03-01,145821,76331,52.3456840921404,87161,76331,197.8,165.1,299,276.7,1038.3,NA,32.1457000554753,14225691,8.4212333,87.161,76.331,464.1,197.8,-78.9,76331,348.644,166510.384784688,0.0102505389720612,0.0117049066217372,1983.54461883114,886.606046036342,528.601363797147,0.875747180505042,2.9781094755682,1.3311572836475,0.567340897878638,-0.226305342985968,0.793646240864607,-4.58042499214002,-4.44774715570994,-4.50488497342364,0.0110548617166236,1.05880172197325,0.0571378177136985,-0.0755400187163877,NA,-0.0927055332748765,0.0171655145584888,-0.00777575518714702,0.00517104604288132
1996-06-01,146735,77113,52.5525607387467,88743,77113,198,167.8,308.7,287.1,1065,NA,32.5468050472548,14271160,8.2544902,88.743,77.113,476.5,198,-89.1,77113,354.972,168865.225124168,0.0102819252254197,0.0118326208327962,2026.54254146512,906.711287331578,546.310200614682,0.868947409936558,3.00023663838275,1.34235939736092,0.55779047361482,-0.251005713126669,0.80879618674149,-4.57736775775227,-4.43689508429464,-4.50284527674977,0.0110774332930563,1.06817351274084,0.065950192455122,-0.0745224810025045,NA,-0.0828790257116569,0.00835654470915238,0.00514757400985455,0.00305723438775285
1996-09-01,146976,77335,52.617434138907,89484,77335,199,173.9,319.8,292.2,1076.3,NA,32.6614064734776,14321166,8.5760688,89.484,77.335,493.7,199,-93.2,77335,357.936,170065.305282214,0.0102628515024545,0.0118751018794289,2045.51973621258,938.282164608521,555.329245490399,0.864232711993206,3.00696213848286,1.37929685753878,0.555965312234589,-0.260381744222431,0.81634705645702,-4.57922455363746,-4.4333113497779,-4.50075925894061,0.0111005651345138,1.06977453269536,0.0674479091627074,-0.0784652946968469,NA,-0.0804095596900421,0.00194426499319521,-0.00651571833498099,-0.00185679588518717
1996-12-01,148086,78343,52.903718109747,91061,78343,207.5,181.9,330.9,300.2,1133.8,NA,32.7473575431446,14365039,8.630779,91.061,78.343,512.8,207.5,-92.7,78343,364.244,172125.898242345,0.0103087781383677,0.0119822785195602,2143.13859310979,969.308053048773,567.445939011782,0.860335379580721,3.11274859709426,1.40784748684947,0.56967307628952,-0.254499730949583,0.824172807239103,-4.57475950025887,-4.42432651075996,-4.49846627649519,0.0111260477399198,1.076957316709,0.074139765735227,-0.0762932237636811,NA,-0.0884668432988494,0.0121736195351683,0.000725744135750005,0.00446505337858483
1997-03-01,149556,79490,53.1506592848164,92156,79490,209,183.8,336.4,306.3,1149.2,NA,33.0338611087014,14422371,8.592477,92.156,79.49,520.2,209,-97.3,79490,368.624,173386.372323563,0.0103697235357487,0.0120220435546668,2162.15568247578,978.727276386967,576.286360548497,0.862559138851513,3.11753982377707,1.41119406224228,0.566973392942402,-0.263954598723903,0.830927991666305,-4.56886491710103,-4.42101335145817,-4.49614268874408,0.011151930146543,1.07802357051111,0.0751293372859063,-0.0727222283569482,NA,-0.0849604683033769,0.0122382399464287,0.00233103458420207,0.00589458315784341
1997-06-01,152049,80830,53.1604943143329,93595,80830,209.4,192.5,359.9,316.7,1190.3,NA,33.4636164570367,14455438,8.3311839,93.595,80.83,552.4,209.4,-107.3,80830,374.38,176061.192069776,0.0105184637089516,0.0121795819725266,2239.06872077199,1039.11750092787,595.743143634789,0.863614509322079,3.17938992467546,1.4755061702014,0.559324750253753,-0.286607190555051,0.845931940808804,-4.55462311760752,-4.40799433809998,-4.49349823822476,0.01118145990179,1.08926580960835,0.0855039001247766,-0.0611248793827626,NA,-0.0764433521728743,0.0153184727901117,0.00814292574508248,0.014241799493508
1997-09-01,154341,82256,53.2949767074206,94416,82256,214.2,199.5,374.5,323.4,1232.4,NA,34.065273944706,14497747,8.0676706,94.416,82.256,574,214.2,-109.2,82256,377.664,177157.409258899,0.0106458610430986,0.0122196510436345,2312.41305679829,1077.02458179343,606.811410717759,0.871208269784782,3.26321809862735,1.51986951364176,0.567170818505338,-0.28914590747331,0.856316725978648,-4.54258409681548,-4.40470988181381,-4.49083458753243,0.011211283106866,1.08994224186088,0.0861247057186185,-0.051749509283046,NA,-0.0788237741389891,0.0270742648559431,0.00583446064171853,0.0120390207920451
1997-12-01,156500,83803,53.5482428115016,95030,83803,217.6,198.4,383.3,336.8,1220.1,NA,34.7242321454867,14538122,7.9105709,95.03,83.803,581.7,217.6,-119.2,83803,380.12,177466.140830281,0.0107648016710824,0.0122069508585965,2278.50613939835,1086.310155961,628.965550159302,0.881858360517731,3.20977586025466,1.53030621908871,0.572450805008945,-0.313585183626223,0.886035988635168,-4.53147357182996,-4.40574974697666,-4.48828204231576,0.0112399369685141,1.08603374670082,0.0825322953390986,-0.0431915295142025,NA,-0.0744528064451073,0.0312612769309049,0.00378835110285768,0.0111105249855168
1998-03-01,156949,84516,53.8493395943905,94679,84516,215.8,212.7,392.3,346.6,1229.4,NA,35.5837428421572,14599647,7.8836552,94.679,84.516,605,215.8,-130.8,84516,378.716,175822.026255384,0.0107501914258612,0.0120428957121623,2283.03635524634,1123.50495764116,643.647633584173,0.892658350848657,3.24623200498527,1.59750314219626,0.569820129067692,-0.345377538841771,0.915197667909463,-4.53283171751015,-4.41928036036411,-4.48621199185721,0.0112632283039925,1.06922237453834,0.0669316314930946,-0.0466197256529464,NA,-0.064025193702647,0.0174054680497006,0.00155208939977664,-0.00135814568019477
1998-06-01,159469,86172,54.036834745311,95591,86172,216.9,225.3,404.2,357.2,1260.2,NA,36.3573024691606,14633856,7.8323035,95.591,86.172,629.5,216.9,-140.3,86172,382.364,176899.702676043,0.0108972645350617,0.0120883861831115,2332.11291138653,1164.94610198208,661.030576057188,0.901465619148246,3.29581236727307,1.64633699825297,0.567260516157379,-0.366927848856064,0.934188365013443,-4.51924348132887,-4.41551010687877,-4.48409093530785,0.0112871436020374,1.07098718766451,0.0685808284290816,-0.0351525460210187,NA,-0.0575975509068441,0.0224450048858254,0.0028614286022298,0.0135882361812811
1998-09-01,162633,87938,54.071436916247,97746,87938,220.1,230.2,408.5,365.5,1290,NA,36.3573024691606,14680042,7.6336776,97.746,87.938,638.7,220.1,-145.4,87938,390.984,180771.966817531,0.0110785105383213,0.0123141314457772,2385.73278901044,1181.21514134959,675.957623552958,0.899658298037771,3.2993677490639,1.63357068319931,0.562938636875166,-0.371882225359606,0.934820862234772,-4.50274803464858,-4.39700777805137,-4.48147844059016,0.0113166697567438,1.08814092047168,0.0844706625387888,-0.0212695940584231,NA,-0.0555031065218228,0.0342335124633997,0.00000866003096160195,0.01649544668029
1998-12-01,164167,88886,54.1436464088398,96847,88886,225,255,420.7,377.5,1308.4,NA,36.9589599568299,14726138,7.1837817,96.847,88.886,675.7,225,-152.5,88886,387.388,178870.479591837,0.0111480009218982,0.0121464622694583,2416.53469387755,1247.97653061225,697.219387755102,0.917798176505209,3.37749233326794,1.74424607886667,0.58081303499334,-0.393662168162153,0.974475203155493,-4.49649508666615,-4.41071732283215,-4.47935560705742,0.0113407186796812,1.07104872385387,0.0686382842252682,-0.0171394796087334,NA,-0.055730800251474,0.0385913206427406,0.0126493048942643,0.00625294798243026
1999-03-01,167145,90633,54.2241766131203,98010,90633,226.6,264.2,435.9,386.2,1367,NA,37.6179181576106,14787675,7.0128351,98.01,90.633,700.1,226.6,-159.6,90633,392.04,180749.632584158,0.011302993878348,0.0122229919567585,2521.01568964947,1291.12149548178,712.228426731985,0.924732170186715,3.4868890929497,1.78578716457504,0.578002244668911,-0.407101316192225,0.985103560861136,-4.48268764336902,-4.40443651422875,-4.47710803427256,0.0113662364361118,1.07537723902388,0.0726715200438077,-0.00557960909645772,NA,-0.0512201464067146,0.0456405373102568,-0.00112693060271229,0.0138074432971358
1999-06-01,168204,91708,54.5218900858481,102117,91708,223.8,265,461.6,401.3,1380.3,NA,38.4774288542811,14826586,6.6532679,102.117,91.708,726.6,223.8,-177.5,91708,408.468,187295.41444585,0.0113447559674223,0.0126324033358623,2531.64370829153,1332.67573603175,736.034644742007,0.89806790250399,3.37921208026088,1.77884191662505,0.547900937160316,-0.434550564548508,0.982451501708824,-4.47899967112515,-4.37149007284709,-4.4739394954298,0.0114023079145171,1.10788126671962,0.102449422582703,-0.00506017569535544,NA,-0.0332601490158206,0.0281999733204652,-0.00116071940577729,0.00368797224386608
1999-09-01,170137,93185,54.7705672487466,102453,93185,224.8,264.7,476.6,411.4,1447.1,NA,39.1936877681731,14876295,7.041304,102.453,93.185,741.3,224.8,-186.6,93185,409.812,187058.497193754,0.0114367858394849,0.0125742664550383,2642.11249342705,1353.46416376026,751.13335622686,0.909539008130557,3.53113134803276,1.80887821732892,0.548544210516042,-0.455330737020878,1.00387494753692,-4.47092029059359,-4.37610289829317,-4.4710043975157,0.0114358239670797,1.09955054320841,0.094901499222531,0.0000841069221104718,NA,-0.0283624716366715,0.028446578558782,-0.00911432483189911,0.00807938053156398
1999-12-01,172442,94921,55.0451746094339,104592,94921,229,288.6,512.4,425.7,1512.8,NA,40.4829538131788,14926057,6.684519,104.592,94.921,801,229,-196.7,94921,418.368,190011.20578165,0.0115530846492145,0.0127301675038257,2748.28813012927,1455.1684242686,773.364791774212,0.907535949212177,3.61595533119168,1.91458237723726,0.547364999235123,-0.470160241701086,1.01752524093621,-4.46080280847491,-4.36378070830413,-4.46778768683935,0.0114726689321535,1.10960819832846,0.104006978535223,0.0069848783644435,NA,-0.0243320427299683,0.0313169210944118,0.00544728220855356,0.0101174821186802
2000-03-01,172944,95844,55.4190951984457,106542,95844,228.8,294.5,531.8,435.7,1522.1,NA,41.2278630836265,14991705,6.5651794,106.542,95.844,826.3,228.8,-206.9,95844,426.168,192247.815700513,0.0115359793966063,0.0128236125044158,2746.52625516464,1491.00232878427,786.191110554651,0.899588894520471,3.57159617803308,1.93890672223161,0.536877475549549,-0.485489290608399,1.02236676615795,-4.46228448444961,-4.35646708056811,-4.46444806865121,0.0115110473148886,1.11402656540465,0.107980988083107,0.00216358420160656,NA,-0.0161066428411635,0.0182702270427701,-0.000740208899196819,-0.00148167597469939
2000-06-01,174411,97433,55.8640223380406,105491,97433,230.4,305.9,555.3,454.4,1542.6,NA,42.2019752065197,15033309,6.1149445,105.491,97.433,861.2,230.4,-224,97433,421.964,188835.310428705,0.0116016374039807,0.012561127455619,2761.34788623977,1541.60041464391,813.403655845555,0.923614336768066,3.65576210292821,2.04093240181627,0.546018143727901,-0.530850973068793,1.07686911679669,-4.45660903531574,-4.37714835639601,-4.46182907728356,0.0115412341607287,1.08836951756517,0.0846807208875484,0.00522004196781545,NA,-0.0060418469538531,0.0112618889216685,0.0224294867929336,0.00567544913386531
2000-09-01,176367,100936,57.2306610647117,114682,100936,238.3,297.9,567.6,461.8,1562.1,NA,42.1446744934084,15084714,5.9630669,114.682,100.936,865.5,238.3,-223.5,100936,458.728,200385.593782199,0.0116917695622204,0.0132840167723563,2729.48096516605,1512.30124534358,806.910127209321,0.880138121065206,3.40528592106869,1.88673898257791,0.519479953262064,-0.487216825657034,1.0066967789191,-4.44887014094033,-4.32119371287009,-4.45761001635115,0.0115900301952267,1.14615894424738,0.136416303481059,0.00873987541082411,NA,-0.00954611014374319,0.0182859855545673,-0.0122388543425507,0.00773889437541264
2000-12-01,177440,101881,57.4171550946799,112084,101881,242.1,311.5,571.6,473.4,1580.6,NA,43.1474369728572,15136343,6.2439414,112.084,101.881,883.1,242.1,-231.3,101881,448.336,195209.950432367,0.0117227787451698,0.0128967710650034,2752.83579862781,1538.04206868798,824.492260578518,0.908970058170658,3.525480889333,1.96972806109703,0.539996788123193,-0.515907712073088,1.05590450019628,-4.44622142863791,-4.35077830398454,-4.45440506498015,0.0116272352667667,1.10918638602466,0.103626760995615,0.00818363634223918,NA,-0.00897324643711221,0.0171568827793514,0.00213812375383307,0.00264871230241326
2001-03-01,179005,103697,57.9296667690847,114823,103697,245.5,313.5,578.1,483.2,1663.8,NA,44.0928987391947,15216083,6.4588328,114.823,103.697,891.6,245.5,-237.7,103697,459.292,198211.04868029,0.0117641971327312,0.013026417421638,2872.10352276344,1539.10776589487,834.114931000897,0.903103036848018,3.62253207110074,1.94124870452784,0.534518345627618,-0.517535685359205,1.05205403098682,-4.4426945011432,-4.34077587410513,-4.4509961892539,0.011666938700419,1.11652403052141,0.110220315148774,0.00830168811070209,NA,-0.00710739124759731,0.0154090793582994,-0.00997840620878129,0.00352692749471384
2001-06-01,180066,105146,58.3930336654338,117263,105146,245.4,334.1,606.2,498.9,1718.2,NA,45.6686683497572,15262448,6.9327854,117.263,105.146,940.3,245.4,-253.5,105146,469.052,200816.762958172,0.0117979763141535,0.0131575722949669,2942.47428527952,1610.29482624161,854.382738287714,0.89666817325158,3.66313329865345,2.00468178368283,0.523182930677196,-0.540451804917152,1.06363473559435,-4.43982726101867,-4.33075784616912,-4.44738903896136,0.0117090990954917,1.12370492278375,0.116631192792243,0.0075617779426933,NA,0.00218922729359203,0.00537255064910127,-0.0127094505147891,0.00286724012453465
2001-09-01,180526,105625,58.5095775677742,119930,105625,250.5,324.2,584.9,512.8,1823,NA,48.0466479438789,15314614,6.8417923,119.93,105.625,909.1,250.5,-262.3,105625,479.72,204974.988686391,0.0117878256676923,0.0133842739155156,3115.72921183432,1553.76271337278,876.437706982248,0.880722087884599,3.80013341115651,1.89506378720921,0.522179604769449,-0.546777286750604,1.06895689152005,-4.44068800318005,-4.31367484961376,-4.44337761328093,0.0117561636110896,1.13848993245468,0.129702763667172,0.0026896101008802,NA,0.00324834776253508,-0.000558737661654879,0.00224533691126981,-0.000860742161385097
2001-12-01,181898,107482,59.089159858822,124554,107482,257.4,344.1,618,531.5,1845.6,NA,49.8516204068868,15372471,6.8614224,124.554,107.482,962.1,257.4,-274.1,107482,498.216,210789.932193297,0.0118327105642287,0.0137121697737011,3123.41553748535,1628.21742989524,899.488165460263,0.862934951908409,3.70441736114456,1.93109012958235,0.516643383592659,-0.550162981518056,1.06680636511071,-4.43688750092883,-4.28947153580742,-4.43876043095673,0.0118105694661377,1.16100835044538,0.149288895149306,0.00187293002789257,NA,0.00480420918117972,-0.00293127915328715,-0.00000554458285609641,0.00380050225121753
2002-03-01,184204,109464,59.4254196434388,124829,109464,262.8,360,630.6,552.7,1903.1,NA,51.7425439395618,15437809,6.4303951,124.829,109.464,990.6,262.8,-289.9,109464,499.316,210059.938573412,0.0119320040816673,0.0136068491696854,3202.50157494701,1666.96340714756,930.07336475919,0.876911615089442,3.81141401437166,1.98391399434426,0.526320005767891,-0.580594252938019,1.10691425870591,-4.42853107025231,-4.29718199759377,-4.43451307795584,0.0118608398061686,1.14720790366031,0.13733108036207,0.00598200770352353,NA,0.00992501897527196,-0.00394301127174843,0.022014597181682,0.00835643067651937
2002-06-01,187100,111751,59.7279529663282,120942,111751,263,366.2,630.7,583.2,2007.8,NA,54.2924256730176,15479344,6.4957638,120.942,111.751,996.9,263,-320.2,111751,483.768,202488.104804431,0.0120870755246476,0.0130811812699835,3361.57510894757,1669.06774883446,976.427235550465,0.924004894908303,4.15033652494584,2.06069851664434,0.543649021845182,-0.661887516330142,1.20553653817532,-4.41561853570475,-4.33658062587007,-4.43157510439327,0.0118957378796553,1.099652783402,0.0949944785231907,0.0159565686885141,NA,0.0261569631099175,-0.0102003944214034,0.0179731724381872,0.0129125345475636
2002-09-01,189666,114311,60.2696318791982,123723,114311,276.1,367.5,622.4,609.8,2127,27708,56.3552513450267,15529727,6.3121293,123.723,114.311,989.9,276.1,-333.7,114311,494.892,205282.488281968,0.0122130929925555,0.0132186797798807,3529.14052015991,1642.45237466211,1011.78650173649,0.923926836562321,4.29790742222545,2.00023439457498,0.557899501305335,-0.674288531639226,1.23218803294456,-4.40524670659508,-4.32612431491002,-4.42841158070877,0.0119334299165731,1.10770163082139,0.102287265798749,0.0231648741136885,NA,0.0227673583573935,0.000397515756295,0.00699320743629927,0.0103718291096717
2002-12-01,190589,115586,60.646731972989,124965,115586,286.4,381.4,639.7,627,2148.5,28180.8,59.0483848612608,15585184,6.1821898,124.965,115.586,1021.1,286.4,-340.6,115586,499.86,206053.971804544,0.0122288578691147,0.0132211446335535,3542.64760870694,1683.68511670964,1033.85620230824,0.924946985155844,4.29820349697915,2.04277197615332,0.572960428920098,-0.681390789421038,1.25435121834114,-4.40395672128789,-4.32593786483067,-4.42533736923242,0.0119701722516919,1.10450746702369,0.0993995044017542,0.021380647944536,NA,0.0184759100225812,0.00290473792195476,0.00666682889504292,0.00128998530719038
2003-03-01,191715,117252,61.1595336828104,127693,117252,290.9,386.1,632.9,648.5,2235.8,30750.4,61.0539098201585,15656558,6.1313195,127.693,117.252,1019,290.9,-357.6,117252,510.772,208786.745599222,0.0122450285688591,0.0133354180145612,3655.68516528503,1666.13435165285,1060.34163596357,0.918233575842059,4.37729554478319,1.99501930411221,0.569530044716625,-0.700116686114352,1.26964673083098,-4.40263525547667,-4.31733177466578,-4.42209720139543,0.0120090205222957,1.11045009789124,0.104765426729647,0.0194619459187511,NA,0.0242618504774752,-0.00479990455872419,0.00472860110141721,0.0013214658112144
2003-06-01,193173,118069,61.1208605757533,129477,118069,297.4,408,664.8,680.3,2357,33127.3,64.1194979716165,15699404,6.0546379,129.477,118.069,1072.8,297.4,-382.9,118069,517.908,211837.658665695,0.0123044798388525,0.0134933567328859,3856.29387053333,1755.21088854822,1113.04061099865,0.911891687326707,4.55100133614464,2.07141036631989,0.574233261505904,-0.739320497076701,1.31355375858261,-4.39779186837293,-4.30555780851598,-4.41860101960904,0.0120510797215795,1.11968031451354,0.113043211093064,0.0208091512361133,NA,0.0314291675253163,-0.0106200162892031,0.0100087575448601,0.00484338710374566
2003-09-01,195769,119985,61.2890702818117,131183,119985,309.7,427.3,681.5,707.6,2477.2,37544.2,69,15749578,5.7753979,131.183,119.985,1108.8,309.7,-397.9,119985,524.732,214039.794365962,0.0124301108258266,0.0135901923445798,4041.82995207734,1809.13170146268,1154.52885277326,0.914638329661618,4.7208860904233,2.11307867635288,0.590206048039761,-0.758291851840559,1.34849789988032,-4.38763345750356,-4.29840689752853,-4.41499519594663,0.0120946122281009,1.12365672319812,0.116588298418097,0.027361738443064,NA,0.0294066760644447,-0.00204493762138071,0.0143624781904928,0.0101584108693658
2003-12-01,200296,123298,61.5578943164117,134503,123298,321,448.3,713.1,740.2,2573.7,37187.4,71.6,15803193,5.6813793,134.503,123.298,1161.4,321,-419.2,123298,538.012,218498.377005304,0.0126744006733323,0.013826217081909,4180.94223101753,1886.67921945206,1202.44528865026,0.916693307955956,4.78372229615696,2.15868791030683,0.596640967115975,-0.779164776993822,1.3758057441098,-4.36817101477807,-4.28118870059079,-4.41098100108595,0.012143259933709,1.13859187379562,0.129792300495165,0.042809986307887,NA,0.0308663509267241,0.011943635381163,0.00523660527809379,0.0194624427254979
2004-03-01,204222,126281,61.8351597771053,137028,126281,323.5,470.1,739.2,769.2,2632.3,33218.9,71.3,15868106,5.4374991,137.028,126.281,1209.3,323.5,-445.7,126281,548.112,221602.079616094,0.0128699669639212,0.0139652507751142,4256.96320586628,1955.68347257307,1243.95247424395,0.921570773856438,4.80248562337624,2.20630090200543,0.590207840733281,-0.81315497562542,1.4033628163587,-4.35285882428328,-4.27118312234457,-4.40678706472371,0.0121942949370743,1.14522822739473,0.135603942379142,0.0539282404404258,NA,0.0420404487890665,0.0118877916513593,0.00846090881012006,0.0153121904947806
2004-06-01,205404,127401,62.0245954314424,142774,127401,329.4,488.8,787.8,799.2,2663.1,32250.9,70.6,15907206,5.4631942,142.774,127.401,1276.6,329.4,-469.8,127401,571.096,230189.328937763,0.0129126384608334,0.0144707580286421,4293.61929969152,2058.21576282761,1288.52110109026,0.892326333926345,4.66313894686708,2.23535097426702,0.576785689271156,-0.822628769944108,1.39941445921526,-4.34954872158644,-4.23562535348818,-4.40165221338664,0.0122570718659,1.18060481222278,0.166026859898463,0.0521034918002012,NA,0.0476042652073818,0.00449922659281946,-0.00622718815623947,0.00331010269684118
2004-09-01,207829,129169,62.1515765364795,141689,129169,337.9,507.9,802.8,824.9,2727.8,32558.6,70.6,15961847,5.3705646,141.689,129.169,1310.7,337.9,-487,129169,566.756,227973.29994813,0.0130203603630582,0.0142823884947732,4388.94739604704,2108.87651294041,1327.2390596815,0.911637459506384,4.81300594965029,2.31263541982793,0.596200128450338,-0.859276302324104,1.45547643077444,-4.34124096493049,-4.24872807451861,-4.3970644892206,0.0123134331167866,1.15990303916967,0.148336414701992,0.0558235242901128,NA,0.0499824000870664,0.00584112420304646,0.0145016822852228,0.0083077566559524
2004-12-01,210683,131616,62.4711058794492,145706,131616,346.8,530.7,844,851,2793.5,33793.7,71.8,16018797,5.0685483,145.706,131.616,1374.7,346.8,-504.2,131616,582.824,233237.427045344,0.0131522360886401,0.0145602336458439,4471.66727829443,2200.53732145028,1362.22976689764,0.903298422851496,4.79304215337735,2.35868804304559,0.595033835257299,-0.865098211466927,1.46013204672423,-4.33116349005083,-4.22946118923768,-4.39203639022112,0.0123755021914795,1.1765367918458,0.162575200983432,0.0608729001702875,NA,0.0512373165687433,0.00963558360154417,0.00631405873485269,0.0100774748796626
2005-03-01,209979,131780,62.7586568180628,147886,131780,349.8,551,865.5,873.7,2832.5,35800.2,71.7,16095334,5.1627127,147.886,131.78,1416.5,349.8,-523.9,131780,591.544,235642.391819699,0.0130459548090148,0.0146404163976777,4513.32157762938,2257.05914023372,1392.15853923205,0.89109178691695,4.78831667635882,2.39458096101051,0.591333865274603,-0.885648404852386,1.47698227012699,-4.33927716958673,-4.22396932838913,-4.38699437836616,0.0124380571892381,1.17706617479981,0.16302504997703,0.0477172087794298,NA,0.0577696885363195,-0.0100524797568898,-0.00000116060357427221,-0.00811367953589848
2005-06-01,213766,134980,63.143811457388,151346,134980,357.3,563.2,889.5,906.6,2860.3,35316.7,72.2,16141515,4.949962,151.346,134.98,1452.7,357.3,-549.3,134980,605.384,239684.612801897,0.0132432426572103,0.0148489539427926,4529.81841606164,2300.621337976,1435.7701555786,0.891863676608566,4.72476973292984,2.39963395134328,0.590203903638021,-0.907357974442668,1.49756187808069,-4.32426784477316,-4.20982585777734,-4.38167932274849,0.0125043421530645,1.18750380955895,0.171853464971155,0.057411477975335,NA,0.0632792926980659,-0.00586781472273089,0.0142001166634086,0.0150093248135699
2005-09-01,215051,136993,63.702563577942,152794,136993,366.9,596.4,941,929.7,2893.1,35899.9,72.1,16203615,5.0021776,152.794,136.993,1537.4,366.9,-562.8,136993,611.176,239855.339280109,0.0132717915107215,0.0148025819719926,4541.57546808961,2413.4036585811,1459.43891074726,0.896586253386913,4.73366100763119,2.51547835647997,0.600318075317093,-0.920847677264814,1.52116575258191,-4.32211443517447,-4.21295365586095,-4.37661755274187,0.0125677967178504,1.17781838012768,0.163663896880915,0.0545031175673962,NA,0.0628683556848207,-0.00836523811742443,0.0043904569552127,0.00215340959868815
2005-12-01,215597,138362,64.1762176653664,153036,138362,378,621.4,981.6,959.7,2962,37924.6,73.5,16266838,5.0698086,153.036,138.362,1603,378,-581.7,138362,612.144,238462.168023012,0.0132537743352457,0.0146594051052216,4615.41690637603,2497.81002731964,1495.41377618132,0.904114064664523,4.83873075616195,2.61866488930709,0.617501764290755,-0.950266603936329,1.56776836822708,-4.32347291162328,-4.22267316279983,-4.3719992210436,0.0126259732075693,1.16105149791013,0.149326058243777,0.0485263094203194,NA,0.0638617093930793,-0.0153353999727598,0.00903511793720271,-0.00135847644881526
2006-03-01,218058,141416,64.8524704436434,156333,141416,380.6,632.9,1047.4,979.5,3061.6,39858.9,74.3,16348668,4.8670208,156.333,141.416,1680.3,380.6,-598.9,141416,625.332,241059.436796402,0.0133379673500006,0.0147448976758475,4720.86873338236,2590.95758188607,1510.35109888556,0.904581886102103,4.89595926643767,2.68705263763889,0.608636692189109,-0.957731253158322,1.56636794534743,-4.31714062266821,-4.21685817632206,-4.36734498970196,0.0126848743712861,1.16239997687517,0.1504868133799,0.0502043670337473,NA,0.0697991863048393,-0.019594819271092,0.0119055878421593,0.00633228895507454
2006-06-01,221464,145362,65.6368529422389,157966,145362,388.7,633.8,1077.5,1023.4,3164.3,41420.9,77,16396425,4.8081098,157.966,145.362,1711.3,388.7,-634.7,145362,631.864,240666.626931385,0.0135068467669019,0.0146779939487654,4820.91973968437,2607.22433098059,1559.18505248965,0.920210678247218,5.00788144284213,2.70833597103174,0.615164022637783,-1.0044883076105,1.61965233024828,-4.30455855418527,-4.22140591712496,-4.36296681752465,0.0127405326872697,1.1520706636883,0.141560900399686,0.0584082633393743,NA,0.0794825735069939,-0.0210743101676196,0.0155178983979462,0.0125820684829367
2006-09-01,223974,148048,66.1005295257485,164882,148048,405,642.2,1119.5,1052.3,3232.1,40466.1,78.4,16475659,4.6660416,164.882,148.048,1761.7,405,-647.3,148048,659.528,249441.269507187,0.013594236200203,0.0151399873903185,4889.67338565871,2665.18288528045,1591.9690924565,0.897902742567412,4.90062590216033,2.67115270314528,0.614075520675392,-0.981459467983164,1.59553498865856,-4.29810938488107,-4.19041586384515,-4.35779028891426,0.0128066554146776,1.18219682657867,0.167374425069116,0.0596809040331916,NA,0.0722682911351567,-0.0125873871019651,0.00146824779146077,0.00644916930420258
2006-12-01,226908,150588,66.3652229097255,168327,150588,416.7,672,1192,1081.6,3326.6,38776.5,79.8,16553060,4.5680416,168.327,150.588,1864,416.7,-664.9,150588,673.308,253637.360984939,0.0137079186567317,0.015322687224292,5012.56509682046,2808.69997609371,1629.76925651446,0.894615837031492,4.94068093651048,2.76842099009666,0.61888467090841,-0.987512401456688,1.6063970723651,-4.28978160898711,-4.1784207237662,-4.35240920195982,0.0128757548894632,1.19004185430955,0.173988478193623,0.0626275929727127,NA,0.0712993063781045,-0.00867171340539183,0.00839704426316955,0.00832777589396283
2007-03-01,231761,154912,66.8412718274429,171839,154912,420.4,673.4,1244,1103.7,3434.4,42788.3,80.5,16654145,4.4596097,171.839,154.912,1917.4,420.4,-683.3,154912,687.356,257085.174027835,0.0139161151773327,0.0154367080404209,5138.14280623838,2868.58694871927,1651.22531308097,0.901495004044484,4.99653745657272,2.78952973422797,0.611619015473786,-0.994099127671833,1.60571814314562,-4.27470774511468,-4.17100696693525,-4.34696713490908,0.0129460166220239,1.19239056237266,0.175960167973831,0.0722593897944011,NA,0.0761007210337276,-0.00384133123932652,0.00692588517859622,0.0150738638724253
2007-06-01,233695,158202,67.6959284537538,177130,158202,403.1,686,1344.2,1155.9,3541.2,47243.8,84.1,16727947,4.3240941,177.13,158.202,2030.2,403.1,-752.8,158202,708.52,261655.322625504,0.0139703335980201,0.0156418072478054,5231.03838130997,2998.99867890419,1707.48821443471,0.893140631174843,4.99802405013267,2.86540958617964,0.568932422514537,-1.06249647151809,1.63142889403263,-4.2708192263978,-4.15780799761197,-4.34129236079017,0.0130196911876406,1.20139617924685,0.183484363178204,0.0704731343923717,NA,0.111227584059316,-0.0407544496669447,0.0105504348668932,0.00388851871688445
2007-09-01,237749,161599,67.9704225885282,179007,161599,435.2,691.5,1392.9,1176.7,3697.3,47137.4,87.1,16808153,4.2134049,179.007,161.599,2084.4,435.2,-741.5,161599,716.028,263360.139870915,0.0141448617227604,0.0156685948700559,5439.57188905872,3066.62798408406,1731.19418003824,0.902752406330479,5.16362488617764,2.911059344048,0.607797460434508,-1.03557402783131,1.64337148826582,-4.25840384997378,-4.15609689670144,-4.33573649686751,0.0130922281363155,1.19678596392573,0.17963960016607,0.0773326468937254,NA,0.0881941398525976,-0.0108614929588722,0.0126144486772799,0.0124153764240162
2007-12-01,240547,164904,68.5537545677144,183462,164904,453.3,677.7,1398,1209.9,3795.9,46023.5,90.4,16890726,4.3083917,183.462,164.904,2075.7,453.3,-756.6,164904,733.848,267617.727368651,0.0142413653504296,0.0158440630301297,5537.11466853442,3027.84291405909,1764.89239375637,0.898845537495503,5.17259705007031,2.82851489681787,0.617702848546293,-1.03100369558819,1.64870654413448,-4.25160449624424,-4.14496042106011,-4.33001321459328,0.0131673734874448,1.20328196395714,0.185052793533172,0.0784087183490465,NA,0.0821515462650813,-0.00374282791603475,-0.0014178734889999,0.00679935372954343
2008-03-01,241808,167251,69.1668596572487,188462,167251,464.7,630.6,1322.3,1233.4,3775.4,42412.8,90.8,17006460,4.0570579,188.462,167.251,1952.9,464.7,-768.7,167251,753.848,272474.420457875,0.0142185969331654,0.0160218187946154,5458.39440840414,2823.46200142301,1783.22394006613,0.887452112362174,5.00817140855982,2.59057528838705,0.61643726586792,-1.01970158440428,1.6361388502722,-4.25320452802887,-4.13380381103875,-4.32412693248665,0.0132451089243008,1.20964039527226,0.190323121447898,0.0709224044577752,NA,0.0798526001112445,-0.0089301956534693,0.00741223737531738,-0.00160003178463608
2008-06-01,240834,167822,69.6836825365189,191163,167822,483.6,619.5,1320.4,1268.6,3719.9,36777.3,90,17094322,4.2435273,191.163,167.822,1939.9,483.6,-785,167822,764.652,274329.64654217,0.014088537702753,0.0160479980745753,5338.2655229946,2783.86550392678,1820.51228325249,0.877900012031617,4.86482739860747,2.53697106657669,0.632444563016902,-1.0266107981147,1.6590553611316,-4.26239374108665,-4.13217116774167,-4.3183682595443,0.013321603216092,1.20465966552659,0.186197091802628,0.0559745184576501,NA,0.0746840038810911,-0.018709485423441,0.00282710887846721,-0.00918921305777598
2008-09-01,240096,168736,70.2785552445688,193966,168736,508.7,608.3,1272.4,1282.8,3652.1,35212.4,88,17194287,4.2892907,193.966,168.736,1880.7,508.7,-774.1,168736,775.864,275995.998103546,0.0139637078292342,0.0160516105206076,5196.60654276503,2676.06525696947,1825.30787028257,0.86992565707392,4.70713939556417,2.4240073002485,0.655656145922481,-0.997726405658724,1.6533825515812,-4.27129361310102,-4.13194609047714,-4.31277559447229,0.0133963152059338,1.19821087171028,0.180829503995145,0.0414819813712652,NA,0.0578086406924125,-0.0163266593211472,0.00557441713832712,-0.00889987201437048
2008-12-01,239618,169525,70.7480239381015,206410,169525,545.5,574.7,1179.7,1292.7,3434.4,36366.3,86.8,17288803,4.5700887,206.41,169.525,1754.4,545.5,-747.2,169525,825.64,291753.731779973,0.0138597218095434,0.016875299682689,4854.41120306739,2479.78657543135,1827.18884294352,0.821302262487283,4.1596821859406,2.12489704956155,0.660699578508793,-0.904994913037159,1.56569449154595,-4.27876835688333,-4.08190428340707,-4.30584945514033,0.0134894220147451,1.25100242725321,0.223945171733263,0.0270810982570024,NA,0.0283988433680769,-0.00131774511107448,-0.0191831307080218,-0.00747474378230617
2009-03-01,240725,171287,71.1546370339599,204169,171287,555.9,565.5,1161.1,1305,3448.8,42863,86.6,17398656,5.711259,204.169,171.287,1726.6,555.9,-749.1,171287,816.676,286937.02689054,0.0138358388142165,0.0164919075870309,4846.90828842819,2426.54600173977,1834.03366863802,0.838947146726486,4.22297214562446,2.11417991957643,0.680686098281326,-0.917254823210184,1.59794092149151,-4.28049303771369,-4.10488546765604,-4.2998205355158,0.0135709943051632,1.21523207630825,0.194935067859761,0.0193274978021067,NA,0.0233612699596152,-0.00403377215750841,-0.0183214591754657,-0.00172468083036659
2009-06-01,244539,174836,71.496162166362,210782,174836,560,582.7,1281.5,1332.3,3602.8,46289.5,90.2,17474718,5.8615471,210.782,174.836,1864.2,560,-772.3,174836,843.128,294815.824532705,0.0139938738925572,0.0168709918256023,5039.15160035691,2607.41268274268,1863.45666624723,0.829463616437836,4.27313527720583,2.21105217713087,0.66419333719198,-0.915993775559583,1.58018711275156,-4.26913562423561,-4.08215959188202,-4.29329070720679,0.013659900523225,1.23507428161118,0.211131115324767,0.0241550829711805,NA,0.0285723432916631,-0.00441726032048256,-0.00587469544933826,0.0113574134780867
2009-09-01,245667,176634,71.8997667574399,206635,176634,574.7,616.9,1393.5,1360.8,3823.6,48156.8,94,17559802,5.6620719,206.635,176.634,2010.4,574.7,-786.1,176634,826.54,287393.14370393,0.0139903058132432,0.0163665366901022,5317.95883691702,2796.11477292028,1892.63479058392,0.854811624361797,4.62603140803833,2.43230817625281,0.695308152055557,-0.951073148304982,1.64638130036054,-4.2693906311267,-4.11251647442292,-4.28786748022327,0.0137341825063009,1.19166442433641,0.175351005800349,0.018476849096567,NA,0.0271968892990392,-0.00872004020247222,0.0193891736246956,-0.000255006891097587
2009-12-01,248968,180412,72.4639311076122,210485,180412,584.5,618.4,1440.1,1384.3,4116.3,46365.8,99.2,17626541,5.4912535,210.485,180.412,2058.5,584.5,-799.8,180412,841.94,290468.646653216,0.01412460902,0.0164790497836879,5680.48122297852,2840.72361040286,1910.32970312396,0.857125210822624,4.88906572914935,2.44494857115709,0.694229992636055,-0.949948927477017,1.64417892011307,-4.25983668233273,-4.10566541491994,-4.28240141826417,0.0138094599469882,1.19331602010127,0.176736003344229,0.022564735931442,NA,0.0275492632999264,-0.00498452736848433,0.00644382283987368,0.00955394879397442
2010-03-01,250171,182570,72.978082991234,214342,182570,595.2,620.6,1464,1405.3,4309.4,43385.8,102.3,17713963,5.4225845,214.342,182.57,2084.6,595.2,-810.1,182570,857.368,293707.358722682,0.014122813737389,0.0165805561817354,5905.06056526264,2856.4740461193,1925.64663581092,0.851769601851247,5.02631308842877,2.43139468699555,0.694217652163365,-0.944868481212268,1.63908613337563,-4.25996379358312,-4.09952458449773,-4.27691511325118,0.0138854310661301,1.19409733142382,0.177390528753447,0.0169513196680606,NA,0.0263462318141254,-0.00939491214606477,0.00297324516891872,-0.000127111250387557
2010-06-01,253795,186115,73.3328079749404,216245,186115,602.4,597.4,1422.5,1436.3,4279.6,41748.5,104.3,17772774,5.1441805,216.245,186.115,2019.9,602.4,-833.9,186115,864.98,294881.657980281,0.0142799880311312,0.0165917632205463,5835.85998979126,2754.42882357682,1958.60494049378,0.860667298665865,4.94762884690976,2.33519850169946,0.696432287451733,-0.964068533376494,1.66050082082823,-4.24889616022713,-4.09884889829675,-4.27157312680255,0.0139598053269987,1.18853829490425,0.172724228505793,0.0226769665754176,NA,0.0310294889626874,-0.00835252238726982,0.0160741177730878,0.0110676333559896
2010-09-01,256335,188069,73.3684436382078,221023,188069,629.6,609,1465.2,1456.4,4297.1,40724,103,17835966,5.0544962,221.023,188.069,2074.2,629.6,-826.8,188069,884.092,301250.768095752,0.014371803579352,0.0168900730185151,5856.87768053215,2827.10099484764,1985.04960413465,0.850902394773395,4.86046701022066,2.3461359225058,0.712143080131932,-0.935196789474399,1.64733986960633,-4.24248707672156,-4.08102922499149,-4.26585680974821,0.0140398325127321,1.20301100481065,0.184827584756729,0.0233697330266533,NA,0.0161547670440483,0.00721496598260508,0.000386502267502658,0.00640908350556746
2010-12-01,259199,190416,73.4632463859814,227103,190416,643.3,614.2,1513.9,1482.2,4320.7,40545.2,103.6,17898977,4.8769832,227.103,190.416,2128.1,643.3,-838.9,190416,908.412,309138.257798714,0.0144812186752349,0.0172712807999426,5881.44441275943,2896.82270344929,2017.60754243341,0.838456559358529,4.7563220212855,2.34265949811319,0.708158853031444,-0.92347965460606,1.6316385076375,-4.2349027329117,-4.05871022628789,-4.2596424122444,0.0141273532755967,1.22254186350509,0.200932185956511,0.0247396793327033,NA,0.0138929166101886,0.0108467627225146,0.00148180139779906,0.00758434380986017
2011-03-01,260732,193646,74.2701317828268,232098,193646,651.6,616.1,1542.9,1507.6,4306.3,38589.2,102.7,17980904,4.9264364,232.098,193.646,2159,651.6,-856,193646,928.392,312505.167863008,0.0145004945246357,0.0173798362898221,5798.15855530194,2906.95592989269,2029.88733668653,0.834328602573051,4.63845013744194,2.32552628631009,0.701858697619109,-0.922024317314238,1.62388301493335,-4.23357252498989,-4.05244457864713,-4.25342647723649,0.0142154414770312,1.22260264079057,0.200981898589355,0.0198539522465984,NA,0.0161718618509003,0.00368209039569811,-0.00165637397228989,0.00133020792181338
2011-06-01,262484,196321,74.7935112235412,233854,196321,652.1,607.2,1541.5,1535,4315.6,38672.3,102,18045907,4.9167436,233.854,196.321,2148.7,652.1,-882.9,196321,935.416,312666.16070619,0.0145453481501373,0.0173261538312367,5770.01925621813,2872.84279725552,2052.31707254955,0.839502424589701,4.61356230810677,2.29705286204213,0.697122991268056,-0.943858133707356,1.64098112497541,-4.23048405125149,-4.05553813691822,-4.24748982702694,0.0143000845803077,1.21161198270786,0.191951690108717,0.0170057757754449,NA,0.024444751183457,-0.00743897540801207,0.00657484179717278,0.00308847373839427
2011-09-01,264235,198599,75.159990160274,237259,198599,675.8,591.9,1470.4,1554.5,4185.1,39040.6,100.2,18112784,5.2219241,237.259,198.599,2062.3,675.8,-878.7,198599,949.036,315671.941273622,0.0145883150817677,0.017428129285571,5568.25511961289,2743.88008247776,2068.25466140313,0.837055707054316,4.40984325146781,2.17304717629258,0.712091006031383,-0.925886899970075,1.63797790600146,-4.22753440757361,-4.04966975248667,-4.24155522479073,0.0143852022140692,1.21153175507854,0.19188547230406,0.0140208172171201,NA,0.0129831087958275,0.00103770842129261,-0.00634186141514868,0.00294964367788353
2011-12-01,265385,200001,75.3625864310342,241023,200001,691.2,596.6,1485.9,1571,4167.6,38597.6,99.4,18195067,5.1967788,241.023,200.001,2082.5,691.2,-879.8,200001,964.092,319817.845185774,0.0145855467308804,0.0175771732627186,5530.0649796751,2763.30749596252,2084.58875205624,0.829800475473295,4.32282396285832,2.16006356239861,0.716944026088797,-0.912568510059206,1.629512536148,-4.22772419053161,-4.04115419244554,-4.23554319382037,0.0144719469901563,1.21456865995118,0.194389001374834,0.0078190032887635,NA,0.00739122441282068,0.000427778875942825,0.00111566983501025,-0.000189782958001317
2012-03-01,269320,203833,75.6843160552503,240463,203833,701.4,615,1551,1586.3,4193.2,40285.1,100,18292117,5.1831604,240.463,203.833,2166,701.4,-884.9,203833,961.852,317718.402613905,0.0147232821657548,0.0173691433645381,5540.38170463075,2861.8875255724,2095.94283555656,0.847668872134175,4.35950645213609,2.2519056985898,0.729218216523956,-0.919996007701809,1.64921422422576,-4.2183252173192,-4.05306001689757,-4.23006869851269,0.0145513908551685,1.19364145581787,0.177008681615119,0.0117434811934869,NA,0.00541805386607288,0.00632542732741402,0.00762398718342832,0.00939897321240757
2012-06-01,270480,206577,76.3742236024845,245459,206577,710.5,610.7,1674,1610.3,4221,39834.8,100.4,18369580,5.1625907,245.459,206.577,2284.7,710.5,-899.8,206577,981.836,321389.846497916,0.0147243431804102,0.0174957645464902,5526.73376029277,2991.45430517434,2108.43387211548,0.841594726614221,4.29908864616901,2.32696702911688,0.723644274603905,-0.916446331159175,1.64009060576308,-4.21825315618399,-4.04579645326051,-4.22454053115512,0.0146320561392647,1.19571469518497,0.178744077894613,0.00628737497113541,NA,0.00683398171186562,-0.000546606740730218,-0.00135221919166251,0.0000720611352136302
2012-09-01,271290,208903,77.0035755096023,242304,208903,733,626.5,1725,1617.1,4206.3,40900.9,100.2,18450717,5.4885624,242.304,208.903,2351.5,733,-884.1,208903,969.216,314665.907909413,0.0147034936365888,0.0170543999948301,5462.47362172874,3053.75430223597,2100.03235472923,0.86215250264131,4.33989946513471,2.42618776413101,0.756281365557316,-0.912180566561014,1.66846193211833,-4.21967015108169,-4.07134704433254,-4.21994472655045,0.014699456972141,1.16020612374677,0.148597682217907,0.000274575468754534,NA,-0.00635649291811122,0.00663106838686576,-0.000223613443929662,-0.00141699489770364
2012-12-01,271886,210348,77.366249089692,246628,210348,745.6,641.1,1783.3,1631.9,4312.9,41694.9,102.4,18526774,5.4321685,246.628,210.348,2424.4,745.6,-886.3,210348,986.512,318779.833456938,0.0146753018091547,0.0172064404443503,5574.65309582216,3133.66620267366,2109.31771825736,0.852895859350925,4.37186775224224,2.45754739932206,0.755794151515643,-0.898417860096988,1.65421201161263,-4.2215893472679,-4.06247152081058,-4.21522053037825,0.0147690643805701,1.16503253022492,0.152749009567671,-0.00636881688964408,NA,-0.00983425440373699,0.00346543751409291,-0.00097436750998529,-0.00191919618620329
2013-03-01,273552,212524,77.6905305024273,250783,212524,755.3,664,1851.3,1647,4368.2,44490.8,103.1,18619113,5.6404629,250.783,212.524,2515.3,755.3,-891.7,212524,1003.132,322797.383900171,0.0146919995598072,0.0173368830137167,5622.56425815437,3237.58891042894,2119.94948335247,0.847441812244052,4.35456151334022,2.50744667700761,0.752941786325229,-0.888915915353114,1.64185770167834,-4.22045218098611,-4.05491908078239,-4.21041148689038,0.014840260508878,1.16823306459783,0.155492406107984,-0.0100406940957365,NA,-0.0115448344102715,0.00150414031453496,-0.00497395639583457,0.00113716628178384
2013-06-01,274290,213978,78.0115935688505,252282,213978,761.7,661,1798.7,1683.4,4447.4,47780,105.7,18691919,5.695248,252.282,213.978,2459.7,761.7,-921.7,213978,1009.128,323390.394246137,0.0146742557572607,0.0173010804426307,5700.94750862238,3152.99289179261,2157.88438998402,0.848169905106191,4.4071713400084,2.43745094774895,0.754810093466835,-0.913362824141239,1.66817291760807,-4.22166062956182,-4.05698632609728,-4.20580873206658,0.0149087240290519,1.16046687891713,0.148822405969306,-0.0158518974952351,NA,-0.00578574787216402,-0.0100661496230711,0.0052321809700693,-0.00120844857570557
2013-09-01,276681,217452,78.593036746289,255284,217452,788,682.1,1887.2,1694.2,4530.9,48900.2,108.3,18767916,5.706719,255.284,217.452,2569.3,788,-906.2,217452,1021.136,324817.579990067,0.0147422335010451,0.0173070670174604,5765.01454527896,3269.11913111859,2155.66171017052,0.851804265053822,4.43711709311982,2.51611930242397,0.771689569264035,-0.887443004653641,1.65913257391768,-4.21703887717041,-4.05664036277195,-4.20133368098774,0.0149755908351987,1.15568508834935,0.144693318215794,-0.0157051961826706,NA,-0.0192279358290968,0.00352273964642614,0.00219994203199437,0.00462175239140361
2013-12-01,277930,219587,79.0080236030655,259998,219587,808.4,690.8,1940.5,1730.1,4703.7,52530.6,112.6,18825023,5.9002397,259.998,219.587,2631.3,808.4,-921.7,219587,1039.992,329077.969734092,0.0147638597838632,0.0174808800889163,5953.44597357767,3330.42124078383,2189.77759612363,0.844571881322164,4.52282325248656,2.53011561627397,0.777313671643628,-0.886256817360134,1.66357048900376,-4.21557299102399,-4.04664756168601,-4.19669309740869,0.0150452478156296,1.16188714889471,0.150045535722683,-0.0188798936152992,NA,-0.0227309112485748,0.0038510176332756,-0.00557540991363581,0.0014658861464234
2014-03-01,280126,222395,79.3910597374039,263299,222395,818.1,710.2,1986.6,1751.9,4779.7,53574.7,114.2,18920596,5.8752718,263.299,222.395,2696.8,818.1,-933.8,222395,1053.196,331648.174077655,0.0148053475693895,0.0175284210961248,6020.45118910047,3396.85603003665,2206.67164009982,0.844648099688947,4.53828157342033,2.5605870132435,0.776778491372926,-0.8866345865347,1.66341307790763,-4.21276684121719,-4.04393165278056,-4.19211025406985,0.0151143560645483,1.15972000535563,0.148178601289287,-0.0206565871473421,NA,-0.0222060989151068,0.00154951176776467,0.00304211978954228,0.00280614980680127
2014-06-01,281366,224095,79.6453729306313,267755,224095,825.2,725.5,2012.8,1790.1,4873.9,53808.6,116.4,18975993,6.0488064,267.755,224.095,2738.3,825.2,-964.9,224095,1071.02,336183.999330641,0.014827471742849,0.0177162796872154,6119.50176219907,3438.11561079007,2247.58819518508,0.836940486638905,4.55070867023958,2.55672162984818,0.77048047655506,-0.900916882971373,1.67139735952643,-4.21127361997912,-4.03327130577919,-4.18734508562113,0.0151865503896412,1.16657695346665,0.154073779841941,-0.0239285343579967,NA,-0.0167026409522665,-0.00722589340573014,-0.00224610804608272,0.00149322123806517
2014-09-01,283963,226244,79.6737603138437,269340,226244,854.7,738.6,2064,1812,4955.8,55192,117.8,19046274,6.2367418,269.34,226.244,2802.6,854.7,-957.3,226244,1077.36,338053.581177843,0.0149091103068243,0.0177490663621579,6220.11560704372,3517.59473754,2274.27448241721,0.839994059552981,4.59994802108859,2.60135887725551,0.793328135442192,-0.888560926709735,1.68188906215193,-4.20578282288967,-4.03142236375915,-4.18266740396527,0.0152577546433972,1.16328167394138,0.151245040206118,-0.0231154189244034,NA,-0.0297486867282861,0.00663326780388274,-0.000966464562417934,0.0054907970894531
2014-12-01,285727,228393,79.9339929373143,272614,228393,880.2,763.2,2123.7,1845.1,5123.9,56767.5,120.2,19109496,6.1050227,272.614,228.393,2886.9,880.2,-964.9,228393,1090.456,341048.895447759,0.0149520950212397,0.017847090025177,6410.16395117188,3611.60489288201,2308.27953439904,0.837788961682085,4.69885992648947,2.64742456366878,0.807185250940891,-0.88485917817867,1.69204442911956,-4.20290385376348,-4.02591480784592,-4.17796482608169,0.0153296743945144,1.16421846712957,0.152050018235764,-0.0249390276817936,NA,-0.036521570410756,0.0115825427289625,0.00395507530767161,0.0028789691261899
2015-03-01,286815,230033,80.2025696006136,273961,230033,894.1,798.1,2229.7,1877.5,5247.4,58178,122.1,19198121,6.1036894,273.961,230.033,3027.8,894.1,-983.4,230033,1095.844,341586.312463864,0.0149397433217553,0.0177926950488469,6542.68314111453,3775.19076393387,2340.94744014989,0.839656009431999,4.78845529108158,2.7629845123941,0.815900803399024,-0.897390504487865,1.71329130788689,-4.20373028003046,-4.02896729643155,-4.17349490019218,0.0153983502766732,1.15549359049202,0.144527603760634,-0.0302353798382722,NA,-0.0365335584847364,0.00629817864646422,0.00325057303355051,-0.0008264262669746
2015-06-01,288596,232615,80.6022952501074,277895,232615,900.5,798.2,2242,1920.7,5469.8,58332.1,127.8,19256097,6.0080624,277.895,232.615,3040.2,900.5,-1020.2,232615,1111.58,344773.060292758,0.014987253128191,0.0179046179655596,6786.15910753821,3771.85288652924,2382.93462244481,0.837060760359129,4.92074344626568,2.73502581910434,0.810108134367297,-0.917792691484194,1.72790082585149,-4.2005552306113,-4.02269661250555,-4.16897095156158,0.0154681694323806,1.15751369571105,0.146274339056029,-0.0315842790497198,NA,-0.0289272696882928,-0.00265700936142701,0.00561431141572722,0.00317504941915203
2015-09-01,291247,235310,80.793965259728,279299,235310,937.7,799.1,2217.4,1939.3,5596.1,59715.2,130.4,19326545,6.1742067,279.299,235.31,3016.5,937.7,-1001.6,235310,1117.196,345692.898104628,0.0150697913155197,0.0178869476207272,6926.38365007862,3733.57092983724,2400.30303472016,0.842502121382461,5.00905839261866,2.70006337294441,0.839333474162099,-0.896530241783895,1.73586371594599,-4.19506311411581,-4.0236840153184,-4.16461234347429,0.0155357362624638,1.15134212621415,0.140928328155887,-0.0304507706415249,NA,-0.0467070775241508,0.0162563068826259,-0.00252924361999745,0.00549211649549086
2015-12-01,292695,237129,81.0157331010096,277481,237129,957.4,829.5,2293.8,1962.6,5638.4,55699.5,130.6,19391549,5.7396695,277.481,237.129,3123.3,957.4,-1005.2,237129,1109.924,342502.609528991,0.0150939463371389,0.017662467785786,6959.63584378123,3855.17711245778,2422.49242817201,0.854577430526775,5.07998745860077,2.81397645244179,0.862581582162382,-0.905647593889311,1.76822917605169,-4.19346152037032,-4.03631335484939,-4.16076337381554,0.0155956480653561,1.13252541425457,0.124450018966152,-0.032698146554778,NA,-0.0523898314531377,0.0196916848983597,0.0156536917127363,0.00160159374549362
2016-03-01,295147,238563,80.8285362886968,279004,238563,970.1,833.1,2275.1,1989.1,5643.1,53261.4,130.4,19489481,5.6538755,279.004,238.563,3108.2,970.1,-1019,238563,1116.016,345180.07229956,0.0151439127599139,0.0177110961702654,6981.56895956204,3845.42408252747,2460.88830916781,0.855052257315307,5.05646872446273,2.78508551848719,0.869252770569597,-0.913069346676033,1.78232211724563,-4.1901566257947,-4.03356393354862,-4.15694739060753,0.0156552744908555,1.13131814971438,0.123383457058917,-0.0332092351871642,NA,-0.0531957382835005,0.0199865030963362,0.00193581994912769,0.00330489457562155
2016-06-01,296579,240364,81.0455224409011,282304,240364,980.7,849.3,2424,2028.1,5775.2,56223.5,133,19555829,5.6959527,282.304,240.364,3273.3,980.7,-1047.4,240364,1129.216,348327.69472966,0.015165759528783,0.0178119625984488,7125.87176449052,4038.84126033849,2502.42078639064,0.8514367490365,5.11434481976876,2.89873682271594,0.868478661301292,-0.927546191339832,1.79602485264112,-4.18871505477114,-4.02788499132004,-4.15307551862891,0.0157160072082553,1.13336436936046,0.125190527308873,-0.0356395361422353,NA,-0.0494729326607127,0.0138333965184774,-0.00155357924869143,0.00144157102355358
2016-09-01,298415,242547,81.2784209909019,284638,242547,1006,873,2503.4,2058.6,5895.4,56557.6,135,19644037.9921,5.6649795,284.638,242.547,3376.4,1006,-1052.6,242547,1138.552,350201.193047121,0.0151911231346635,0.0178273526648623,7253.33972797025,4154.11613419255,2532.77558163985,0.852124452813749,5.17798045236406,2.9655211180517,0.883578439983418,-0.924507620205313,1.80808606018873,-4.18704402602529,-4.02702133458272,-4.14929389310752,0.0157755517788816,1.13006206785917,0.1222725585248,-0.0377501329177665,NA,-0.0564710763257382,0.0187209434079717,0.00144633233628476,0.00167102874585368
2016-12-01,300483,244834,81.4801502913642,286091,244834,1030.9,895.8,2552,2082.5,6147.7,60036.5,140.6,19717036.0121,5.8343211,286.091,244.834,3447.8,1030.9,-1051.6,244834,1144.364,351117.418140454,0.0152397652373105,0.0178078194879281,7545.02781108833,4231.46003986374,2555.83721010971,0.855790640041106,5.37215431453628,3.01285255390767,0.900849729631481,-0.918938379746304,1.81978810937779,-4.18384713321824,-4.0281176210722,-4.14565860494646,0.0158330048214085,1.12472772469881,0.117540983874268,-0.0381885282717747,NA,-0.0652189967473413,0.0270304684755666,-0.0060322379846223,0.00319689280705138
2017-03-01,302060,246873,81.7297887836854,288730,246873,1040.7,916.6,2615.2,2108.7,6302.4,62646.1,143.7,19826303.9987,5.8470915,288.73,246.873,3531.8,1040.7,-1068,246873,1154.92,353273.884952992,0.0152353156705257,0.0178184438701311,7711.26426948269,4321.31301519405,2580.08742146772,0.855030651473695,5.45700135074291,3.05804731063623,0.901101374987012,-0.924739375887507,1.82584075087452,-4.18413914667211,-4.02752118566098,-4.1421144823679,0.0158892184865017,1.12141726072106,0.114593296706917,-0.0420246643042077,NA,-0.0636538521039468,0.0216291877997391,-0.00287545782709735,-0.000292013453868201
2017-06-01,303776,249401,82.1002975876962,289887,249401,1042,920.8,2631.9,2147.5,6466.3,61051,146.5,19894720.9994,5.6237753,289.887,249.401,3552.7,1042,-1105.5,249401,1159.548,353088.854142525,0.015269176180413,0.0177478665899951,7876.09812631064,4327.26811520403,2615.70306454264,0.860338683693991,5.57656949087058,3.0638662651309,0.8986260163443,-0.953388734230925,1.85201475057522,-4.18191911140912,-4.03148996239731,-4.13879574676878,0.0159420382003877,1.11327462441807,0.107305784371468,-0.0431233646403424,NA,-0.0544536822394951,0.0113303175991527,0.00944177735298853,0.00222003526298309
2017-09-01,305890,251382,82.1805224100167,291660,251382,1063.8,932.6,2628.5,2169.4,6474,61446,146.2,19977533.9985,5.4637787,291.66,251.382,3561.1,1063.8,-1105.6,251382,1166.64,354901.613480679,0.0153116996333465,0.0177650361404629,7877.7790772609,4333.2652258316,2639.79825922302,0.86190084344785,5.54926969759309,3.05244119865597,0.911849413700884,-0.947678804086951,1.85952821778784,-4.17913806088593,-4.03052301514798,-4.13554756482016,0.0159939050319449,1.11073787827178,0.105024549672178,-0.0435904960657734,NA,-0.0611456423148274,0.017555146249054,0.0049127797531363,0.00278105052319333
2017-12-01,308866,255200,82.6248275951383,297294,255200,1077.3,959,2724.2,2203.4,6634.9,59375,147.6,20037419.9993,5.6133529,297.294,255.2,3683.2,1077.3,-1126.1,255200,1189.176,359811.945940439,0.0154144595467276,0.0179569997511161,8030.1529130094,4457.74001253919,2666.7529169279,0.858409520541955,5.57940960799747,3.0972707151843,0.905921411128378,-0.946958229900368,1.85287964102875,-4.17244927847742,-4.01977528178237,-4.13207439632902,0.0160495511371639,1.11884747415367,0.112299114546654,-0.0403748821483987,NA,-0.0596200957072146,0.0192452135588159,-0.00696488489876568,0.00668878240850823
2018-03-01,310944,258080,82.9988679633632,299881,258080,1087.3,961.3,2707.6,2231.6,6644.6,57785.8,146.6,20145554.9993,5.532589,299.881,258.08,3668.9,1087.3,-1144.3,258080,1199.524,361307.33750775,0.0154348688835232,0.0179348415826868,8005.65135771854,4420.42173589585,2688.71137011779,0.860608041189672,5.53936394769925,3.05862992320287,0.906442889012642,-0.953961738156135,1.86040462716878,-4.17112611581478,-4.02101000089518,-4.12874246446601,0.016103116336226,1.11374973689658,0.10773246357083,-0.0423836513487723,NA,-0.0575804801415537,0.0151968287927814,0.0024904651607068,0.00132316266264176
2018-06-01,313026,260708,83.2863723780133,302621,260708,1088.8,983.2,2815.5,2261.2,6610.1,56715.9,145.6,20215890.9991,5.3434407,302.621,260.708,3798.7,1088.8,-1172.4,260708,1210.484,363349.959134357,0.0154841555098381,0.0179734823041207,7936.59251960047,4561.01027279562,2714.96997100204,0.861500028087939,5.460708278672,3.13816622111486,0.899474920775492,-0.96853820455289,1.86801312532838,-4.16793800305715,-4.01885781264653,-4.12544592491142,0.0161562884900821,1.11247594490246,0.106588112264896,-0.0424920781457301,NA,-0.0505191388787451,0.00802706073301499,0.0069546797657024,0.00318811275762698
2018-09-01,313509,262500,83.7296536941523,305592,262500,1117,1002,2863.2,2276.6,6550.1,53970.2,143.4,20307320.9991,5.020349,305.592,262.5,3865.2,1117,-1159.6,262500,1222.368,364974.63744,0.0154382254564201,0.017972564547346,7822.915432,4616.285664,2718.988912,0.858988455195162,5.35853360035603,3.16205921620985,0.913800099479044,-0.948650488232676,1.86245058771172,-4.17090867256966,-4.01890887566209,-4.12224981343394,0.0162080083964247,1.10886940009918,0.103340937771852,-0.0486588591357133,NA,-0.0608718794469659,0.0122130203112526,0.00883607664134746,-0.00297066951250269
2018-12-01,314328,264497,84.1468147921916,309764,264497,1126.5,994.5,2751.9,2307,6480.1,50293.3,140,20376418.9986,5.0132009,309.764,264.497,3746.4,1126.5,-1180.5,264497,1239.056,368123.262615455,0.0154260667697104,0.0180661411919704,7700.94508746791,4452.21843423555,2741.63675202365,0.85386616908356,5.22986854508594,3.02359215402694,0.909159876551181,-0.952741441871877,1.86190131842306,-4.17169655309188,-4.01371574494293,-4.11899379137921,0.016260868038607,1.11101948242106,0.105278046436288,-0.0527027617126681,NA,-0.0579942979693706,0.00529153625670251,0.00185079759826756,-0.000787880522224782
2019-03-01,315454,265972,84.3140362778725,311952,265972,1131.9,1028.2,2894.6,2327.1,6352.2,46263.1,135.8,20481867.9992,5.0924184,311.952,265.972,3922.8,1131.9,-1195.2,265972,1247.808,369988.217586814,0.01540162254792,0.018064183286469,7533.97688027311,4652.60610590588,2760.03866346833,0.852605529055752,5.09068702877366,3.14375288505924,0.907110709339899,-0.957839667641175,1.86495037698107,-4.17328241485801,-4.01382412512116,-4.11583870139147,0.0163122535608943,1.1073996133664,0.102014576270316,-0.0574437134665375,NA,-0.0556915048044991,-0.00175220866203842,0.00199046966252841,-0.00158586176612818
2019-06-01,316422,268576,84.8790539216616,312108,268576,1136.2,1055.9,3115.2,2339.4,6413.4,45289.7,134.8,20541778.999,5.261443,312.108,268.576,4171.1,1136.2,-1203.2,268576,1248.432,367709.093798403,0.01540382651451,0.0179005476505372,7555.92776271893,4914.16881702014,2756.15701626355,0.860522639599113,5.1371640585951,3.34107103951196,0.910101631486537,-0.963768951773104,1.87387058325964,-4.17313932545917,-4.02292397160137,-4.11305125949777,0.0163577864505107,1.09431356771247,0.0901272878964008,-0.0600880659613985,NA,-0.0547846304663397,-0.00530343549505875,0.00207114403708688,0.000143089398842555
2019-09-01,315911,269167,85.2034275476321,320361,269167,1162.1,1072.8,3178.4,2344.5,6633.4,49987,138.1,20634169.9992,5.2297332,320.361,269.167,4251.2,1162.1,-1182.4,269167,1281.444,375995.437297291,0.0153100900114833,0.0182219802062244,7785.3675502569,4989.4706379311,2751.64986606828,0.840199025474387,5.17650400641776,3.31750743692272,0.906867565028203,-0.922709068831724,1.82957663385993,-4.179243190069,-4.00512670994809,-4.10981352301128,0.0164108344839749,1.11036280476889,0.104686813063187,-0.0694296670577206,NA,-0.0647988219614821,-0.00463084509623846,-0.0038753659105868,-0.00610386460983126
2019-12-01,316935,271299,85.600832978371,320200,271299,1175,1085.8,3240.5,2364.7,6847.5,54389,143.5,20709333.9988,5.0327678,320.2,271.299,4326.3,1175,-1189.7,271299,1280.8,374061.780544713,0.0153039687330536,0.0180624727268577,7999.3380458461,5054.03960390565,2762.47311822012,0.847279825109307,5.34626795752655,3.37781074328545,0.91739537788882,-0.928872579637726,1.84626795752655,-4.17964308990341,-4.01391882304238,-4.10693668201221,0.0164581138204062,1.09748133497912,0.0930178589698336,-0.0727064078911939,NA,-0.0665095256167824,-0.00619688227441145,0.0140083850036205,-0.000399899834406803
2020-03-01,312738,268651,85.9028963541367,325355,268651,1193.2,1022.6,2965,2382.8,6949.6,54636.6,145.8,20806970.9985,5.2003374,325.355,268.651,3987.6,1193.2,-1189.6,268651,1301.42,378747.415755013,0.015030443403922,0.0182029097739559,8090.06482313485,4641.98550833609,2773.82963919732,0.825716525026509,5.34001321633293,3.06403774338799,0.91684467735243,-0.914078468134807,1.83092314548724,-4.19767757439346,-4.00617381998858,-4.1039137961515,0.0165079400915912,1.10267602577672,0.0977399761629245,-0.0937637782419589,NA,-0.0706358759559475,-0.0231279022860114,-0.00366315081788701,-0.0180344844900562
2020-06-01,272884,233968,85.7389953240205,336186,233968,1228.3,1054.9,3131.5,2387.3,6922.4,47160,143.2,20829007.999,7.4256962,336.186,233.968,4186.4,1228.3,-1159,233968,1344.744,392103.964747316,0.0131011520094044,0.0188248986589347,8073.8058264378,4882.72574711072,2784.38065547425,0.69594807636249,5.14774559321328,3.11315759728246,0.913408053874938,-0.861874081609585,1.77528213548452,-4.3350551129923,-3.97257488863419,-4.09997362892598,0.0165731124467736,1.13586984456861,0.127398740291794,-0.235081484066318,NA,-0.08835165514059,-0.146729828925728,-0.0625400423254798,-0.13737753859884
2020-09-01,293603,252473,85.9912875549637,347291,252473,1293.5,1062.4,3170.5,2390.9,7140.6,58339.8,144.3,20819702.9985,6.9293545,347.291,252.473,4232.9,1293.5,-1097.4,252473,1389.164,403867.659009082,0.0141021704306326,0.0193983391135877,8303.86449957025,4922.47542786753,2780.39795423669,0.726978240150191,5.14021382644526,3.04708443351541,0.931135560668143,-0.789971522440835,1.72110708310898,-4.26142656219367,-3.94256782927949,-4.09525145493659,0.0166515586398071,1.16495635833238,0.152683625657094,-0.166175107257084,NA,-0.115268593543916,-0.050906513713168,0.060923724528924,0.0736285507986283
2020-12-01,307181,265664,86.4845156438712,340239,265664,1321,1116.4,3334.3,2408.8,7511.6,67513.7,148.7,20824389.9993,6.5451713,340.239,265.664,4450.7,1321,-1087.8,265664,1360.956,393410.308732083,0.014751020318498,0.0188918046936936,8685.48542369309,5146.23914681703,2785.23846964587,0.780815838278387,5.51935551186078,3.27027471865365,0.970641225726622,-0.799291086559742,1.76993231228636,-4.21644302445327,-3.9690270650446,-4.09146472323983,0.0167147331617011,1.13024865613655,0.12243765819523,-0.124978301213445,NA,-0.126861666751098,0.0018833655376532,0.0206553369635877,0.0449835377403991
2021-03-01,311628,270970,86.9530337453631,347236,270970,1334.7,1144.6,3401.3,2434.1,7960.9,80895.9,156.7,20843311.9987,5.6719257,347.236,270.97,4545.9,1334.7,-1099.4,270970,1388.944,399337.418193896,0.0149509828389767,0.0191590193640436,9155.40224083847,5227.99470494889,2799.32728641547,0.780362635210635,5.73162056929581,3.27291813060858,0.960945869667892,-0.791536591828036,1.75248246149593,-4.20297823956877,-3.95498168916658,-4.08737023221763,0.0167833117880458,1.14155177512045,0.132388543051048,-0.115608007351134,NA,-0.123991602567064,0.00838359521593046,0.0138779968200873,0.0134647848845084
2021-06-01,314835,276507,87.8260040973843,345806,276507,1340.5,1179.7,3519.5,2484.8,8378.5,86104.4,167.2,20872914.9991,5.02515,345.806,276.507,4699.2,1340.5,-1144.3,276507,1383.224,393739.876422658,0.0150834227041875,0.0188636745964632,9539.88523798674,5350.57930540637,2829.23039199731,0.799601510673615,6.05722572772017,3.39728055614998,0.969112739512906,-0.82727020352452,1.79638294303743,-4.19415897238236,-3.97051718531135,-4.08386464081044,0.0168422504687415,1.12002102281244,0.113347455499094,-0.110294331571922,NA,-0.115940034196754,0.00564570262483205,0.0247117779225812,0.00881926718640091
2021-09-01,299980,263957,87.9915327688513,365883,263957,1415.5,1205.4,3581.5,2531.1,8961.9,89720.2,175.6,20893105.9966,4.7065353,365.883,263.957,4786.9,1415.5,-1115.6,263957,1463.532,415816.145584319,0.0143578460784537,0.0199020741890644,10184.9572544013,5440.18253730721,2876.52677519444,0.721424608413072,6.12347389739343,3.27078601629483,0.967180765435945,-0.762265532970922,1.72944629840687,-4.24345872114902,-3.91693132207707,-4.07885664124844,0.0169268080070439,1.17577243038276,0.161925319171369,-0.164602079900575,NA,-0.134884695581989,-0.0297173843185868,-0.00918275756880184,-0.0492997487666527
2021-12-01,319365,283711,88.8359713807086,362013,283711,1462.7,1226.1,3681,2586.8,9528.5,91422.9,183.9,20958897.996,4.1988746,362.013,283.711,4907.1,1462.7,-1124.1,283711,1448.052,407507.223001576,0.0152376809153301,0.0194431607558445,10725.9478923975,5523.77592514918,2911.88350821787,0.783703900136183,6.58021949488002,3.38875951968576,1.01011565882993,-0.776284277083972,1.7863999359139,-4.1839839112129,-3.940259902845,-4.07469873909634,0.0169973345380861,1.14389469197526,0.134438836251341,-0.109285172116563,NA,-0.146819341507656,0.0375341693910933,0.042094202584865,0.0594748099361162
