DATE,compensation_of_employees,prop_inc_rec,social_assisatance_ben,prop_inc_pay
Sep-1959,1856,255,152,67
Dec-1959,1893,255,157,68
Mar-1960,1968,251,153,70
Jun-1960,2028,264,159,73
Sep-1960,2081,266,163,75
Dec-1960,2113,279,167,79
Mar-1961,2095,282,170,82
Jun-1961,2097,293,182,83
Sep-1961,2124,303,188,78
Dec-1961,2132,313,189,83
Mar-1962,2192,320,197,83
Jun-1962,2242,326,195,87
Sep-1962,2231,323,193,85
Dec-1962,2257,322,198,89
Mar-1963,2330,332,202,92
Jun-1963,2357,331,200,93
Sep-1963,2421,352,208,97
Dec-1963,2508,361,215,97
Mar-1964,2514,374,210,100
Jun-1964,2592,374,242,100
Sep-1964,2679,380,221,108
Dec-1964,2807,391,232,110
Mar-1965,2846,401,227,108
Jun-1965,2922,393,232,114
Sep-1965,2992,409,236,112
Dec-1965,3000,414,239,118
Mar-1966,3101,412,244,116
Jun-1966,3141,437,248,123
Sep-1966,3222,451,254,120
Dec-1966,3292,475,253,124
Mar-1967,3375,477,270,128
Jun-1967,3461,468,267,135
Sep-1967,3552,499,264,137
Dec-1967,3600,504,265,141
Mar-1968,3638,519,275,147
Jun-1968,3791,531,279,146
Sep-1968,3805,550,283,159
Dec-1968,4021,544,291,163
Mar-1969,4104,580,295,169
Jun-1969,4204,578,301,173
Sep-1969,4327,627,320,180
Dec-1969,4449,642,330,182
Mar-1970,4627,672,329,188
Jun-1970,4743,676,338,202
Sep-1970,4836,699,338,211
Dec-1970,5066,720,352,220
Mar-1971,5364,739,352,226
Jun-1971,5501,728,361,226
Sep-1971,5628,736,381,245
Dec-1971,5686,808,412,254
Mar-1972,5853,740,413,261
Jun-1972,6026,851,428,269
Sep-1972,6158,898,449,282
Dec-1972,6339,941,477,302
Mar-1973,6584,929,529,315
Jun-1973,6973,1004,563,339
Sep-1973,7282,1041,568,384
Dec-1973,7666,1135,604,438
Mar-1974,8161,1263,664,456
Jun-1974,8655,1320,696,490
Sep-1974,9706,1310,811,567
Dec-1974,10193,1438,836,582
Mar-1975,10497,1541,929,579
Jun-1975,10678,1578,1025,632
Sep-1975,11124,1563,1092,658
Dec-1975,11600,1627,1161,661
Mar-1976,11970,1618,1229,678
Jun-1976,12511,1718,1281,733
Sep-1976,12890,1885,1466,760
Dec-1976,13170,1943,1575,803
Mar-1977,13497,2026,1619,839
Jun-1977,13942,2044,1707,885
Sep-1977,14084,2119,1801,911
Dec-1977,14459,2108,1780,942
Mar-1978,14909,2186,1841,953
Jun-1978,15027,2234,1934,982
Sep-1978,15293,2363,1952,1015
Dec-1978,15398,2431,2011,1047
Mar-1979,16146,2549,2044,1070
Jun-1979,16179,2630,2087,1101
Sep-1979,16703,2648,2026,1141
Dec-1979,17261,2770,2125,1178
Mar-1980,17744,2809,2215,1222
Jun-1980,18354,3042,2252,1309
Sep-1980,19057,2971,2354,1318
Dec-1980,19876,3321,2452,1402
Mar-1981,20579,3397,2453,1517
Jun-1981,21483,3700,2537,1616
Sep-1981,22011,3986,2590,1732
Dec-1981,22735,4354,2682,1843
Mar-1982,23951,4514,2792,1895
Jun-1982,24903,4876,2957,2046
Sep-1982,26016,4994,2980,2172
Dec-1982,26114,5309,3354,2229
Mar-1983,26123,5591,3601,2203
Jun-1983,25545,5563,3743,2260
Sep-1983,26302,5716,3867,2229
Dec-1983,26994,5867,3940,2252
Mar-1984,27887,6001,3986,2271
Jun-1984,28900,6278,4110,2316
Sep-1984,29575,6124,4141,2174
Dec-1984,30034,6376,4252,2221
Mar-1985,30316,6437,4324,2299
Jun-1985,31153,6861,4409,2472
Sep-1985,31829,7117,4424,2807
Dec-1985,32857,7461,4479,3106
Mar-1986,34038,7692,4559,3262
Jun-1986,34406,7944,4689,3358
Sep-1986,35290,8290,4875,3592
Dec-1986,35741,8953,4932,3714
Mar-1987,36301,8777,5036,3784
Jun-1987,37279,9363,5081,3926
Sep-1987,38532,9410,5243,3828
Dec-1987,39244,9348,5273,3820
Mar-1988,40012,9292,5514,3740
Jun-1988,41202,9156,5539,3759
Sep-1988,41760,9745,5540,3929
Dec-1988,43813,10041,5562,4260
Mar-1989,45353,10466,5617,4833
Jun-1989,46769,11047,5860,5591
Sep-1989,48108,11944,6005,6161
Dec-1989,49049,12573,6352,6322
Mar-1990,50530,12647,6206,6505
Jun-1990,51811,12390,6517,6461
Sep-1990,52191,11741,6911,6220
Dec-1990,52006,11682,7193,5768
Mar-1991,51807,11232,7384,5482
Jun-1991,51428,10805,7709,5281
Sep-1991,51663,10359,8045,5024
Dec-1991,52397,9727,8152,4699
Mar-1992,52567,9290,9369,4282
Jun-1992,53243,9025,8598,4079
Sep-1992,54133,8567,8582,3811
Dec-1992,54578,8535,8642,3763
Mar-1993,54699,8486,9615,3719
Jun-1993,55420,8462,9803,3557
Sep-1993,55269,8484,9741,3566
Dec-1993,55962,8650,9796,3455
Mar-1994,57660,8920,9732,3518
Jun-1994,59167,9343,9726,3661
Sep-1994,58794,10108,9748,3901
Dec-1994,59768,10762,10145,4387
Mar-1995,61376,11240,9998,4984
Jun-1995,61895,11308,10124,4979
Sep-1995,63361,11484,10395,4891
Dec-1995,64865,11583,10616,5000
Mar-1996,65401,11741,10800,5143
Jun-1996,66441,11784,11040,5317
Sep-1996,67972,11377,11018,5353
Dec-1996,69026,11082,11255,5149
Mar-1997,69485,10814,11543,4714
Jun-1997,71300,10657,11314,4605
Sep-1997,71082,10331,11421,4258
Dec-1997,71861,10230,11734,4330
Mar-1998,72591,10175,11581,4494
Jun-1998,73701,10383,10806,4512
Sep-1998,75941,10468,12680,4607
Dec-1998,76416,10624,10890,4705
Mar-1999,77058,10962,11405,4768
Jun-1999,78300,11113,12440,4899
Sep-1999,78568,12044,12907,5145
Dec-1999,80770,12472,11980,5517
Mar-2000,82130,13030,12617,6133
Jun-2000,83113,13555,13791,6804
Sep-2000,84691,14632,14125,7063
Dec-2000,85801,14669,14347,7184
Mar-2001,87374,14311,15134,6837
Jun-2001,88597,13860,14752,6134
Sep-2001,89549,13596,14644,6353
Dec-2001,90569,13261,15730,6007
Mar-2002,91705,13372,15246,6199
Jun-2002,93157,13970,15288,7121
Sep-2002,94813,14641,15397,7748
Dec-2002,95602,15217,15852,7828
Mar-2003,97311,15627,15635,7938
Jun-2003,99222,16105,15799,8097
Sep-2003,100319,16435,16401,8817
Dec-2003,102118,16691,16978,9156
Mar-2004,104302,17726,17534,10570
Jun-2004,105864,18367,20053,10690
Sep-2004,108168,18544,17830,11220
Dec-2004,110473,19344,18315,11619
Mar-2005,112362,20146,18341,11870
Jun-2005,113715,20914,18531,12286
Sep-2005,116283,21595,19400,12960
Dec-2005,117897,21809,19071,13182
Mar-2006,120205,23396,18883,13457
Jun-2006,122013,23148,18760,13824
Sep-2006,124265,25515,18974,15132
Dec-2006,128612,26725,19498,16611
Mar-2007,131735,27510,20272,17544
Jun-2007,135143,27440,21632,18127
Sep-2007,137576,29429,20602,19495
Dec-2007,139695,30590,20670,20506
Mar-2008,142538,31550,21397,21818
Jun-2008,146277,32239,22330,23319
Sep-2008,147148,32429,21530,22490
Dec-2008,147579,32418,30309,20760
Mar-2009,147023,31900,25279,19156
Jun-2009,146679,31005,33328,17271
Sep-2009,148595,30608,24822,18002
Dec-2009,151033,31214,24452,18744
Mar-2010,153786,31869,24427,20165
Jun-2010,157983,33468,24538,21915
Sep-2010,161448,34871,24898,21807
Dec-2010,164957,36277,26233,23256
Mar-2011,168173,36676,26985,23206
Jun-2011,171114,37212,26495,24251
Sep-2011,174017,37855,27644,24536
Dec-2011,175777,37416,27633,23339
Mar-2012,179805,38062,27028,24102
Jun-2012,181148,37801,29272,23164
Sep-2012,180796,37344,28533,22697
Dec-2012,183214,37016,28553,21783
Mar-2013,184109,37211,29115,21371
Jun-2013,185834,37871,29290,20891
Sep-2013,187109,38276,29686,20443
Dec-2013,189649,39387,30438,20143
Mar-2014,191003,39683,30822,20209
Jun-2014,192628,40101,31516,20356
Sep-2014,194081,41026,31364,20365
Dec-2014,194975,41388,31477,20453
Mar-2015,195714,41777,31619,20025
Jun-2015,197694,42073,31364,19528
Sep-2015,199575,41828,32178,19308
Dec-2015,201129,42577,31383,19436
Mar-2016,203172,43108,31953,19791
Jun-2016,203607,42767,31932,19547
Sep-2016,205773,42146,31892,18869
Dec-2016,205169,42349,31420,19035
Mar-2017,207162,42689,30938,19180
Jun-2017,209978,43425,31086,19345
Sep-2017,212532,44696,31278,19297
Dec-2017,216020,45628,31506,19488
Mar-2018,218464,46247,31335,19628
Jun-2018,220501,46861,30996,19757
Sep-2018,223390,48207,31193,19964
Dec-2018,226351,49060,31641,20209
Mar-2019,229619,48656,31857,20394
Jun-2019,232910,47712,31986,19960
Sep-2019,235321,48149,31883,19051
Dec-2019,238462,47882,31939,18098
Mar-2020,240169,46785,33944,17564
Jun-2020,235650,38330,48437,16218
Sep-2020,240954,42068,47662,15783
Dec-2020,245412,41401,41438,15392
Mar-2021,250527,44954,39033,15074
Jun-2021,255179,45935,34105,14995
Sep-2021,256974,53852,43256,14905
Dec-2021,263660,51106,38269,14520
Mar-2022,269126,54954,37066,14380
Jun-2022,276361,55799,37282,16045
Sep-2022,284225,61134,37186,21456
Dec-2022,288818,62265,35491,25838
Mar-2023,294484,64451,35766,28338
Jun-2023,299079,66555,36808,31166
Sep-2023,306362,68394,37510,34026
Dec-2023,311416,70008,39057,35618
Mar-2024,315077,72115,39456,37054
Jun-2024,318686,74117,39923,38106
Sep-2024,323466,75230,40239,38684
Dec-2024,330109,77494,40859,39502
Mar-2025,335631,78139,42596,39498
Jun-2025,340396,78144,42336,38339
Sep-2025,346677,78939,42338,37040
Dec-2025,351552,79603,43837,37054