"date","cons_real","cons_nom","ydi_nom","gdp_nom","pop_millions","unemp_rate","hicp","mortgage_rate","hpi","fin_deposits","fin_debtsec","fin_loans","fin_equity","fin_mutfund","fin_inspen","fin_total_asset","fin_total_liab","cons_deflator","ydi_real","cons_real_pc","ydi_real_pc","fin_deposits_real","fin_deposits_real_pc","fin_debtsec_real","fin_debtsec_real_pc","fin_loans_real","fin_loans_real_pc","fin_equity_real","fin_equity_real_pc","fin_mutfund_real","fin_mutfund_real_pc","fin_inspen_real","fin_inspen_real_pc","fin_total_asset_real","fin_total_asset_real_pc","fin_total_liab_real","fin_total_liab_real_pc","fin_net_real","fin_net_real_pc","ln_cons_real_pc","ln_ydi_real_pc","d_ln_cons_pc","d_ln_ydi_pc","ln_hpi","ln_fin_loans","gdp_nom_8qma","cci_ratio"
1980-01-01,NA,NA,NA,NA,56.38848,NA,NA,NA,NA,NA,NA,NA,NA,NA,NA,NA,NA,NA,NA,NA,NA,NA,9440.04319851888,NA,6319.53455753356,NA,1030.1385248103,NA,28467.497464232,NA,25464.5336270384,NA,947.323602805836,NA,39073.4345639099,NA,1820.22075706625,2228655.97166328,40793.5580328152,NA,NA,NA,NA,NA,NA,NA,NA
1980-04-01,NA,NA,NA,NA,56.4162094592817,NA,NA,NA,NA,NA,NA,NA,NA,NA,NA,NA,NA,NA,NA,NA,NA,NA,9494.71862239683,NA,6366.30138044499,NA,1051.9949866644,NA,28406.8306012033,NA,25159.6017347778,NA,970.950339288562,NA,39278.3699921965,NA,1854.97139364597,2236117.64287302,40908.156351861,NA,NA,NA,NA,NA,NA,NA,NA
1980-07-01,NA,NA,NA,NA,56.4406700487548,NA,NA,NA,NA,NA,NA,NA,NA,NA,NA,NA,NA,NA,NA,NA,NA,NA,9549.71071876381,NA,6413.41429462395,NA,1074.31517734067,NA,28346.2930248557,NA,24858.3213313009,NA,995.166338695985,NA,39484.3802819647,NA,1890.385469942,2243604.29619662,41023.0766034707,NA,NA,NA,NA,NA,NA,NA,NA
1980-10-01,NA,NA,NA,NA,56.4618630612057,NA,NA,NA,NA,NA,NA,NA,NA,NA,NA,NA,NA,NA,NA,NA,NA,NA,9605.02132174306,NA,6460.87586126998,NA,1097.10893577928,NA,28285.8844596676,NA,24560.648690875,NA,1019.98629754765,NA,39691.4710707328,NA,1926.47565197432,2251116.01527567,41138.3196920256,NA,NA,NA,NA,NA,NA,NA,NA
1981-01-01,NA,NA,NA,NA,56.479285,NA,NA,NA,NA,NA,NA,NA,NA,NA,NA,NA,NA,NA,NA,NA,NA,NA,9660.65227608079,NA,6508.68866053643,NA,1120.38630967331,NA,28225.6046307041,NA,24266.5406113733,NA,1045.42527890183,NA,39899.6480255869,NA,1963.25484757547,2258652.88403179,41253.8865244476,NA,NA,NA,NA,NA,NA,NA,NA
1981-04-01,NA,NA,NA,NA,56.4927272517007,NA,NA,NA,NA,NA,NA,NA,NA,NA,NA,NA,NA,NA,NA,NA,NA,NA,9716.60543720775,NA,6556.85529167068,NA,1144.15755989788,NA,28165.4532636166,NA,23975.9544080043,NA,1071.49872149719,NA,40108.9168433365,NA,2000.73621100714,2266214.98666757,41369.7780102063,NA,NA,NA,NA,NA,NA,NA,NA
1981-07-01,NA,NA,NA,NA,56.5037983421058,NA,NA,NA,NA,NA,NA,NA,NA,NA,NA,NA,NA,NA,NA,NA,NA,NA,9772.88267130107,NA,6605.37837315552,NA,1168.43316503321,NA,28105.4300846409,NA,23688.847907117,NA,1098.22244912248,NA,40319.2832506703,NA,2038.93314766478,2273802.40766754,41485.9950613263,NA,NA,NA,NA,NA,NA,NA,NA
1981-10-01,NA,NA,NA,NA,56.5138141572095,NA,NA,NA,NA,NA,NA,NA,NA,NA,NA,NA,NA,NA,NA,NA,NA,NA,9829.48585534653,NA,6654.2605428514,NA,1193.22382598371,NA,28045.5348205963,NA,23405.1794400802,NA,1125.61268021984,NA,40530.7530043125,NA,2077.85931887218,2281415.23179906,41602.5385923943,NA,NA,NA,NA,NA,NA,NA,NA
1982-01-01,NA,NA,NA,NA,56.524064,NA,NA,NA,NA,NA,NA,NA,NA,NA,NA,NA,NA,NA,NA,NA,NA,NA,9886.41687720115,NA,6703.50445813991,NA,1218.54047069499,NA,27985.7671988843,NA,23124.9078372348,NA,1153.68603772766,NA,40743.3318911808,NA,2117.52864676748,2289053.54411331,41719.4095205662,NA,NA,NA,NA,NA,NA,NA,NA
1982-04-01,NA,NA,NA,NA,56.535205958932,NA,NA,NA,NA,NA,NA,NA,NA,NA,NA,NA,NA,NA,NA,NA,NA,NA,9943.67763565614,NA,6753.11279606822,NA,1244.39425897101,NA,27926.1269474873,NA,22847.9924219188,NA,1182.45955916897,NA,40957.0257285445,NA,2157.9553192825,2296717.42994622,41836.6087655743,NA,NA,NA,NA,NA,NA,NA,NA
1982-07-01,NA,NA,NA,NA,56.546515645772,NA,NA,NA,NA,NA,NA,NA,NA,NA,NA,NA,NA,NA,NA,NA,NA,NA,10001.2700405003,NA,6803.08825349461,NA,1270.79658739347,NA,27866.6137949675,NA,22574.393004564,NA,1211.95070699134,NA,41171.8403641839,NA,2199.1537952171,2304406.97491944,41954.1372497348,NA,NA,NA,NA,NA,NA,NA,NA
1982-10-01,NA,NA,NA,NA,56.5563800173175,NA,NA,NA,NA,NA,NA,NA,NA,NA,NA,NA,NA,NA,NA,NA,NA,NA,10059.1960125835,NA,6853.43354723507,NA,1297.75909434544,NA,27807.2274704653,NA,22304.0698768628,NA,1242.17737916474,NA,41387.78167655,NA,2241.13880941046,2312122.26494128,42071.9958979549,NA,NA,NA,NA,NA,NA,NA,NA
1983-01-01,NA,NA,NA,NA,56.563031,NA,NA,NA,NA,NA,NA,NA,NA,NA,NA,NA,NA,NA,NA,NA,NA,NA,10117.4574838812,NA,6904.151414211,NA,1325.29366514173,NA,27747.9677036987,NA,22036.9838060053,NA,1273.1579200437,NA,41604.8555749257,NA,2283.9253780111,2319863.38620767,42190.18563774,NA,NA,NA,NA,NA,NA,NA,NA
1983-04-01,NA,NA,NA,NA,56.5654441350937,NA,NA,NA,NA,NA,NA,NA,NA,NA,NA,NA,NA,NA,NA,NA,NA,NA,10176.0563975583,NA,6955.24461159801,NA,1353.41243726802,NA,27688.8342249614,NA,21773.0960289857,NA,1304.91113150035,NA,41823.0679995874,NA,2327.52880384741,2327630.42520314,42308.7073992012,NA,NA,NA,NA,NA,NA,NA,NA
1983-07-01,NA,NA,NA,NA,56.5652213008968,NA,NA,NA,NA,NA,NA,NA,NA,NA,NA,NA,NA,NA,NA,NA,NA,NA,10234.9947080345,NA,7006.71591697579,NA,1382.12780573117,NA,27629.8267651219,NA,21512.368246976,NA,1337.45628433516,NA,42042.4249219674,NA,2371.96468190084,2335423.46870177,42427.5621150622,NA,NA,NA,NA,NA,NA,NA,NA
1983-10-01,NA,NA,NA,NA,56.5643961499683,NA,NA,NA,NA,NA,NA,NA,NA,NA,NA,NA,NA,NA,NA,NA,NA,NA,10294.2743810489,NA,7058.56812847913,NA,1411.45242852306,NA,27570.9450556223,NA,21254.7626197679,NA,1370.81312997223,NA,42262.9323448175,NA,2417.2489048835,2343242.60376816,42546.7507206672,NA,NA,NA,NA,NA,NA,NA,NA
1984-01-01,NA,NA,NA,NA,56.565117,NA,NA,NA,NA,NA,NA,NA,NA,NA,NA,NA,NA,NA,NA,NA,NA,NA,10353.8973937262,NA,7110.80406495,NA,1441.39923220034,NA,27512.1888284772,NA,21000.2417602807,NA,1405.00191244634,NA,42484.5963023732,NA,2463.39766892227,2351087.91775843,42666.2741539879,NA,NA,NA,NA,NA,NA,NA,NA
1984-04-01,NA,NA,NA,NA,56.5688881603399,NA,NA,NA,NA,NA,NA,NA,NA,NA,NA,NA,NA,NA,NA,NA,NA,NA,10413.8657346423,NA,7163.42656609084,NA,1471.98141758256,NA,27453.5578162719,NA,20748.7687291354,NA,1440.04338068884,NA,42707.422860519,NA,2510.42747935142,2358959.49832114,42786.133355631,NA,NA,NA,NA,NA,NA,NA,NA
1984-07-01,NA,NA,NA,NA,56.5749077685926,NA,NA,NA,NA,NA,NA,NA,NA,NA,NA,NA,NA,NA,NA,NA,NA,NA,10474.1814038903,NA,7216.43849261888,NA,1503.21246557124,NA,27395.051752162,NA,20500.3070292937,NA,1475.9588011201,NA,42931.418116954,NA,2558.35515661584,2366857.43339832,42906.3292688455,NA,NA,NA,NA,NA,NA,NA,NA
1984-10-01,NA,NA,NA,NA,56.5818768622943,NA,NA,NA,NA,NA,NA,NA,NA,NA,NA,NA,NA,NA,NA,NA,NA,NA,10534.8464131482,NA,7269.8427264217,NA,1535.10614309235,NA,27336.6703698715,NA,20254.8206007605,NA,1512.76997055591,NA,43156.588201359,NA,2607.19784228693,2374781.81122643,43026.8628395304,NA,NA,NA,NA,NA,NA,NA,NA
1985-01-01,NA,NA,NA,NA,56.588319,NA,NA,NA,NA,NA,NA,NA,NA,NA,NA,NA,NA,NA,NA,NA,NA,NA,10595.8627857447,NA,7323.64217071387,NA,1567.67650916489,NA,27278.4134036919,NA,20012.2738153511,NA,1550.49922943582,NA,43382.9392755643,NA,2656.97300519341,2382732.72033737,43147.7350162417,NA,NA,NA,NA,NA,NA,NA,NA
1985-04-01,NA,NA,NA,NA,56.5930013617944,NA,NA,NA,NA,NA,NA,NA,NA,NA,NA,NA,NA,NA,NA,NA,NA,NA,10657.2325567277,NA,7377.8397501948,NA,1600.93792109824,NA,27220.280588481,NA,19772.63147152,NA,1589.16947538139,NA,43610.4775337184,NA,2707.69844766908,2390710.24955942,43268.9467502002,NA,NA,NA,NA,NA,NA,NA,NA
1985-07-01,NA,NA,NA,NA,56.5960424831234,NA,NA,NA,NA,NA,NA,NA,NA,NA,NA,NA,NA,NA,NA,NA,NA,NA,10718.9577729318,NA,7432.43841120773,NA,1634.90504082101,NA,27162.2716596618,NA,19535.8587892518,NA,1628.80417709263,NA,43839.2092024571,NA,2759.39231191996,2398714.48801829,43390.4989952989,NA,NA,NA,NA,NA,NA,NA,NA
1985-10-01,NA,NA,NA,NA,56.5975936010426,NA,NA,NA,NA,NA,NA,NA,NA,NA,NA,NA,NA,NA,NA,NA,NA,NA,10781.0404930466,NA,7487.44112189987,NA,1669.59284134412,NA,27104.3863532207,NA,19301.9214050142,NA,1669.42738859095,NA,44069.1405410743,NA,2812.07308651289,2406745.52513806,43512.3927081107,NA,NA,NA,NA,NA,NA,NA,NA
1986-01-01,NA,NA,NA,NA,56.597823,NA,NA,NA,NA,NA,NA,NA,NA,NA,NA,NA,NA,NA,NA,NA,NA,NA,10843.4827876852,NA,7542.85087238382,NA,1705.01661336103,NA,27046.6244057072,NA,19070.7853667698,NA,1711.06376381739,NA,44300.2778416931,NA,2865.75961298812,2414803.45064224,43634.6288478953,NA,NA,NA,NA,NA,NA,NA,NA
1986-04-01,NA,NA,NA,NA,56.5970406244787,NA,NA,NA,NA,NA,NA,NA,NA,NA,NA,NA,NA,NA,NA,NA,NA,NA,10906.2867394534,NA,7598.67067490006,NA,1741.19197198806,NA,26988.9855542321,NA,18842.4171290492,NA,1753.73857159492,NA,44532.6274294381,NA,2920.47109259804,2422888.3545547,43757.2083766075,NA,NA,NA,NA,NA,NA,NA,NA
1986-07-01,NA,NA,NA,NA,56.595796496142,NA,NA,NA,NA,NA,NA,NA,NA,NA,NA,NA,NA,NA,NA,NA,NA,NA,10969.4544430194,NA,7654.90356398074,NA,1778.13486364764,NA,26931.4695364662,NA,18616.7835480822,NA,1797.47771096392,NA,44766.1956626081,NA,2976.22709317459,2431000.32720076,43880.1322589043,NA,NA,NA,NA,NA,NA,NA,NA
1986-10-01,NA,NA,NA,NA,56.5947221227602,NA,NA,NA,NA,NA,NA,NA,NA,NA,NA,NA,NA,NA,NA,NA,NA,NA,11032.9880051832,NA,7711.55259661463,NA,1815.86157309764,NA,26874.0760906396,NA,18393.8518769875,NA,1842.30772690011,NA,45000.9889328509,NA,3033.04755612783,2439139.45920811,44003.4014621529,NA,NA,NA,NA,NA,NA,NA,NA
1987-01-01,NA,NA,NA,NA,56.594487,NA,NA,NA,NA,NA,NA,NA,NA,NA,NA,NA,NA,NA,NA,NA,NA,NA,11096.8895449471,NA,7768.62085241333,NA,1854.38873060983,NA,26816.8049555402,NA,18173.5897610203,NA,1888.25582642454,NA,45237.0136653374,NA,3090.95280357807,2447305.8415079,44127.0169564376,NA,NA,NA,NA,NA,NA,NA,NA
1987-04-01,NA,NA,NA,NA,56.5956204776386,NA,NA,NA,NA,NA,NA,NA,NA,NA,NA,NA,NA,NA,NA,NA,NA,NA,11161.1611935866,NA,7826.11143377865,NA,1893.73331930067,NA,26759.6558705126,NA,17955.9652328762,NA,1935.34989511528,NA,45474.2763189378,NA,3149.96354562417,2455499.56533571,44250.9797145683,NA,NA,NA,NA,NA,NA,NA,NA
1987-07-01,NA,NA,NA,NA,56.5983611788746,NA,NA,NA,NA,NA,NA,NA,NA,NA,NA,NA,NA,NA,NA,NA,NA,NA,11225.805094721,NA,7884.0274660713,NA,1933.91268261761,NA,26702.6285754568,NA,17740.9467080518,NA,1983.61851403107,NA,45712.7833863982,NA,3210.10088775061,2463720.72223258,44375.2907120876,NA,NA,NA,NA,NA,NA,NA,NA
1987-10-01,NA,NA,NA,NA,56.6029046558673,NA,NA,NA,NA,NA,NA,NA,NA,NA,NA,NA,NA,NA,NA,NA,NA,NA,11290.8234043853,NA,7942.37209778077,NA,1974.94453198426,NA,26645.7228108271,NA,17528.5029802611,NA,2033.09097705685,NA,45952.5413945185,NA,3271.38633837597,2471969.40404605,44499.9509272785,NA,NA,NA,NA,NA,NA,NA,NA
1988-01-01,NA,NA,NA,NA,56.609375,NA,NA,NA,NA,NA,NA,NA,NA,NA,NA,NA,NA,NA,NA,NA,NA,NA,11356.2182911017,NA,8001.14850069652,NA,2016.8469546077,NA,26588.9383176311,NA,17318.603216906,NA,2083.79730868214,NA,46193.556904331,NA,3333.84181654554,2480245.70293114,44624.9613411724,NA,NA,NA,NA,NA,NA,NA,NA
1988-04-01,NA,NA,NA,NA,56.6176919804453,NA,NA,NA,NA,NA,NA,NA,NA,NA,NA,NA,NA,NA,NA,NA,NA,NA,11421.9919359526,NA,8060.35987008036,NA,2059.6384214515,NA,26532.274837428,NA,17111.2169546014,NA,2135.76828222257,NA,46435.8365112794,NA,3397.48965977075,2488549.71135144,44750.3229375566,NA,NA,NA,NA,NA,NA,NA,NA
1988-07-01,NA,NA,NA,NA,56.6274518101137,NA,NA,NA,NA,NA,NA,NA,NA,NA,NA,NA,NA,NA,NA,NA,NA,NA,11488.1465326527,NA,8120.00942484022,NA,2103.33779537792,NA,26475.7321123281,NA,16906.3140947545,NA,2189.03543849607,NA,46679.3868454002,NA,3462.35263201831,2496881.5220801,44876.0367029819,NA,NA,NA,NA,NA,NA,NA,NA
1988-10-01,NA,NA,NA,NA,56.6381894996206,NA,NA,NA,NA,NA,NA,NA,NA,NA,NA,NA,NA,NA,NA,NA,NA,NA,11554.6842876222,NA,8180.10040770508,NA,2147.96433946279,NA,26419.309884991,NA,16703.8648991961,NA,2243.63110496475,NA,46924.2145715032,NA,3528.45393185186,2505241.22820089,45002.1036267707,NA,NA,NA,NA,NA,NA,NA,NA
1989-01-01,NA,NA,NA,NA,56.649201,NA,NA,NA,NA,NA,NA,NA,NA,NA,NA,NA,NA,NA,NA,NA,NA,NA,11621.6074200609,NA,8240.63608540127,NA,2193.53772548686,NA,26363.0078986249,NA,16503.8399858646,NA,2299.58841535419,NA,47170.3263893547,NA,3595.81720072902,2513628.92310921,45128.5247010248,NA,NA,NA,NA,NA,NA,NA,NA
1989-04-01,NA,NA,NA,NA,56.6598171277554,NA,NA,NA,NA,NA,NA,NA,NA,NA,NA,NA,NA,NA,NA,NA,NA,NA,11688.9181620218,NA,8301.6197488301,NA,2240.07804260728,NA,26306.8258969853,NA,16306.2103245417,NA,2356.94132976209,NA,47417.7290338601,NA,3664.46653145692,2522044.70051317,45255.3009206327,NA,NA,NA,NA,NA,NA,NA,NA
1989-07-01,NA,NA,NA,NA,56.6706270956604,NA,NA,NA,NA,NA,NA,NA,NA,NA,NA,NA,NA,NA,NA,NA,NA,NA,11756.6187584855,NA,8363.0547132467,NA,2287.60580621313,NA,26250.7636243736,NA,16110.9472326396,NA,2415.72465526839,NA,47666.4292752488,NA,3734.42647680906,2530488.65443463,45382.4332832779,NA,NA,NA,NA,NA,NA,NA,NA
1989-10-01,NA,NA,NA,NA,56.6820421170704,NA,NA,NA,NA,NA,NA,NA,NA,NA,NA,NA,NA,NA,NA,NA,NA,NA,11824.7114674354,NA,8424.94431844029,NA,2336.14196696872,NA,26194.8208256361,NA,15918.0223710375,NA,2475.97406705946,NA,47916.4339192593,NA,3805.72205830677,2538960.87921021,45509.9227894467,NA,NA,NA,NA,NA,NA,NA,NA
1990-01-01,NA,NA,NA,NA,56.69436,NA,NA,NA,44.208,NA,NA,NA,NA,NA,NA,NA,NA,NA,NA,NA,NA,NA,11893.1985599328,NA,8487.29192891572,NA,2385.70792004888,NA,26138.9972461631,NA,15727.4077399692,NA,2537.72613007912,NA,48167.7498073251,NA,3878.37877516829,2547461.46949239,45637.7704424359,NA,NA,NA,NA,3.78890576818106,NA,NA,NA
1990-04-01,NA,NA,NA,NA,56.7074407001634,NA,NA,NA,46.009,NA,NA,NA,NA,NA,NA,NA,NA,NA,NA,NA,NA,NA,11962.0823201926,NA,8550.10093407639,NA,2436.32551457014,NA,26083.2926318874,NA,15539.075674959,NA,2601.01832121963,NA,48420.3838167624,NA,3952.42261342864,2555990.52025057,45765.9772483609,NA,NA,NA,NA,3.82883702952562,NA,NA,NA
1990-07-01,NA,NA,NA,NA,56.720863867916,NA,NA,NA,47.391,NA,NA,NA,NA,NA,NA,NA,NA,NA,NA,NA,NA,NA,12031.3650456596,NA,8613.37474840851,NA,2488.017063222,NA,26027.706729283,NA,15352.9988428071,NA,2665.88905206618,NA,48674.342860958,NA,4027.88005523371,2564548.12677209,45894.5442161633,NA,NA,NA,NA,3.85843233725507,NA,NA,NA
1990-10-01,NA,NA,NA,NA,56.7335181996368,NA,NA,NA,49.406,NA,NA,NA,NA,NA,NA,NA,NA,NA,NA,NA,NA,NA,12101.0490470851,NA,8677.11681166669,NA,2540.80535210254,NA,25972.2392853644,NA,15169.1502376223,NA,2732.37769220857,NA,48929.6338895586,NA,4104.77808831169,2573134.38466332,46023.4723576192,NA,NA,NA,NA,3.90007187430839,NA,NA,NA
1991-01-01,NA,NA,NA,NA,56.744119,NA,NA,NA,51.996,NA,NA,NA,NA,NA,NA,NA,NA,NA,NA,NA,NA,NA,12171.1366486038,NA,8741.33058906098,NA,2594.71365076282,NA,25916.8900476854,NA,14987.5031769029,NA,2800.52459313439,NA,49186.263888661,NA,4183.14421562539,2581749.38985073,46152.7626873471,NA,NA,NA,NA,3.95116679254577,NA,NA,NA
1991-04-01,NA,NA,NA,NA,56.7518493071977,NA,NA,NA,53.914,NA,NA,NA,NA,NA,NA,NA,NA,NA,NA,NA,NA,NA,12241.6301878117,NA,8806.01957144522,NA,2649.7657224642,NA,25861.6587643375,NA,14808.0312976637,NA,2870.37111271798,NA,49444.2398810031,NA,4263.0064652088,2590393.23858196,46282.4162228155,NA,NA,NA,NA,3.98739018444803,NA,NA,NA
1991-07-01,NA,NA,NA,NA,56.7581614762909,NA,NA,NA,54.716,NA,NA,NA,NA,NA,NA,NA,NA,NA,NA,NA,NA,NA,12312.5320158436,NA,8871.18727550681,NA,2705.98583465349,NA,25806.545183949,NA,14630.7085526104,NA,2941.95964032032,NA,49703.5689261564,NA,4344.39340019146,2599066.02742689,46412.4339843514,NA,NA,NA,NA,4.0021561712272,NA,NA,NA
1991-10-01,NA,NA,NA,NA,56.7646528503569,NA,NA,NA,56.036,NA,NA,NA,NA,NA,NA,NA,NA,NA,NA,NA,NA,NA,12383.844497452,NA,8936.83724395791,NA,2763.39876966021,NA,25751.5490556843,NA,14455.5092063587,NA,3015.33362251478,NA,49964.2581207189,NA,4427.33412901421,2607767.85327873,46542.8169951482,NA,NA,NA,NA,4.02599434133387,NA,NA,NA
1992-01-01,NA,NA,NA,NA,56.772923,NA,NA,NA,59.637,NA,NA,NA,NA,NA,NA,NA,NA,NA,NA,NA,NA,NA,12455.5700110856,NA,9002.97304572802,NA,2822.02983562085,NA,25696.6701292418,NA,14282.4078317,NA,3090.53758945454,NA,50226.3145985093,NA,4511.85831583994,2616498.81335507,46673.5662812734,NA,NA,NA,NA,4.08827618682049,NA,NA,NA
1992-04-01,NA,NA,NA,NA,56.7839528886087,NA,NA,NA,62.079,NA,NA,NA,NA,NA,NA,NA,NA,NA,NA,NA,NA,NA,12527.7109489686,NA,9069.598276158,NA,2881.90487763497,NA,25641.9081548539,NA,14111.3793059102,NA,3167.61718189764,NA,50489.7455307624,NA,4597.99619116316,2625259.00519902,46804.6828716774,NA,NA,NA,NA,4.1284077674978,NA,NA,NA
1992-07-01,NA,NA,NA,NA,56.7967328102611,NA,NA,NA,63.289,NA,NA,NA,NA,NA,NA,NA,NA,NA,NA,NA,NA,NA,12600.2697171809,NA,9136.71655719552,NA,2943.05028915793,NA,25587.2628832847,NA,13942.3988071042,NA,3246.61917890603,NA,50754.5581263254,NA,4685.77856262207,2634048.52668025,46936.1677982006,NA,NA,NA,NA,4.14771153837798,NA,NA,NA
1992-10-01,NA,NA,NA,NA,56.8097706677416,NA,NA,NA,63.982,NA,NA,NA,NA,NA,NA,NA,NA,NA,NA,NA,NA,NA,12673.2487357379,NA,9204.33153759197,NA,3005.49302363535,NA,25532.73406583,NA,13775.4418106334,NA,3327.59152623548,NA,51020.7596318548,NA,4775.23682601708,2642867.47599611,47068.0220955825,NA,NA,NA,NA,4.15860179380147,NA,NA,NA
1993-01-01,NA,NA,NA,NA,56.82125,NA,NA,NA,64.69,NA,NA,NA,NA,NA,NA,NA,NA,NA,NA,NA,NA,NA,12746.6504386714,NA,9272.44689310078,NA,3069.26060638443,NA,25478.3214543151,NA,13610.4840855258,NA,3410.58336543347,NA,51288.3573320149,NA,4866.40297653964,2651715.95167272,47200.2468014693,NA,NA,NA,NA,4.16960663005589,NA,NA,NA
1993-04-01,NA,NA,NA,NA,56.8297141117042,NA,NA,NA,65.221,NA,NA,NA,NA,NA,NA,NA,NA,NA,NA,NA,NA,NA,12820.4772741109,NA,9341.06632667731,NA,3134.38114672738,NA,25424.0248010946,NA,13447.50169097,NA,3495.64506366287,NA,51557.3585496776,NA,4959.30962021551,2660594.05256608,47332.8429564221,NA,NA,NA,NA,4.17778150296365,NA,NA,NA
1993-07-01,NA,NA,NA,NA,56.8357082825609,NA,NA,NA,65.851,NA,NA,NA,NA,NA,NA,NA,NA,NA,NA,NA,NA,NA,12894.7317043649,NA,9410.1935686801,NA,3200.88335038225,NA,25369.8438590506,NA,13286.4709728402,NA,3582.82824426946,NA,51827.7706461218,NA,5053.98998556644,2669501.87786315,47465.8116039253,NA,NA,NA,NA,4.18739461410284,NA,NA,NA
1993-10-01,NA,NA,NA,NA,56.8397548337586,NA,NA,NA,65.141,NA,NA,NA,NA,NA,NA,NA,NA,NA,NA,NA,NA,NA,12969.4162060035,NA,9479.83237707368,NA,3268.79653211667,NA,25315.7783815919,NA,13127.368560263,NA,3672.18581811171,NA,52099.6010212359,NA,5150.47793549456,2678439.52708297,47599.1537903945,NA,NA,NA,NA,4.17655415128076,NA,NA,NA
1994-01-01,NA,NA,NA,NA,56.842392,NA,NA,NA,64.671,NA,NA,NA,NA,NA,NA,NA,NA,NA,NA,NA,NA,NA,13044.5332699407,NA,9549.98653763288,NA,3338.15062867003,NA,25261.8281226528,NA,12970.1713622263,NA,3763.77201567203,NA,52372.8571137195,NA,5248.80797939357,2687407.10007781,47732.8705651851,NA,NA,NA,NA,4.16931287845941,NA,NA,NA
1994-04-01,NA,NA,NA,NA,56.8441012761555,NA,NA,NA,64.111,NA,NA,NA,NA,NA,NA,NA,NA,NA,NA,NA,NA,NA,13120.0854015174,NA,9620.65986414861,NA,3408.97621194992,NA,25207.9928366921,NA,12814.8565642271,NA,3857.64241996889,NA,52647.5464012874,NA,5349.0152854912,2696404.69703421,47866.9629806003,NA,NA,NA,NA,4.16061595606813,NA,NA,NA
1994-07-01,NA,NA,NA,NA,56.8450374194529,NA,NA,NA,64.657,NA,NA,NA,NA,NA,NA,NA,NA,NA,NA,NA,NA,NA,13196.0751205851,NA,9691.85619863519,NA,3481.30450250846,NA,25154.2722786917,NA,12661.401624961,NA,3953.85400028974,NA,52923.6764008742,NA,5451.13569342735,2705432.41847416,48001.4320918995,NA,NA,NA,NA,4.16909637468521,NA,NA,NA
1994-10-01,NA,NA,NA,NA,56.8451520674926,NA,NA,NA,64.238,NA,NA,NA,NA,NA,NA,NA,NA,NA,NA,NA,NA,NA,13272.5049615902,NA,9763.57941153926,NA,3555.16738330461,NA,25100.6662041558,NA,12509.7842730504,NA,4052.46514676527,NA,53201.2546688397,NA,5555.20572707223,2714490.36525622,48136.2789573065,NA,NA,NA,NA,4.16259493590355,NA,NA,NA
1995-01-01,NA,129549.6,NA,211365.7,56.844408,NA,NA,NA,63.865,NA,NA,NA,NA,NA,NA,NA,NA,NA,NA,NA,4608.40182687887,NA,13349.3774736578,NA,9835.83340195012,NA,3630.59741375848,NA,25047.1743691095,NA,12359.9825038123,NA,4153.53570580599,NA,53480.2888011761,NA,5661.26260758939,2723578.63857659,48271.5046380179,NA,8.4356364005875,NA,NA,4.15677148049474,NA,NA,NA
1995-04-01,NA,124693.5,NA,214106,56.843002154673,NA,NA,NA,64.55,NA,NA,NA,NA,NA,NA,NA,NA,NA,NA,NA,4620.61968889076,NA,13426.6952206776,NA,9908.62209781173,NA,3707.62784410379,NA,24993.7965300979,NA,12211.9745760648,NA,4257.12701642257,NA,53760.7864337155,NA,5769.344266748,2732697.33997031,48407.1101982115,NA,8.43828410687546,NA,0.00264770628796107,4.16744011729265,NA,NA,NA
1995-07-01,NA,134769.8,NA,223197.2,56.8417705769692,NA,NA,NA,65.339,NA,NA,NA,NA,NA,NA,NA,NA,NA,NA,NA,4632.97330492501,NA,13504.4607813888,NA,9981.94945613628,NA,3786.29263004486,NA,24940.532444185,NA,12065.7390089715,NA,4363.30194745205,NA,54042.7552423391,NA,5879.48936048936,2741846.57131236,48543.0967050545,NA,8.44095412345854,NA,0.00267001658308708,4.17958910149505,NA,NA,NA
1995-10-01,NA,135704.2,NA,251568,56.8417979535295,NA,NA,NA,65.944,NA,NA,NA,NA,NA,NA,NA,NA,NA,NA,NA,4645.37059878652,NA,13582.6767494663,NA,10055.8194632192,NA,3866.62644772466,NA,24887.3818689525,NA,11921.254578924,NA,4472.12493571253,NA,54326.2029431872,NA,5991.73728275235,2751026.4348188,48679.4652287121,NA,8.44362643251883,NA,0.00267230906028715,4.18880589701093,NA,242153.9125,NA
1996-01-01,205855.4,142888.4,NA,234162.8,56.844197,NA,67.7666666666667,NA,66.606,NA,NA,NA,NA,NA,NA,NA,NA,69.415314420568,NA,3621.39692113163,4657.21543547749,NA,13661.3457336072,NA,10130.2361348561,NA,3948.66470901027,NA,24834.3445624985,NA,11778.5003164619,NA,4583.66202510939,NA,54611.1372928701,NA,6106.12817956293,2760237.03304792,48816.2168423559,8.19461512019886,8.44617300248304,NA,0.00254656996420444,4.19879466357856,NA,247334.15,NA
1996-04-01,205485.6,149991.4,NA,258791.1,56.8496318628717,NA,68.5,NA,66.922,NA,NA,NA,NA,NA,NA,NA,NA,72.9970907238381,NA,3614.54583374711,4667.84652837777,NA,13740.470357618,NA,10205.2035165606,NA,4032.4435771028,NA,24781.4202834369,NA,11637.4555032289,NA,4697.98090671688,NA,54897.5660886809,NA,6222.70296339253,2769478.46890138,48953.3526221722,8.19272149288205,8.44845311548332,-0.00189362731680909,0.00228011300028363,4.20352776210359,NA,254696.9,NA
1996-07-01,207275.9,153091.6,NA,257839.8,56.8574460588569,NA,68.6666666666667,NA,67.726,NA,NA,NA,NA,NA,NA,NA,NA,73.8623529370086,NA,3645.53658962161,4676.86195890359,NA,13820.0532605016,NA,10280.725683785,NA,4117.99998247848,NA,24728.6087908959,NA,11498.0996689666,NA,4815.15095985935,NA,55185.4971688084,NA,6341.50332779058,2778750.84562536,49090.8736473704,8.20125884612428,8.45038264240975,0.00853735324222704,0.00192952692642656,4.21547015345831,NA,260779.5125,NA
1996-10-01,206261.8,154744.2,NA,286200.7,56.8667307212749,NA,69.0333333333333,NA,68.416,NA,NA,NA,NA,NA,NA,NA,NA,75.0267549044517,NA,3627.10845838784,4683.58830840971,NA,13900.097096546,NA,10356.806742141,NA,4205.37163916786,NA,24675.909844517,NA,11360.4125885429,NA,4935.24329421709,NA,55474.9384125516,NA,6462.57176229645,2788054.2668117,49228.781000192,8.19619104189284,8.45181982768862,-0.00506780423143383,0.0014371852788706,4.22560671540258,NA,266993.8125,NA
1997-01-01,208210.5,155777.3,NA,252807.6,56.876364,NA,69.4,NA,69.514,NA,NA,NA,NA,NA,NA,NA,NA,74.8207626984562,NA,3660.75616226101,4686.36266101935,NA,13980.6045354121,NA,10433.4508276235,NA,4294.59706138059,NA,24623.323204454,NA,11224.3742790171,NA,5058.33079298229,NA,55765.8977405358,NA,6585.95156763602,2797388.8363991,49367.0757659185,8.20542500676688,8.45241200852281,0.00923396487403139,0.000592180834194878,4.24152817113359,NA,270673.075,NA
1997-04-01,212926.1,159826.8,NA,273008,56.8852223787413,NA,69.7333333333333,NA,69.649,NA,NA,NA,NA,NA,NA,NA,NA,75.0656570855796,NA,3743.08284465059,4683.56754908814,NA,14061.5782622234,NA,10510.6621068354,NA,4385.71558048275,NA,24570.8486313717,NA,11089.9649967396,NA,5184.48815709132,NA,56058.3831149288,NA,6711.68687120843,2806754.65867423,49505.7590328801,8.22766484088166,8.45181539532475,0.0222398341147887,-0.000596613198057483,4.24346834262095,NA,273779.6,NA
1997-07-01,216913.4,163891.3,NA,271858.1,56.8931311000856,NA,69.8,NA,69.683,NA,NA,NA,NA,NA,NA,NA,NA,75.5596789945453,NA,3812.64654986924,4673.5133526852,NA,14143.0209776551,NA,10588.4447772136,NA,4478.76736233453,NA,24518.485886445,NA,10957.1652344864,NA,5313.79195056021,NA,56352.4025396589,NA,6839.82264286841,2816151.83827293,49644.8318924647,8.24607885948686,8.44966639172462,0.0184140186051973,-0.00214900360013281,4.24395638557842,NA,276479.9625,NA
1997-10-01,216133.5,163989.5,NA,301282.4,56.8996762605884,NA,70.2666666666667,NA,70.003,NA,NA,NA,NA,NA,NA,NA,NA,75.8777669315524,NA,3798.50140113547,4655.66625887535,NA,14224.9353980244,NA,10666.8030672577,NA,4573.79342499566,NA,24466.2347313579,NA,10825.955718628,NA,5446.32064695083,NA,56647.9640606344,NA,6970.40471101003,2825580.48018136,49784.295439126,8.24236189980867,8.44584030704734,-0.00371695967818653,-0.00382608467727863,4.24853809827388,NA,279494.9,NA
1998-01-01,217901.4,164563.7,NA,263596.9,56.904379,NA,70.7666666666667,NA,69.049,NA,NA,NA,NA,NA,NA,NA,NA,75.5256738181112,NA,3829.2553899938,4635.49648445927,NA,14307.3242553811,NA,10745.7412367599,NA,4670.83565680654,NA,24414.0949283021,NA,10696.3174063322,NA,5582.1546769959,NA,56945.075765963,NA,7103.47977895742,2835040.68973719,49924.1507703921,8.2504256481284,8.4414985886516,0.00806374831972079,-0.0043417183957466,4.2348163974912,NA,281997.4625,NA
1998-04-01,219605.6,166995.2,NA,283643.3,56.9070031129123,NA,71.1333333333333,NA,69.796,NA,NA,NA,NA,NA,NA,NA,NA,76.0468384533357,NA,3859.02591925757,4620.08316566839,NA,14390.1902975984,NA,10825.2635770361,NA,4769.93683485303,NA,24362.0662399762,NA,10568.2314828001,NA,5721.3764774119,NA,57243.7457861739,NA,7239.09544166844,2844532.57263074,50064.3989868746,8.25817007808868,8.43816798514069,0.00774442996028135,-0.00333060351090708,4.24557670153598,NA,284342.7625,NA
1998-07-01,223256.6,170051,NA,279442.7,56.9082019396972,NA,71.2666666666667,NA,69.937,NA,NA,NA,NA,NA,NA,NA,NA,76.1720194237386,NA,3923.10057936067,4615.41841111389,NA,14473.5362884652,NA,10905.3744111597,NA,4871.14064382294,NA,24310.1484295843,NA,10441.679358536,NA,5864.07054092927,NA,57543.9822944396,NA,7377.30020275728,2854056.23490623,50205.0411922767,8.27463758425986,8.4371578061239,0.0164675061711819,-0.00101017901678802,4.24759483680619,NA,286445.6,NA
1998-10-01,222467.3,170872.3,NA,310320.2,56.9086617085406,NA,71.4666666666667,NA,69.956,NA,NA,NA,NA,NA,NA,NA,NA,76.8114683137001,NA,3909.19929095105,4626.51429627538,NA,14557.3650077775,NA,10986.0780941962,NA,4974.49169526263,NA,24258.3412608355,NA,10316.6426666487,NA,6010.32346757049,NA,57845.7935068003,NA,7518.14349184199,2863611.78296288,50346.0784934024,8.27108784708511,8.43955901176869,-0.00354973717474927,0.00240120564478907,4.24786647298694,NA,289319.1,NA
1999-01-01,223457.2,171403.7,197836,272828.1,56.909109,NA,71.7666666666667,NA,69.808,639174,483140,221766,1056727,444974,268921,2538469,334466,76.7090184774265,257904.486234846,3926.5629690319,4531.86652834165,833244.920462765,14641.6792514317,629834.678620189,11067.3790134403,289100.296681883,5080.03554724223,1377578.57025764,24206.6444979421,580080.42448222,10193.1032601867,350572.860059651,6160.224017207,3309218.46007847,58149.1876823879,436019.136522292,7661.67568222324,2873199.32355618,50487.5120001646,8.27551975962302,8.41888917077459,0.00443191253791575,-0.0206698409940991,4.24574861638125,12.3093780508947,292546.1375,-0.276999617363202
1999-04-01,225701,174864.6,212433,291770.4,56.9102236304557,NA,72.1333333333333,NA,70.256,636638,443398,229944,1060694,474605,280176,2508331,350871,77.479891046071,274178.237903927,3965.91307504923,4817.73256918287,821681.589125419,14438.2069988158,572274.940005203,10055.7492748798,296778.940826428,5214.86161701895,1368992.63238418,24055.3022823048,612552.487609709,10763.4876219657,361611.246760017,6354.06476537722,3237396.13741648,56886.0203122445,452854.276461702,7957.34487712249,2784541.86095478,48928.675435122,8.28549139130279,8.48005867503046,0.00997163167977,0.0611695042558722,4.25214571381936,12.3455910799988,295722.8375,-0.251586854851397
1999-07-01,229962.2,178918.6,208702,288680.8,56.9126065443075,NA,72.4666666666667,NA,70.601,637226,444985,236180,1061010,477922,291321,2528228,356442,77.8071705074268,268229.777074439,4040.61971438561,4713.01163944438,818981.073137951,14390.1522503693,571907.443874373,10048.8710428178,303545.288255221,5333.53340650292,1363640.38568749,23960.2518402645,614239.017924937,10792.6706440117,374414.077905831,6578.75470198932,3249350.90623643,57093.693357846,458109.448879107,8049.34928647944,2791241.45735733,49044.3440713666,8.30415335384134,8.45808239656727,0.0186619625385465,-0.0219762784631925,4.25704430870483,12.3723495051553,298895.2125,-0.235498825925919
1999-10-01,228938.9,180243.5,217901,324270.4,56.9168570859057,NA,72.9333333333333,NA,70.997,666975,438250,247613,1308889,495940,302582,2813172,379373,78.7336900191372,276757.001922603,4022.33910516981,4862.47864151896,847127.830332712,14883.6016903415,556623.219226075,9779.58460330922,314494.341545296,5525.50435226288,1662425.57624552,29207.9651154382,629895.537576679,11066.9416729382,384310.706035058,6752.14208428639,3573021.91643276,62776.1633260938,481843.28704496,8465.73953157154,3091178.6293878,54310.4237945222,8.29961887935179,8.48930359542738,-0.00453447448954947,0.0312211988601092,4.26263762262748,12.4196223224531,302786.725,-0.20116163631231
2000-01-01,229854,181587.7,202902,289413.2,56.923524,NA,73.4666666666667,NA,72.006,662989,462732,254763,1426646,516108,314151,2958723,378795,79.0050673804541,256821.501110697,4037.94396144554,4511.69363848059,839172.754334014,14742.1082773093,585699.139742118,10289.2283995298,322464.125969505,5664.86582892348,1805765.18355448,31722.6527218252,653259.363117366,11476.087866896,397633.987813953,6985.40708431813,3744978.76921246,65789.6508517718,479456.587481772,8422.81984301907,3265522.18173068,57366.8310087528,8.30349092097696,8.41442789159972,0.00387204162517207,-0.0748757038276633,4.27674944887736,12.4480889802049,306932.925,-0.186295537150969
2000-04-01,232801.9,186047.5,222460,309056.9,56.9326751510463,NA,73.9666666666667,NA,72.617,662951,463470,261288,1344108,507645,324823,2890178,391797,79.9204469461119,278351.796693528,4089.07361866205,4889.13960138078,829513.629280638,14570.0799598804,579914.174294476,10185.9639083518,326935.108578884,5742.48632637589,1681807.4114454,29540.2843267676,635187.889204737,11156.8249255729,406432.912242119,7138.8339150378,3616318.61487057,63519.2111608356,490233.744894066,8610.76251192207,3126084.8699765,54908.4486489135,8.31607372427742,8.49477161634991,0.0125828033004556,0.0803437247501932,4.28519905419924,12.4733785262291,311330.275,-0.175231078925024
2000-07-01,235638.9,189242.5,213295,304821.7,56.9430370941135,NA,74.4666666666667,NA,73.61,658345,486421,267639,1374501,515581,335505,2948988,395694,80.3141885434304,265575.739316173,4138.15124772049,4663.88434598664,819711.948710029,14395.2973101037,605647.655565822,10636.0265709893,333239.997631642,5852.16410359135,1711404.95213586,30054.6834076888,641955.06342095,11273.6358329456,417740.633485419,7336.11438383575,3671814.47448145,64482.2380726339,492682.559802028,8652.20025036141,3179131.91467942,55830.0378222725,8.32800440856079,8.4476039305502,0.0119306842833691,-0.0471676857997121,4.29878088607061,12.4973943365275,315224,-0.16364443967168
2000-10-01,234556.2,190036,230322,341452.3,56.9530011101478,NA,74.9666666666667,NA,74.457,691174,503327,281573,1391112,501675,346336,3030758,425888,81.0232294183493,284266.625328858,4118.41686000647,4991.24927199329,853056.592488116,14978.2553308876,621213.204673883,10907.4709420922,347521.32446628,6101.89661110517,1716929.83603163,30146.4330687521,619174.283228935,10871.6708717675,427452.722492403,7505.35905326051,3740603.80184454,65678.7830128595,525636.910621029,9229.31013950329,3214966.89122351,56449.4728733562,8.32322411121784,8.51544151252083,-0.00478029734294516,0.0678375819706307,4.31022177754426,12.5481470179874,319170.9,-0.125334957001078
2001-01-01,234249.1,190008.7,220939,305997.7,56.960692,NA,74.9666666666667,NA,75.319,682574,544034,287991,1283385,471729,358566,2965645,425068,81.1177958621375,272368.100799353,4112.4693499159,4781.68525058216,841460.24031528,14772.6477816541,670671.576092384,11774.2877156827,355028.13770908,6232.86208863264,1582125.08902628,27775.7350459556,581535.771511494,10209.4225174001,442031.241343633,7760.28566056804,3655973.35144586,64184.1456463672,524013.25194094,9199.55909139833,3131960.09950492,54984.5865549688,8.32177894213787,8.47254832623311,-0.00144516907997705,-0.0428931862877207,4.32173242701468,12.5706845086298,322336.875,-0.112667964667653
2001-04-01,234761.4,193219.3,234434,326949.2,56.9652061076682,NA,76.1,NA,76.274,687098,554764,298937,1267505,466874,368642,2979290,444477,82.3084454833659,284823.748794257,4121.13667343333,4999.95994495166,834784.323728795,14654.284268734,674006.168798456,11831.8920416883,363191.16251614,6375.66661006516,1539945.25416733,27033.0849195337,567224.902934599,9957.39226963394,447878.705320101,7862.32045704493,3619665.00825495,63541.681942018,540013.84352451,9479.71367827312,3079651.16473044,54061.9682637449,8.32388429590251,8.51718518037448,0.00210535376464627,0.0446368541413733,4.3343321200612,12.6079881278308,325923.0375,-0.0864284233580975
2001-07-01,236150.8,194691.2,220407,319830.6,56.9695762471599,NA,76.0333333333333,NA,77.91,697026,565510,303919,1112017,424961,378509,2852760,443646,82.4474991004214,267330.122083562,4145.20899673662,4692.50676753786,845418.002492737,14839.8155328544,685903.157973544,12039.8149882278,368621.247843825,6470.49306185075,1348757.7090065,23675.0525079382,515432.250385661,9047.50016306041,459090.941665768,8058.52828664238,3460092.82407138,60735.8006150499,538095.157331137,9445.30735135953,2921997.66674025,51290.4932636904,8.32970848770639,8.45372221066268,0.00582419180387639,-0.0634629697117965,4.35555431434277,12.6245164975165,329560.3625,-0.0809983128638407
2001-10-01,234212.8,193654.8,232444,355845.6,56.9776418412598,NA,76.6666666666667,NA,79.991,739406,566966,312323,1232100,435333,389768,3025419,464634,82.6871885646102,281112.472240331,4110.60887097642,4933.73300747533,894220.752737581,15694.239421647,685675.749583605,12034.1194796005,377716.313036761,6629.20227708058,1490073.63944568,26151.9008385261,526481.801542737,9240.14726705468,471376.529745527,8273.00875418443,3658872.73774703,64215.9383840539,561917.76267365,9862.07474572496,3096954.97507338,54353.8636383289,8.32132644030796,8.50385118283134,-0.00838204739843285,0.0501289721686557,4.38191412834528,12.6517931876935,333018.175,-0.0641591593592306
2002-01-01,233332.5,194282.1,226842,314741,56.99327,NA,76.8,NA,84.58,724461,573533,319199,1311123,437485,401597,3105505,463928,83.2680013772525,272423.975894742,4094.03601512951,4779.93236560636,870035.293290841,15265.5794849259,688779.591816503,12085.2793990677,383339.331700593,6726.04557872522,1574582.04630114,27627.5084111007,525393.900134505,9218.52527736178,482294.51092567,8462.30635521825,3729529.88979555,65438.0752288042,557150.396702974,9775.72258449066,3172379.49309257,55662.3526443135,8.3172865632342,8.47218167593066,-0.00403987707375286,-0.0316695069006787,4.43769783204434,12.6735700117208,335482.3375,-0.0497545769817435
2002-04-01,233720.1,197428.1,246838,337746.2,57.0193311231424,NA,77.9666666666667,NA,86.363,725758,608370,329413,1212522,411944,412564,3056432,479075,84.476028565586,292198.868947015,4098.96249914338,5124.55799097265,859128.929618811,15067.3273904842,720168.79856949,12630.2568687481,389948.49260018,6838.88226885761,1435344.4646828,25172.9446208855,487646.03047144,8552.29307089362,488379.966489181,8565.16477603789,3618105.69447761,63454.0185444078,567113.54467623,9945.98732579758,3050992.14980138,53508.0312186102,8.31848917168068,8.54179955462337,0.00120260844648001,0.0696178786927035,4.45855934334802,12.7050675616421,338166.6875,-0.0262266495444673
2002-07-01,236427.7,200751.2,228354,333920.3,57.0587393831114,NA,78.0333333333333,NA,87.401,727117,634242,335824,1107388,396729,423685,2988837,482622,84.9142109661037,268923.184237271,4143.5843580866,4713.09368459109,856296.009498638,15007.2717826656,746920.913218141,13090.3858250892,395486.216240124,6931.2119495788,1304125.64328255,22855.8439492716,467211.548557364,8188.25570996846,498956.529395448,8744.6118647187,3519831.32857832,61687.8565252729,568364.228447762,9961.03725025496,2951467.10013055,51726.819275018,8.32931647921944,8.45809980463643,0.0108273075387579,-0.0836997499869305,4.47050672424363,12.7243424921854,341395.35,-0.0164539766776784
2002-10-01,235921.1,201595.1,244086,369114.8,57.113879268048,NA,78.9,NA,88.05,775866,637309,346415,1184852,400122,435060,3134917,507583,85.4542709247508,285633.470812637,4130.71398797428,5001.12187218271,907931.214676456,15896.857757032,745789.523570098,13057.9385103565,405380.557637717,7097.75912322777,1386533.3905234,24276.6453319708,468229.376566022,8198.17148767848,509114.401529567,8914.02244172877,3668531.67907844,64231.877191553,593982.014599325,10399.9592080173,3074549.66447911,53831.9179835356,8.32620554945746,8.5174175406846,-0.00311092976198246,0.0593177360481647,4.47790483494222,12.7553927572733,344363.5375,0.00593958387442386
2003-01-01,234079.2,201625,235317,325711,57.186378,NA,78.9666666666667,4.56333333333333,90.044,769160,658005,352025,1044236,397745,450745,3018339,500860,86.1394593710014,273181.421985124,4093.26850530733,4777.03662199282,892924.108900242,15614.2798360169,763883.364029466,13357.7853808028,408668.68978575,7146.25937291833,1212262.07782718,21198.4413110965,461745.410180621,8074.39509773851,523273.541871964,9150.31796334371,3504014.32983235,61273.5838914706,581452.453564636,10167.6740842834,2922561.87626771,51105.9098071871,8.31709907544197,8.47157567967684,-0.00910647401548559,-0.0458418610077551,4.50029843975192,12.7714574747855,347191.675,0.0138251908392082
2003-04-01,236153.4,205685.9,253004,348424,57.2749245985683,NA,80.2,4.23333333333333,91.249,774123,649922,362491,1183385,412743,465996,3173560,523450,87.1025570132695,290466.788433612,4123.15514433524,5071.44776653051,888748.880107007,15517.2422545489,746157.199381631,13027.6417579131,416165.738905664,7266.10714588469,1358611.09085434,23720.8708763328,473858.649106158,8273.4050271976,534996.92314315,9340.85774696112,3643475.12727615,63613.7917738477,600958.247322471,10492.519222583,3042516.87995368,53121.2725512647,8.32437396099125,8.53138161135071,0.00727488554927191,0.0598059316738642,4.51359203349844,12.8007549253824,350574.8875,0.0334253036890262
2003-07-01,239216.1,209148.8,239228,345659.9,57.3785660173676,NA,80.2666666666667,3.97,92.941,776981,647744,369424,1094022,415031,481121,3100383,526397,87.4350489040373,273606.526214173,4169.08467052998,4768.44482539624,888637.920077978,15487.2800377932,740828.773036908,12911.2458616109,422512.487418466,7363.59440022565,1251239.65013244,21806.7431269318,474673.492154742,8272.66216466729,550261.029221869,9590.01012774201,3545926.99250705,61798.8081374106,602043.467234446,10492.4801894181,2943883.52527261,51306.3279479926,8.33545178722841,8.46977549831058,0.0110778262371607,-0.0616061130401331,4.53196488322882,12.8197003148588,353739.175,0.0433851880941254
2003-10-01,236625.9,207787.7,253170,379591.1,57.4929205740917,NA,81.0333333333333,3.92,93.518,824969,642802,382210,1173609,409347,496665,3242662,554072,87.8169082517149,288293.000790148,4115.73977521385,5014.40869434736,939419.317331626,16339.739013971,731979.766535959,12731.6504228142,435235.090381967,7570.23797079633,1336427.14525546,23245.073165716,466136.884285045,8107.72664930683,565568.761059521,9837.18961242656,3692525.80688148,64225.7476226639,630939.998948528,10974.220697928,3061585.80793295,53251.5269247359,8.32257387221814,8.52007078603611,-0.012877915010268,0.0502952877255343,4.5381539311353,12.8537254747579,357092.775,0.0679745738079384
2004-01-01,236071.4,207673.4,243761,337366.1,57.61199,NA,80.7666666666667,3.82,94.486,823968,687252,391076,1143930,411908,511218,3265919,552425,87.9747585199958,277080.612781217,4097.60884843589,4809.42617641253,936595.92121838,16256.9618098313,781192.25509871,13559.5429892061,444532.052805933,7715.96420824785,1300293.42420985,22569.8404830288,468211.572193605,8126.98141816669,581096.224190039,10086.3765370722,3712336.41892599,64436.8718894451,627935.795782195,10899.3943063275,3084400.6231438,53537.4775831176,8.31815887486207,8.4783330579401,-0.00441499735606321,-0.0417377280960132,4.54845167537653,12.876657193481,359874.65,0.0831461381268877
2004-04-01,237995.7,212416.7,262537,364811.9,57.7297141472268,NA,82.1,3.76666666666667,96.396,839292,692566,405794,1148765,407998,524805,3307185,572975,89.2565575451758,294137.492214083,4122.58580378633,5095.07965800681,940314.104737017,16288.2168849642,775927.303323869,13440.6919345736,454637.744453245,7875.28140696822,1287037.08903245,22294.187803358,457107.030812272,7918.05463727955,587973.606011388,10184.9388083214,3705257.17208634,64182.8428707772,641941.629565982,11119.7784199806,3063315.54252036,53063.0644507966,8.32423586774932,8.53603058007961,0.00607699288724106,0.0576975221395166,4.56846470697968,12.9136009206559,363041.9375,0.111327283778962
2004-07-01,241452.4,216732.6,249318,359234.6,57.8433130966889,NA,82.0666666666667,3.78,98.921,842577,711922,416405,1136658,403070,538707,3330747,579066,89.7662949329981,277741.216996972,4174.24914088854,4801.61322247758,938634.03923366,16227.1832124255,793083.863527376,13710.8996886414,463876.781715015,8019.54032162049,1266241.41148792,21890.8866677694,449021.540101274,7762.72167105479,600121.683090622,10374.9534900859,3710465.04981194,64146.8278901946,645081.765302018,11152.2271247451,3065383.28450992,52994.6007654495,8.33668977461687,8.47670722844722,0.012453906867556,-0.0593233516323934,4.59432155178125,12.9394136233358,365975.05,0.12909318267482
2004-10-01,239566.7,215887.5,262428,395943.6,57.9499724134676,NA,82.7666666666667,3.74666666666667,100.436,869842,719008,433145,1236259,402765,552683,3486133,610060,90.1200932548532,291198.100802972,4134.02612672037,5024.99118938834,965203.173436748,16655.8003953844,797833.173526237,13767.6195569822,480630.88303193,8293.89321538713,1371790.63552891,23671.9808206519,446920.309837019,7712.17467798404,613273.888251593,10582.8158791162,3868319.34376884,66752.7383131219,676941.154815268,11681.4750140924,3191378.18895357,55071.2632990294,8.32700706018313,8.52217897957019,-0.00968271443374213,0.0454717511229656,4.60952070872535,12.9788278239064,369553.6875,0.158776517391101
2005-01-01,238114.9,214176.8,250759,347966,58.044368,NA,82.4666666666667,3.69,102.35,869199,747227,444973,1324922,402899,568024,3611567,609550,89.9510918289375,278772.602868318,4102.29119903588,4802.75024905634,966301.778363046,16647.6406180018,830703.646622792,14311.5288398487,494683.267265079,8522.50242891919,1472935.98450105,25376.0362159692,447908.960089339,7716.66529454397,631480.939753602,10879.2801353889,4015034.0886003,69171.8116148719,677646.026975635,11674.6215063559,3337388.06162467,57497.190108516,8.31930092563874,8.47694400136558,-0.00770613454438518,-0.045234978204606,4.6283983121073,13.0057688851503,372905.8625,0.176687597733968
2005-04-01,240355.4,219215.2,265968,373762.3,58.1220118368477,NA,83.9,3.65333333333333,104.242,888813,776170,462033,1371580,407917,582884,3724270,636153,91.2089311021982,291603.022627233,4135.35926242012,5017.08412031197,974480.228261965,16766.1131723622,850980.261056139,14641.2733173259,506565.524249264,8715.55385369705,1503778.17547622,25872.7825818801,447233.61525083,7694.73734849792,639064.610182623,10995.2252165069,4083229.52039314,70252.7216686001,697467.882051156,12000.0643475486,3385761.63834199,58252.6573210515,8.32732948697752,8.5206041913981,0.00802856133877583,0.0436601900325169,4.64671511912524,13.0433915960844,376038.9125,0.205943688375677
2005-07-01,246506.2,225729.8,252641,369124.8,58.1872340044719,NA,83.8666666666667,3.6,106.275,894143,751374,473737,1467236,417250,597833,3814181,644264,91.5759928106968,275881.256916594,4236.43096664562,4741.26776494293,976394.546820088,16780.219295955,820492.333130603,14100.8994011907,517315.712841132,8890.53624376395,1602205.94390172,27535.3515477053,455632.515895871,7830.45497335126,652827.211205695,11219.4233387262,4165044.66174291,71580.0421347199,703529.364220821,12090.7854834061,3461515.29752209,59489.2566513139,8.35147644060327,8.46405983988624,0.0241469536257508,-0.0565443515118567,4.66603007424485,13.068407594369,379106.8875,0.222834125000094
2005-10-01,242540.6,223423.6,275328,408220.2,58.2422556372873,NA,84.7,3.64,107.231,924133,736403,491650,1499383,411840,612782,3889283,674719,92.1223872093917,298871.977095195,4164.34077537209,5131.53163154372,1003157.89461629,17223.8846802846,799374.638790217,13724.9945085995,533692.205438069,9163.31621429157,1627598.94247198,27945.3280897654,447057.455278377,7675.82660366895,665182.501846335,11420.9605134263,4221865.19239863,72488.0097139603,732415.887645619,12575.3352034793,3489449.30475302,59912.674510481,8.33431326485219,8.5431594572573,-0.0171631757510777,0.0790996173710639,4.67498538593696,13.1055223602083,382367.2375,0.25138557971304
2006-01-01,242735.5,223931.3,260196,364183.5,58.288996,NA,84.2666666666667,3.91666666666667,108.387,932586,710705,506102,1579585,403951,625552,3954164,676594,92.2575868539442,282032.089579716,4164.3451878979,4838.51342335208,1010850.19866865,17342.041689458,770348.568866362,13216.0205481385,548574.938125388,9411.29502600092,1712146.45197765,29373.4078380359,437851.252970129,7511.73091006971,678049.384697576,11632.545269738,4286004.1486452,73530.2448620869,733374.915898393,12581.7043734703,3552629.23274681,60948.5404886166,8.33431432444931,8.4843628085968,0.00000105959711760306,-0.0587966486605058,4.68570815561456,13.1344935089825,386378.425,0.269920965142253
2006-04-01,243677.1,228565.4,275912,389876.3,58.3302784209593,NA,85.8666666666667,4.19333333333333,110.487,951388,692573,523354,1570467,388510,630306,3957127,701823,93.8029196844325,294140.098120837,4177.54049177385,5042.66576610659,1014241.35112278,17387.9051939916,738327.764562044,12657.7102758479,557929.32859728,9565.00369449299,1674219.74207551,28702.4130074086,414176.873499255,7100.54682938789,671947.10156192,11519.6964552886,4218554.19139659,72321.8593429647,748188.864868003,12826.7665631296,3470365.32652858,59495.0927798351,8.33747795324695,8.52569014308211,0.00316362879764398,0.0413273344853078,4.70489786697803,13.1680133783225,390249.5875,0.293471596960128
2006-07-01,248931.5,234703.5,264174,383778.4,58.3751331808199,NA,85.8666666666667,4.52,112.494,960001,720410,535755,1668219,394211,640525,4102416,712755,94.2888406485722,280175.255293056,4264.34144876247,4799.56515773933,1018149.11859831,17441.4868646987,764045.877587009,13088.5504829657,568206.15919633,9733.7021473901,1769264.51584837,30308.5306952188,418088.712607338,7162.10293366333,679322.171737509,11637.1841008615,4350903.00377145,74533.5002541974,755927.207395135,12949.4729383077,3594975.79637631,61584.0273158897,8.35804303974157,8.47628060065463,0.020565086494619,-0.0494095424274796,4.72289988688887,13.1914322460034,394075.4375,0.30713461031454
2006-10-01,244969.4,231666.2,283093,422026.4,58.4324560684091,NA,86.4,4.75,113.25,1002507,732701,554250,1702052,394309,648130,4202625,748317,94.5739269417867,299335.143579533,4192.35158818594,5122.75477910924,1060024.71549804,18141.0261834113,774738.898651212,13258.7084435437,586049.472537139,10029.5197561271,1799705.32581106,30799.7549119633,416932.036926742,7135.28174202747,685315.732314832,11728.3403509944,4443745.89900116,76049.2746325552,791250.849148533,13541.2902757705,3652495.04985263,62507.9843567848,8.34101709371144,8.5414476161352,-0.0170259460301292,0.0651670154805739,4.72959776436314,13.2253711274786,397697.3875,0.331924465326228
2007-01-01,245175.4,231378.3,269831,380055.5,58.510725,NA,85.9666666666667,5.03333333333333,114.741,993822,758390,570980,1763241,380817,646079,4274512,753606,94.3770328257918,285907.483972371,4190.2642635175,4886.41157620882,1053033.74162491,17997.2772790784,803574.744079837,13733.8025478207,604998.88892879,10339.9656888338,1868294.59160336,31930.8057044818,403506.010517348,6896.27432436271,684572.27426569,11699.9451684403,4529186.6802914,77407.8031043265,798505.714193264,13647.1683472263,3730680.96609813,63760.6347571002,8.34051908097926,8.49421348408847,-0.000498012732183639,-0.0472341320467269,4.7426774144922,13.255109461755,401245.7625,0.352780069132077
2007-04-01,247786.2,237395.1,293727,404731.6,58.6131319189002,NA,87.4666666666667,5.26333333333333,116.054,1004733,746171,588637,1718243,368697,651529,4238649,779949,95.8109664483652,306569.290435345,4227.48609207316,5230.38575825514,1048661.79441105,17891.2431409062,778794.983142279,13287.0392290222,614373.303829714,10481.8371534862,1793367.77792133,30596.6891583736,384817.118193563,6565.37375832455,680015.058976703,11601.7526570258,4423970.61330585,75477.4650060852,814049.820090619,13888.522818009,3609920.79321523,61588.9421880762,8.34936279089699,8.56224031308752,0.00884370991772876,0.0680268289990469,4.75405560002821,13.285564973832,404575.7375,0.374970738548002
2007-07-01,252482.8,242889,269193,399731.6,58.735836544444,NA,87.3,5.50333333333333,117.651,1012443,755046,600341,1578888,359424,647706,4110322,789735,96.2047764704016,279812.510226891,4298.6158851922,4763.91461650781,1052383.29856885,17917.2266963889,784832.133810214,13362.0661589854,624024.109847291,10624.248270902,1641174.23055992,27941.6166877623,373603.071683848,6360.73466666557,673257.632067025,11462.4677484177,4272471.85722071,72740.4615066277,820889.59506389,13975.9581774704,3451582.26215682,58764.5033291573,8.36604836270026,8.46882500766718,0.0166855718032668,-0.0934153054203346,4.76772261492475,13.3052531060914,407473.7875,0.387521221650664
2007-10-01,245973.3,238852.5,288363,437195.8,58.8692622331121,NA,88.6,5.60333333333333,118.271,1050862,761183,615261,1464110,348046,643760,4042274,817779,97.1096545962529,296945.758069998,4178.29764922122,5044.15626773348,1082139.57136302,18382.0814175984,783838.644226186,13314.9051727932,633573.46142156,10762.3815449346,1507687.37267911,25610.7740353349,358405.146683973,6088.15420965785,662920.697922903,11260.8969906545,4162587.14625886,70709.0082049226,842119.152209976,14304.9041259483,3320467.99404889,56404.1040789743,8.33765918161368,8.52598567751956,-0.0283891810865793,0.0571606698523741,4.77297860145684,13.3298018470045,408179.2125,0.410340243735087
2008-01-01,245581.7,238955.7,277331,392570.5,59.001769,NA,88.7666666666667,5.55,119.027,1059785,754029,621433,1371382,322437,635382,3941413,813269,97.3065285079737,285007.598413373,4162.27689715541,4830.49242834351,1089120.14049824,18459.1099378433,774900.730261086,13133.5168994863,638634.436484986,10823.9879466154,1409342.23122308,23886.4402730549,331362.144908477,5616.13915183588,652969.548644348,11066.9486646129,4050512.39668572,68650.6941289459,835780.509766472,14165.3466316658,3214731.88691925,54485.3474972801,8.33381753457128,8.48270369348786,-0.00384164704240142,-0.0432819840317027,4.77935035813202,13.3397833804209,407466.225,0.422070055628492
2008-04-01,244630.3,242964.3,301048,416516.1,59.1233800080712,NA,90.7333333333333,5.67,120.214,1080179,755737,632587,1349941,304484,630107,3942041,832519,99.3236802373065,303097.911072897,4137.62372798383,5126.53219473447,1087534.20878003,18394.3172503258,760883.002114274,12869.4097328401,636894.442985407,10772.2941905294,1359133.08565962,22988.0816264916,306557.307655656,5185.04367669451,634397.556045581,10730.0623874849,3968883.34240292,67128.8302844173,838187.829942392,14176.9267898413,3130695.51246053,52951.903494576,8.32787692328263,8.54218472415177,-0.00594061128864531,0.0594810306639104,4.78927348786446,13.3575730395319,406062.4,0.443310918176526
2008-07-01,249314.7,248628.9,274995,406962.8,59.233630223923,NA,90.8333333333333,5.83333333333333,120.728,1086557,784508,636031,1353101,287192,623266,3967750,828583,99.7296531041195,275740.455762842,4209.00591534753,4655.13348954724,1089502.43601631,18393.3085292532,786634.64233748,13280.2031441216,637755.151254735,10766.7746995044,1356768.98282935,22905.3829336528,287970.519360141,4861.60510965672,624955.547924447,10550.6879379485,3978505.76684309,67166.3335811599,830829.120737986,14026.3076498464,3147676.6461051,53140.0259313134,8.34498177417408,8.44572586589447,0.0171048508914495,-0.0964588582573001,4.79354008131625,13.3630025832728,405240.95,0.450765475818095
2008-10-01,241334.4,239539.7,284676,427669.8,59.3332312758056,NA,91.2,5.44666666666667,118.89,1120628,808830,638467,1201699,255395,619549,3876884,846134,99.2610479912912,286795.279478589,4067.44070415071,4833.6366200156,1128970.5505611,19027.6262776449,814851.360496379,13733.4735185517,643220.087758913,10840.8066428905,1210645.08618268,20404.1657626078,257296.296148724,4336.46188849388,624161.252110049,10519.5897592141,3905745.5854588,65827.2860162169,852433.071303294,14366.8742283869,3053312.51415551,51460.41178783,8.31076926102767,8.48335438674067,-0.0342125131464055,0.0376285208462015,4.77819869587045,13.3668252694856,403478.1875,0.458947562495025
2009-01-01,239775.1,233610.8,272773,374351.6,59.420592,7.3,89.9666666666667,4.61666666666667,119.31,1118097,805087,643526,1098316,244889,618457,3755075,831581,97.4337508620356,279957.404479113,4035.21896920852,4711.45431333153,1147545.88641795,19312.2594002084,826291.703723886,13905.8140606187,660475.445424678,11115.2619520297,1127243.88652059,18970.593334388,251338.984523708,4229.8296947918,634746.168066263,10682.259242154,3853977.66870036,64859.2943789649,853483.513302802,14363.4299924646,3000494.15539756,50495.8643865003,8.30281584669346,8.45775191075835,-0.00795341433421193,-0.0256024759823177,4.78172514788771,13.3747177092425,401622.1375,0.471450740145103
2009-04-01,239718.9,236703.1,286605,393501,59.4946546150074,7.6,91.5,4.23333333333333,119.184,1124803,789351,657003,1129314,258753,629663,3792315,853455,98.7466237095451,290242.834877094,4029.25105711146,4878.46911214576,1139079.95812446,19145.9210158542,799370.115500667,13435.9989258435,665342.241910487,11183.2272363954,1143648.21558029,19222.7053502687,262037.31356031,4404.38414603741,637655.21933398,10717.8573177755,3840450.29342449,64551.1822579056,864287.778091903,14527.1501059171,2976162.51533258,50024.0321519885,8.30133579576216,8.4925867431035,-0.00148005093130621,0.0348348323451475,4.78066851743392,13.3954438636664,400012.7875,0.496192069337239
2009-07-01,246723.4,243085.5,267969,393160,59.5616048055923,8.3,90.9333333333333,3.95333333333333,119.363,1128166,786172,660364,1182865,284300,649719,3862543,850255,98.5301850901281,271966.402737275,4142.32290760633,4566.13624876238,1144995.31181032,19223.7149342695,797899.647992002,13396.208020189,670214.918804778,11252.4657620013,1200510.27907641,20155.7745630738,288541.01891714,4844.4131057068,659411.123003256,11071.077167171,3920162.12744027,65816.9325731835,862938.60020891,14488.1690650465,3057223.52723136,51328.7635081369,8.3290119982617,8.42642266649614,0.0276762024995403,-0.0661640766073628,4.78216927018785,13.4005464771255,399372.325,0.502897070999603
2009-10-01,240225,238076.9,285650,423093.7,59.6255886744676,8.3,91.9,3.66,118.586,1144145,779081,668394,1140295,300284,664980,3849758,872731,99.1104944382139,288213.676683932,4028.89104058217,4833.72463217874,1154413.57293729,19361.0427771194,786073.164518096,13183.486855111,674392.761118431,11310.4587495203,1150529.01961948,19295.8936791537,302979.01519117,5081.35889182272,670948.120851675,11252.6875753762,3884309.14588965,65145.0028794929,880563.662755276,14768.2175108209,3003745.48313438,50376.7853686721,8.30124644103866,8.48337259484541,-0.0277655572230415,0.056949928349276,4.77563843575105,13.4126330990024,400256.3125,0.51277269687493
2010-01-01,240584.2,237405.6,268098,377722.1,59.690316,8.5,91.1,3.42333333333333,116.8,1125042,788008,677077,1140010,314469,680740,3846870,863618,98.6834769047167,271674.659638169,4030.53989528218,4551.40260336649,1140051.03517611,19099.4303862642,798520.709562004,13377.726289169,686109.793895637,11494.4908969093,1155218.72126651,19353.5366987588,318664.288960586,5338.62626829763,689821.66148978,11556.6763206578,3898190.5792743,65306.9181150641,875139.412481242,14661.3298626404,3023051.16679306,50645.5882524237,8.30165561502033,8.42319072891742,0.000409173981671174,-0.0601818659279942,4.76046307039413,13.4255402825022,402595.35,0.519853040306531
2010-04-01,241007.8,241526.2,285228,403641.3,59.7572549467829,8.6,92.9333333333333,3.15333333333333,117.9,1129296,757628,687654,1079277,311438,687659,3772694,884511,100.219847144819,284602.309947491,4033.11363975187,4762.64028863013,1126818.72121412,18856.6011309859,755966.030266655,12650.6150749375,686145.528645966,11482.2129841308,1076909.44533215,18021.4008540251,310754.814413124,5200.28596845468,686150.517677722,11482.296472433,3764418.03443224,62995.1633117126,882570.693529264,14769.2643230557,2881847.34090297,48225.8989886569,8.3022939719502,8.46855747593132,0.000638356929872685,0.0453667470139045,4.76983680754333,13.4410410834386,405240.1875,0.528805857582326
2010-07-01,250897.6,251248.7,267960,401839.1,59.8256944906152,8.6,92.4666666666667,3.00666666666667,118.8,1128119,768920,694144,1103499,323927,693545,3808463,885745,100.144684377494,267572.863867569,4193.8100700086,4472.54087304483,1126489.14619129,18829.5205894852,767809.100183054,12834.1025828543,693141.133066465,11586.0106425542,1101904.71602104,18418.5862847593,323459.005351657,5406.69035446631,692542.998473777,11576.0126876992,3802960.70997042,63567.3474808886,884465.316862144,14784.0376011162,2918495.39310828,48783.3098797725,8.34136492431544,8.40571195408786,0.0390709523652362,-0.0628455218434585,4.77744140692854,13.4504347107607,407639.3875,0.532296502370447
2010-10-01,243780,246089.1,290337,434741.7,59.8912036560345,8.4,93.7,2.95,118.9,1142204,733285,700255,1096258,327860,701371,3794648,908443,100.951991572969,287599.080985084,4070.38070899477,4802.02539653094,1131432.85457068,18891.4696232972,726370.018634027,12128.158632538,693651.496210301,11581.8593360398,1085920.13185556,18131.546296718,324768.233782707,5422.63661368215,694756.972172302,11600.3174049133,3758863.93212676,62761.53596302,899876.253895759,15025.1823133144,2858987.67823101,47736.3536497057,8.31149181435558,8.47679306550752,-0.0298731099598584,0.0710811114196552,4.77828280369674,13.4591998334039,409413.2625,0.536719486751029
2011-01-01,243134,245510.3,275418,393063.9,59.948497,8,93.2333333333333,3.03666666666667,118.3,1130419,721051,706263,1133004,330288,704379,3802138,898222,100.982148782336,272739.29434167,4055.71469122904,4549.56017232042,1119424.58506857,18673.105100009,714038.083655954,11910.8588102877,699393.911217244,11666.5795844264,1121984.44345064,18715.8060601694,327075.630675996,5455.94380249427,697528.234934141,11635.4582656866,3765158.54123423,62806.5544534708,889485.924820323,14837.5016778206,2875672.61641391,47969.0527756502,8.30788220039772,8.42278584184851,-0.00360961395785253,-0.0540072236590081,4.77322377098434,13.467742968353,410950.1875,0.541515680516598
2011-04-01,243797.6,251669.2,293434,414659.7,59.993729746582,8.1,95.7,3.19666666666667,120.7,1131618,724769,713749,1094907,333699,706076,3775790,913433,103.233637067448,284242.625112863,4063.71800902893,4737.87221287166,1096171.78290507,18271.4391576484,702066.71060758,11702.3347868713,691391.895389358,11524.4026052364,1060610.69928655,17678.6924861423,323246.38507309,5388.00282026984,683959.240473803,11400.5120762269,3657519.10642562,60965.0228761449,884821.097025967,14748.5595705338,2772698.00939966,46216.4633056111,8.3098535993088,8.4633434136652,0.00197139891107234,0.0405575718166915,4.79330812810349,13.4782866389006,411392.65,0.550983248683205
2011-07-01,251717.2,258753.8,276030,412353.6,60.031835010941,8.7,94.9333333333333,3.38,120.3,1135616,726312,717459,1011353,312612,702552,3692172,911407,102.800311375489,268510.859847274,4193.06189714381,4472.80779936741,1104681.4788839,18401.5943987481,706527.042848218,11769.2061673519,697915.201228728,11625.7515883286,983803.440347501,16388.0287878623,304096.355173627,5065.58487039759,683414.27238859,11384.1976055544,3591596.12514593,59828.1915668803,886579.999423341,14768.4974024492,2705016.12572259,45059.6941644311,8.34118650908036,8.40577163344357,0.0313329097715638,-0.0575717802216325,4.78998862298063,13.4834710821261,411813.0875,0.555146227850773
2011-10-01,239476.6,250499.2,295405,437284.7,60.0674729055581,9.4,97.2,3.63666666666667,119.5,1148036,750987,717713,1001009,309080,703063,3725246,925872,104.60774626961,282393.045003226,3986.79332450893,4701.26395107752,1097467.48299224,18270.5785661692,717907.637608833,11951.6870426291,686099.285754811,11422.1433425964,956916.706168256,15930.6969293145,295465.690660608,4918.89664020256,672094.586750741,11188.9938803893,3561156.9246495,59285.9454941376,885089.329440011,14734.9186943757,2676067.59520949,44551.0267997619,8.29074250869362,8.45558667730527,-0.0504440003867419,0.0498150438617042,4.78331637137157,13.483825046672,411282.55,0.556789319806203
2012-01-01,235412.9,245435.1,272379,390017.5,60.105185,10.3,96.5333333333333,4.16,119,1152443,799415,713846,1066750,331221,709346,3838405,904081,104.262227794583,261244.178032183,3916.68206328622,4346.44994491212,1105331.26365815,18389.9486152176,766735.007403645,12756.5534887488,684664.058211395,11391.098092642,1023141.38357153,17022.5145063863,317680.723888397,5285.41296209964,680348.017690118,11319.2899695778,3681491.44823801,61250.8130245004,867122.273448077,14426.7466017795,2814369.17478993,46824.066422721,8.27300016194827,8.37711468627016,-0.017742346745349,-0.0784719910351139,4.77912349311153,13.4784225317836,409636.375,0.555397376866836
2012-04-01,234402,249119.3,287010,407181,60.1479320967028,10.9,99.1666666666667,4.00333333333333,118.1,1162212,766440,713406,1051637,333563,710698,3805258,909560,106.283695827425,270041.418644328,3897.09158451433,4489.62099328984,1093499.79877169,18180.1727948621,721126.598048009,11989.2168011465,671228.069786334,11159.6200631996,989462.20472759,16450.4775182758,313842.116049121,5217.83717426131,668680.171937169,11117.2595403962,3580283.85292387,59524.6374749454,855785.069308161,14228.0048453249,2724498.78361571,45296.6326296205,8.26798580634927,8.40952356587944,-0.00501435559899477,0.0324088796092834,4.77153172320332,13.4778059623005,408223.95,0.558234762444258
2012-07-01,240983.7,254405.5,267442,405202.6,60.193482850008,10.9,98.2333333333333,3.91333333333333,115.9,1170849,748701,710721,1107245,391515,714808,3853187,903912,105.574592500898,253320.41892345,4003.48490550864,4208.43597893616,1109025.35568872,18424.3426892613,709167.785794326,11781.4712194251,673193.221175782,11183.8223890993,1048779.79992258,17423.4775970011,370842.065998664,6160.83417074802,677064.417742291,11248.1349422731,3649729.45547219,60633.2991989631,856183.27155022,14223.8533311602,2793546.18392197,46409.4458678029,8.29492048718177,8.34484635621233,0.0269346808324986,-0.0646772096671135,4.75272775034571,13.4740352267111,407437.5125,0.556392370364626
2012-10-01,231899,247250.6,280427,430497.4,60.2381889705869,11.5,99.7666666666667,3.77,113.6,1200203,735892,709587,1140877,388845,719404,3916175,917251,106.625004900293,263003.035978505,3849.70072910445,4366.05151105928,1125629.95999141,18686.3180853765,690168.31529166,11457.3217934665,665497.741982333,11047.7714113763,1069990.10322847,17762.6539162876,364684.625678205,6054.04365420536,674704.77555685,11200.6152091706,3672848.60025291,60972.0953272067,860258.811577773,14280.95409704,2812589.78867514,46691.1412301667,8.25575069156034,8.38161433526734,-0.0391697956214294,0.0367679790550071,4.73268350628705,13.4724383896293,406769.9125,0.556435410614141
2013-01-01,228498.2,241847.1,268511,379894.5,60.277309,12.2,98.5333333333333,3.73333333333333,110.5,1217016,698073,705380,1144988,385230,730173,3913764,894747,105.847032483546,253678.344777159,3790.78302914949,4208.52139861053,1149787.54854482,19074.9648187649,659511.16778689,10941.2841868387,666414.526179234,11055.8108388554,1081738.40412389,17946.0301408593,363949.740451992,6037.9228351417,689837.950925558,11444.4052392179,3697566.10853348,61342.5876150755,845320.817226589,14023.864556173,2852245.29130689,47318.7230589024,8.24032788073403,8.34486665325568,-0.0154228108263101,-0.0367476820116597,4.70501552095781,13.4664919436745,406281.0875,0.551691410899193
2013-04-01,227546.7,244402.3,279953,403360.3,60.3068672377938,12.5,100.366666666667,3.71,110.2,1214692,688861,702799,1175496,398718,737532,3945276,899468,107.412625671695,260633.233988406,3773.14741126859,4321.78366952329,1130865.19615737,18751.8478069554,641322.186933118,10634.3144041017,654298.315123673,10849.4827387358,1094374.14144673,18146.758264387,371202.172469626,6155.22227354229,686634.364803867,11385.6745716275,3673009.55109194,60905.3283535527,837395.040271344,13885.5669117987,2835614.5108206,47019.7614417541,8.23566478924313,8.37142348248772,-0.00466309149090449,0.0265568292320424,4.70229689671881,13.4628262124142,406263.0875,0.548069984922363
2013-07-01,235858.4,251987.4,274303,406062.1,60.3278734148133,12.4,99.3,3.72333333333333,108.6,1217649,676287,699245,1230773,419346,738656,3991429,892538,106.843489418392,256733.472009555,3909.60905215807,4255.63603484348,1139656.71341168,18891.0473534417,632969.780078694,10492.1613219549,654457.284956131,10848.3400443456,1151940.10107661,19094.657840098,392486.245332056,6505.8856398489,691343.949941087,11459.7765644318,3735771.84883004,61924.4743328337,835369.57175264,13847.1576149992,2900402.2770774,48077.3167178344,8.27119266132007,8.35599950923572,0.0355278720769423,-0.0154239732520036,4.68767140749983,13.4577564605202,406649.25,0.542050161264891
2013-10-01,229450.7,246330.1,287880,431943.9,60.3407426540795,12.5,100.4,3.59,107.1,1228198,684494,697616,1335311,442320,758586,4141046,906365,107.361527544004,268140.745186406,3802.58329459734,4443.77601919153,1143983.35055041,18958.7217563533,637559.85561909,10565.992852857,649782.110928025,10768.5467952074,1243751.86395583,20612.1404750683,411991.157464399,6827.74422957064,706571.54136437,11709.6924944228,3857104.21109902,63922.0540126754,844217.682752803,13990.8401126668,3012886.52834622,49931.2139000086,8.24343592911308,8.39925974876738,-0.0277567322069885,0.0432602395316675,4.6737629774537,13.4554240870937,407141.45,0.538508140050506
2014-01-01,228477,243043.2,270385,386106.9,60.345917,13,98.9666666666667,3.50666666666667,105.7,1232064,676685,694818,1418572,441989,774191,4226932,888739,106.380388693638,254168.088047389,3786.12193431413,4211.85227904299,1158168.35709088,19192.1577244552,636099.386653652,10540.8852541532,653144.821646582,10823.3473632786,1333490.1455242,22097.4377690574,415479.775386865,6884.96912536544,727757.258181838,12059.7597047343,3973412.81782025,65843.9380052879,835434.999734263,13844.1014946258,3137977.81808598,51999.8365106621,8.23909753788407,8.34565780118657,-0.00433839122901603,-0.053601947580816,4.66060489287619,13.4514052197493,408427.1625,0.531336347138818
2014-04-01,228416.9,246233.9,282748,407037,60.344087046461,12.6,100.766666666667,3.34666666666667,104.7,1239727,661922,696308,1468347,472155,791003,4291800,895651,107.805320849885,262276.47927853,3785.24079458082,4346.34927986555,1149968.28563432,19056.8511666922,613997.523296374,10174.9409651957,645893.908121276,10703.5161145777,1362035.74037373,22571.1549720696,437970.033647468,7257.87819625575,733732.800722746,12159.1499123654,3981065.09601339,65972.7454812305,830804.076217319,13767.7793613425,3150261.01979607,52204.9661198881,8.23886478196711,8.37709152571072,-0.000232755916957927,0.0314337245241525,4.65109911787649,13.4535473701652,409764.9875,0.53020829704687
2014-07-01,236288.7,252413.5,275676,408291.9,60.3352902896404,12.8,99.2333333333333,3.11,103.5,1240717,634337,691896,1498530,500437,809720,4312345,888122,106.829257956169,258052.901680836,3916.26026601832,4276.98119031248,1161401.870365,19249.1303976441,593785.833708833,9841.43493564638,647665.268145807,10734.4352705801,1402733.69736859,23248.9756929111,468445.63893285,7764.040525604,757957.150963472,12562.4182352465,4036670.36774635,66903.9686122045,831347.158064493,13778.7877388772,3205323.20968186,53125.1808733273,8.2728924636529,8.36100271034782,0.0340276816857887,-0.0160888153629024,4.63957161270542,13.4471909342879,411049.0375,0.520723135274688
2014-10-01,230827.7,248141.4,290213,434435,60.3191306122034,13.1,100.566666666667,2.82333333333333,101.9,1259064,588677,692500,1471865,521977,827916,4288459,901971,107.505798627815,269951.02004192,3826.77431947768,4475.37982232298,1171159.15240895,19416.0482838924,547576.974929507,9077.99846204556,644151.300524199,10679.0547872034,1369102.89378491,22697.6562806746,485533.80995483,8049.41657857051,770112.878158546,12767.3073259239,3989049.01385517,66132.4023302175,838997.534563339,13909.3107949006,3150051.47929183,52223.0915353169,8.24977751307743,8.40634650360391,-0.0231149505754686,0.0453437932560892,4.62399194022868,13.4480635170436,412393.5875,0.518330035263633
2015-01-01,232559.1,246633.8,271591,390180.2,60.295497,12.4,98.8333333333333,2.67333333333333,99.7,1254829,562962,691011,1671930,587359,851333,4473214,884797,106.057123060901,256079.923876536,3856.98951946611,4247.08206446223,1183163.34045705,19622.7479550761,530810.174510137,8803.47954524925,651546.053727293,10805.8824646108,1576442.9127876,26145.2843284068,553813.815657362,9184.99462169392,802711.760822647,13312.9636666341,4217740.28080259,69951.1653548953,834264.568436317,13836.2665529785,3383475.71236628,56114.8988019168,8.25764224092844,8.35398745305153,0.00786472785101289,-0.0523590505523774,4.60216567696779,13.4459110215811,414267.9,0.511642876604271
2015-04-01,234015.6,252652.4,286763,414062.9,60.2655668504377,12.4,100.866666666667,2.47333333333333,99.8,1255849,514145,691822,1679512,604234,861027,4450528,894434,107.96903119645,265597.455883654,3883.07307522323,4407.11785791035,1163156.68121072,19300.5183888397,476196.73373239,7901.63867394091,640759.662593644,10632.2680774551,1555549.75476637,25811.5842273052,559636.400645843,9286.17168796742,797475.896985088,13232.695528513,4122041.24708894,68397.9503141271,828417.176748186,13746.1110886767,3293624.07034076,54651.8392254504,8.26438214882402,8.39097620782688,0.00673990789558232,0.0369887547753507,4.60316818331742,13.4470839760781,416422.4,0.507628567373628
2015-07-01,240832.5,257864.2,278494,416334.5,60.2312803707261,11.5,99.5333333333333,2.5,100.7,1256985,508510,692043,1653886,578349,867572,4422460,890501,107.077086031601,260087.391543145,3998.46223619464,4318.14482345877,1173906.61866633,19489.9828036343,474900.857733397,7884.62165855286,646303.542287061,10730.3636633496,1544575.091922,25644.0687034225,540123.962496809,8967.49926570252,810231.238216512,13452.0009076597,4130164.69153338,68571.7565044614,831644.783214583,13807.5229033116,3298519.9083188,54764.2336011498,8.29366512523432,8.37058114998864,0.0292829764102969,-0.0203950578382379,4.61214579972452,13.4474033713976,418612.55,0.502702301964305
2015-10-01,233579.6,252353.5,296341,442700.3,60.196017963426,11.7,100.733333333333,2.38,99.8,1284356,484257,692487,1620339,578609,885086,4416464,902373,108.042595329461,274281.637808078,3880.31647113134,4556.47478168285,1188749.67422204,19747.9785946024,448209.336811399,7445.83033854037,640938.879604249,10647.5295424636,1499722.39657794,24913.9801488056,535537.857301199,8896.56617530052,819200.980225487,13608.8898890823,4087706.32224504,67906.590178916,835201.151220348,13874.6910423178,3252505.17102469,54031.8991365983,8.26367199401567,8.42430452934012,-0.0299931312186512,0.0537233793514815,4.60316818331742,13.4480447443042,421016.7875,0.497616757137815
2016-01-01,235935.3,251597.4,275801,401101.4,60.163712,11.5,98.8333333333333,2.31,99.8,1296769,458432,694492,1519191,564607,898031,4303915,888105,106.64335780178,258619.951289078,3921.55490671852,4298.6036381711,1215986.65564369,20211.297062982,429873.936314062,7145.07004345181,651228.556860397,10824.2748861705,1424552.85665681,23677.9415581408,529434.754904705,8799.90175647249,842088.076098644,13996.6110485112,4035802.21845582,67080.3393656265,832780.417183356,13841.9055191168,3203021.80127246,53238.4338465097,8.27424351401295,8.36604551363468,0.0105715199972796,-0.0582590157054454,4.60316818331742,13.4509359220317,423719.0625,0.494109995869753
2016-04-01,233964.1,253439.3,290181,424273,60.1371181759579,11.8,100.566666666667,2.19333333333333,100.5,1301426,439309,696987,1519278,588160,911858,4310047,898796,108.329146851592,267869.73629317,3890.51067122029,4454.31614314138,1201362.73369061,19977.0585975784,405531.671547125,6743.45036555562,643397.479124297,10698.8412255099,1402464.65900943,23321.1151705988,542937.904611918,9028.33260189341,841747.605793686,13997.1390602852,3978658.67614065,66159.7827900451,829689.909061434,13796.6356590917,3148968.76707921,52363.1471309533,8.26629570594496,8.40162882489905,-0.00794780806799267,0.0355833112643715,4.61015772749913,13.4545220382057,426154.225,0.491965447955034
2016-07-01,242015.7,260450.2,282923,425813.1,60.1140771572194,11.8,99.4666666666667,2.04333333333333,100.7,1304598,417484,697890,1564841,614144,925871,4346122,895559,107.622169056804,262885.42823428,4025.94053580901,4373.10927267072,1212201.92032314,20165.0258582995,387916.359295497,6453.00364972683,648463.050053977,10787.2079339756,1454013.62350731,24187.5728991822,570648.227388771,9492.75534740932,860297.658107332,14311.0848372063,4038314.81755963,67177.5232779174,832132.457326068,13842.5556321816,3206182.36023356,53334.9676457358,8.30051383604819,8.38322953913428,0.0342181301032287,-0.0183992857647723,4.61214579972452,13.4558167762022,428241.5375,0.488374120864901
2016-10-01,236386.1,257165.2,298935,453668.9,60.0915027751456,11.9,100.9,1.98666666666667,100,1334919,387152,700822,1573680,610846,940336,4375445,914264,108.795479126406,274767.851017667,3933.76915342798,4572.49092348068,1226998.5947201,20418.8369079629,355853.02175119,5921.85259674308,644164.63407063,10719.7291517406,1446457.16222417,24070.9101191332,561462.668214622,9343.46192531647,864315.325922188,14383.3202034627,4021715.82416244,66926.531014063,840351.094862818,13984.5245343139,3181364.72929962,52942.006479749,8.27735331736657,8.42781339523969,-0.0231605186816175,0.0445838561054117,4.60517018598809,13.4600092108056,431168.7375,0.485754416016609
2017-01-01,238361.1,257955.6,280034,411798.4,60.066734,11.6,100.166666666667,2.06333333333333,99.1,1330922,374421,704217,1667522,642654,965747,4468587,902502,108.225640655953,258750.143037012,3968.27135632179,4307.71120395878,1229765.87796877,20473.3268495798,345963.301977835,5759.64895940296,650693.306809513,10832.8398013035,1540782.7478712,25651.1823644548,593809.374659176,9885.82756404195,892345.837960979,14855.9073972788,4128954.07494565,68739.4469448872,833907.745456584,13883.0212652578,3295046.32948907,54856.4256796294,8.28608585223634,8.36816199887942,0.00873253486977354,-0.0596513963602732,4.59612944133594,13.4648418262808,433685.475,0.484766987910471
2017-04-01,237759.4,261461.9,295702,433544.2,60.0382914543635,11.2,102.166666666667,2.08333333333333,99.6,1332300,348992,704768,1678443,656837,971495,4462565,911144,109.974324360832,268882.761243237,3960.12934812987,4478.52120254989,1211464.59207027,20178.1989914076,317339.52631974,5285.61887143236,640847.765236196,10673.9840477193,1526213.51370428,25420.6686555094,597263.955761963,9948.05050733259,883383.467592368,14713.667664308,4057824.42941686,67587.2735735877,828506.112945492,13799.6284183946,3229318.31647137,53787.6451551931,8.28403196738424,8.40704818220122,-0.00205388485210101,0.0388861833218002,4.60116216459055,13.4656239496222,435941.3375,0.480360983361609
2017-07-01,244400.2,266360.1,289268,433033,60.0061863890005,11.3,100.766666666667,2.07666666666667,99.2,1342272,349463,706368,1711796,676065,979889,4514488,909016,108.990387871071,265406.891057391,4072.91672254646,4422.99214512391,1231550.80573512,20523.7306325614,320636.532107212,5343.39126350456,648101.189286153,10800.5728790149,1570593.54814386,26173.8604410254,620297.820024043,10337.2311648478,899060.017255056,14982.788798254,4142097.37957844,69027.8391085643,834033.181967673,13899.1199434156,3308064.19761077,55128.7191651486,8.31211466121951,8.39457170195084,0.0280826938352732,-0.0124764802503794,4.59713801429083,13.4678916271326,437803.2,0.478366853814728
2017-10-01,239354.1,263291.1,307399,466117.9,59.9719949020119,10.9,101.966666666667,1.97,98.8,1363498,322737,710984,1718863,684990,992601,4535472,928138,110.00587851291,279438.702872523,3991.09785144016,4659.486537493,1239477.39741925,20667.6032612293,293381.59411374,4891.97657328384,646314.551196062,10776.9393406385,1562519.22464151,26054.1478934376,622684.904897706,10382.9279968944,902316.324743963,15045.6279838324,4122936.02970293,68747.6885909728,843716.729093778,14068.5119858415,3279219.30060915,54679.1766051314,8.29182162277377,8.44666053596153,-0.0202930384457449,0.0520888340106946,4.59309760475382,13.474405205016,440279.6625,0.479239804436607
2018-01-01,239325.1,261677.2,283559,421235.3,59.937769,10.9,101.033333333333,1.91333333333333,98.6,1362900,308675,710502,1748541,684731,999298,4545045,912110,109.344821734105,259325.494799867,3992.89302876789,4326.57903566392,1246423.90776783,20795.3003350497,282295.032453031,4709.80213582909,649781.113300213,10840.9292528091,1599107.27574457,26679.4594197286,626212.553224577,10447.712079917,913896.043865712,15247.4150959091,4156616.58953749,69348.8706517837,834159.300399235,13917.0895800148,3322457.28913826,55431.7810717689,8.29227131701439,8.37253244768623,0.000449694240616694,-0.0741280882752999,4.59107126160859,13.4737270414344,442071.75,0.474499563231965
2018-04-01,238722.3,265628,301535,442319.9,59.9056226145794,10.8,103.166666666667,1.81666666666667,99.2,1368308,309211,719914,1697621,654505,995616,4506057,931212,111.275985207433,270979.402642807,3984.97318917609,4523.43854910303,1229652.55930945,20526.4966065169,277877.566685741,4638.58907658049,646962.593643171,10799.6973473692,1525595.11994921,25466.6432525804,588181.716638965,9818.47264025961,894726.744628719,14935.6054670395,4049442.46649457,67597.0349652795,836849.027455564,13969.457138267,3212593.439039,53627.5778270126,8.29028586326595,8.41702772456155,-0.00198545374843917,0.0444952768753168,4.59713801429083,13.4868870394137,443876.6875,0.483584967429588
2018-07-01,245796,272280.6,293115,440708,59.8746868184829,10.1,102.433333333333,1.81666666666667,98.4,1373508,301607,721794,1679134,654337,997877,4491352,931676,110.780283885741,264591.306068794,4105.17387331242,4419.08459364361,1239848.78159063,20707.3948520078,272256.930042785,4547.11238604326,651554.567908907,10881.9703706204,1515733.61351183,25315.0988180857,590661.963526728,9864.96957082027,900771.297019976,15044.2757178968,4054288.22030497,67712.8923044895,841012.468392781,14046.2107291251,3213275.75191219,53666.6815753644,8.32000337746027,8.39368784811194,0.0297175141943207,-0.0233398764496062,4.58904080405821,13.4894950586043,445912.725,0.481616530607207
2018-10-01,240926.8,268878,311787,473480.6,59.8449442451782,10.5,103.466666666667,1.88333333333333,98.3,1384938,307007,724777,1532534,602537,995026,4360778,942866,111.606822192701,279361.954649749,4025.85052152358,4668.09616373329,1240908.01331907,20735.3859038653,275079.062344342,4596.52967872062,649402.057831728,10851.4105246919,1373154.40928325,22945.2032515494,539874.703142836,9021.22493307085,891545.857548008,14897.5969280787,3907268.31418122,65289.8647239702,844810.363269764,14116.6538614969,3062457.95091146,51173.2108624733,8.30049147722521,8.44850659382264,-0.0195119002350541,0.0548187457106977,4.58802402715312,13.4936193003156,447726.2625,0.481681996873343
2019-01-01,239970.7,265582,285954,426135.1,59.816673,10.4,102.066666666667,1.89333333333333,97.7,1400107,308707,728071,1598950,628376,1029738,4471027,934365,110.677924035877,258365.886865845,4011.76942756412,4319.2955058842,1265028.24496974,21148.4220289173,278923.735414418,4662.97641486041,657828.565490612,10997.4114657064,1444687.37910343,24151.9179627966,567751.885006722,9491.5323192034,930391.5021628,15554.0496570714,4039673.70995383,67534.242667656,844219.846134011,14113.4537210722,3195453.86381982,53420.7889465838,8.29698767673344,8.37084759059798,-0.0035038004917709,-0.0776590032246585,4.58190155904874,13.4981538498959,NA,NA
2019-04-01,239410.3,269113.4,305696,447983.7,59.7892308970237,9.9,104.1,1.82666666666667,99.1,1408979,312820,733873,1593770,640267,1060133,4514270,945977,112.412104428648,271942.244613022,4004.23782691471,4548.34826494748,1253405.05558663,20963.7260219219,278279.640426586,4654.34387182321,652841.61677252,10919.0502533294,1417792.1569039,23713.1693389032,569571.224784249,9526.31797129542,943077.265022561,15773.3633778772,4015821.98193377,67166.3094119794,841525.923572087,14074.8745375478,3174296.05836169,53091.4348744315,8.29510853600251,8.4225194273449,-0.00187914073093687,0.051671836746916,4.59612944133594,13.506091268103,NA,NA
2019-07-01,245432.2,273804,296362,449321.3,59.7557905656783,9.8,102.766666666667,1.61,98.8,1432781,292059,736885,1676207,641672,1099623,4636325,948306,111.565222000877,265640.129320649,4107.25383559678,4445.429084043,1284254.15582352,21491.7105717475,261783.192613288,4380.88409734215,660497.049872947,11053.272722532,1502445.8069799,25143.0998193981,575154.146150449,9625.07801680391,985632.42225373,16494.3416014287,4155708.12915474,69544.8606706517,850001.445784369,14224.5870690996,3305706.68337037,55320.2736015521,8.32050991764608,8.3996316751323,0.0254013816435759,-0.0228877522125952,4.59309760475382,13.5101871210044,NA,NA
2019-10-01,239758.4,269301.8,310302,480626.2,59.7088973330004,9.7,103.766666666667,1.41,98.5,1448160,283249,741256,1738014,661496,1096043,4715392,966305,112.327478569857,276247.632325355,4015.4551617802,4626.57400595935,1289230.39886397,21591.9311266769,252163.587758134,4223.21628804836,659906.204107494,11052.0581284085,1547274.11505024,25913.6273513978,588899.535912412,9862.84393476706,975756.790728965,16341.8993535772,4197897.13081424,70306.0568578633,860257.002385264,14407.5178207957,3337640.12842898,55898.5390370676,8.29790598528058,8.43957191766173,-0.0226039323655023,0.0399402425294308,4.59005654817804,13.5161013236964,NA,NA
