"date","consumption_real","consumption_nominal","consumption_deflator","gross_disposable_income","final_consumption_hh","closing_net_worth","currency_deposits","equities","superannuation","household_debt","housing_wealth","housing_loan_flow","house_price_index","working_age_population","unemployment_rate","illiquid_financial_wealth","liquid_assets","net_liquid_assets","final_consumption_hh_sa","annualised_income","real_gdi","real_consumption_per_working_age","real_gdi_per_working_age","real_housing_wealth","real_illiquid_financial_wealth","real_household_debt","consumption_income_ratio","housing_wealth_income_ratio","illiquid_financial_income_ratio","liquid_assets_income_ratio","net_liquid_assets_income_ratio","debt_income_ratio","lcons","lgdi","lperm_income","permanent_income_per_working_age","disposable_permanent_income_ratio","log_disposable_permanent_income_ratio","lcons_perm_income_ratio","credit_conditions_index","long_run_fitted_ratio","ecm_residual","ecm_fitted","d_lcons_actual"
1989-09-01,123324,53592,43.4562615549285,6593,53592,1369.9,137.8,141.5,171.6,161,752.8,NA,28.4498040597923,13073573.84,6.0305223,313.1,137.8,-23.2,53592,26372,15171.5765785938,0.00943307480489206,0.0011604766045054,1732.31652485446,720.494558889387,370.487460815047,8.12862126497801,0.0285454269679964,0.0118724404671621,0.00522523888973153,-0.00087972091612316,0.00610495980585469,-4.66353316921843,-6.75892449229324,-6.75892449229324,0.0011604766045054,1,0,2.0953913230748,-1.66348298310955,2.13321625211046,-0.0378249290356538,NA,NA
1989-12-01,124200,54709,44.049114331723,6801,54709,1390.4,145.2,140.8,176.7,166.9,764.1,NA,28.5357551294594,13133094.99,5.8482491,317.5,145.2,-21.7,54709,27204,15439.5839806979,0.00945702441766927,0.00117562417636164,1734.65462720942,720.786342283719,378.895245754812,8.04425819732392,0.0280877812086458,0.011671077782679,0.00533745037494486,-0.000797676812233496,0.00613512718717836,-4.66099748898432,-6.74595605850539,-6.7585354392796,0.0011609281792632,1.01265883399244,0.0125793807742127,2.09753795029528,-1.67819307033513,2.12102723614772,-0.0234892858524349,NA,NA
1990-03-01,125580,56210,44.7603121516165,7037,56210,1408.1,151.6,137.3,180,173.8,780.5,NA,28.6790069122378,13187539.36,6.18736,317.3,151.6,-22.2,56210,28148,15721.5168119552,0.0095226256067834,0.00119214937546584,1743.73225404732,708.886924034869,388.290410958904,7.98777888304675,0.027728435412818,0.0112725593292596,0.00538581782009379,-0.000788688361517693,0.00617450618161148,-4.65408466917255,-6.73199740320213,-6.75773929819728,0.00116185280989972,1.02607607892151,0.02574189499515,2.10365462902472,-1.69042249107873,2.11499110939656,-0.0113364803718358,0.00154507781450459,0.00691281981176228
1990-06-01,126147,57385,45.4905784521233,7236,57385,1420.8,151.6,137,184,177.9,797,NA,28.9368601212389,13239192.23,6.6084828,321,151.6,-26.3,57385,28944,15906.59043304,0.00952830035310999,0.00120147741317598,1752.01113531411,705.640620371177,391.069988672998,7.93048645660586,0.0275359314538419,0.0110903814262023,0.00523770038695412,-0.000908651188501935,0.00614635157545605,-4.65348892421965,-6.72420330181923,-6.75673321830593,0.00116302231485752,1.03306479835099,0.0325299164867054,2.10324429408629,-1.70053246211555,2.1290537775026,-0.025809483416308,0.00143984066634216,0.000595744952908817
1990-09-01,126360,58098,45.9781576448243,7333,58098,1423.3,155.1,132.9,185.4,177.4,795.9,NA,28.6790069122378,13285671.33,7.3737441,318.3,155.1,-22.3,58098,29332,15948.8774140246,0.00951099849314126,0.00120045702003864,1731.03934730972,692.285242177011,385.835381596613,7.92281467339425,0.0271341879176326,0.0108516296195282,0.00528774035183417,-0.000760261830083186,0.00604800218191736,-4.65530641391516,-6.72505294466095,-6.75578281009658,0.0011641281862446,1.03120690163103,0.0307298654356361,2.10047639618142,-1.70848714189513,2.11624015790059,-0.015763761719169,-0.0133361587163619,-0.00181748969551609
1990-12-01,125636,58926,46.9021618007577,7399,58926,1424,157.1,128.5,187.3,180.3,801.1,NA,28.8509090515719,13338413.32,8.0196504,315.8,157.1,-23.2,58926,29596,15775.3922546923,0.00941911132800314,0.00118270381013297,1708.02361606082,673.316512235685,384.417248752673,7.96404919583728,0.0270678470063522,0.0106703608595756,0.00530814974996621,-0.000783889714826328,0.00609203946479254,-4.66501453369722,-6.7399520971575,-6.75530788870841,0.00116468118692435,1.01547429752532,0.0153557915509088,2.09029335501119,-1.71297135749902,2.11369840799708,-0.0234050529858901,-0.016873981240838,-0.00970811978206232
1991-03-01,125811,59224,47.0737852810962,7483,59224,1454.6,158,133.1,193.8,181.4,818.5,NA,28.8222586950162,13383597.99,9.1849632,326.9,158,-23.4,59224,29932,15896.3209678509,0.00940038695827563,0.00118774644753439,1738.75968357423,694.441711130623,385.352482101851,7.91447280502472,0.0273453160497127,0.0109214218896165,0.0052786315648804,-0.000781772016570894,0.00606040358145129,-4.66700442477946,-6.73569750882204,-6.75471957731182,0.00116536658373362,1.01920414066539,0.0190220684897824,2.08771515253236,-1.71439576032708,2.10477120196243,-0.0170560494300761,-0.0186510233560511,-0.00198989108223824
1991-06-01,126359,59706,47.2510861909322,7611,59706,1469,154.3,133.9,200.1,185.9,826.8,NA,29.1660629736844,13429303.03,9.5559987,334,154.3,-31.6,59706,30444,16107.5662245,0.00940920014372481,0.00119943426613556,1749.80104512109,706.862057414665,393.430109201755,7.84469846275128,0.0271580607016161,0.010970963079753,0.00506832216528708,-0.00103797135724609,0.00610629352253318,-4.66606732966447,-6.7259052782403,-6.75385514833967,0.00116637439590004,1.02834413234012,0.0279498700993743,2.0877878186752,-1.7123737009069,2.12657234555406,-0.0387845268788549,0.00905182014425661,0.000937095114988296
1991-09-01,127893,60951,47.6578076986231,7753,60951,1497.2,158.2,134.9,206.2,186.3,847.3,NA,30.0542240269105,13475879,10.0322334,341.1,158.2,-28.1,60951,31012,16268.0584239799,0.009490512641142,0.00120719831515109,1777.88287148693,715.727425308855,390.911812767633,7.86160196053141,0.0273216819295756,0.0109989681413646,0.00510125112859538,-0.000906100864181608,0.00600735199277699,-4.65746264873161,-6.71945304617837,-6.75282308527484,0.00116757878923185,1.03393306411921,0.0333700390964662,2.09536043654323,-1.70724460691362,2.11570967722612,-0.0203492406828902,-0.00201272659474472,0.00860468093286659
1991-12-01,128061,61494,48.0193033007707,7861,61494,1512,160.4,135.9,212.9,189.4,854.5,NA,30.0542240269105,13512657,10.4747187,348.8,160.4,-29,61494,31444,16370.4999024295,0.00947711467848255,0.00121149377967853,1779.49270660552,726.374553614987,394.424714606303,7.82266887164483,0.0271752957638977,0.0110927362930925,0.00510113217147946,-0.000922274519781198,0.00602340669126065,-4.65887536785161,-6.71590115211747,-6.75171542728011,0.00116887278373158,1.03646333163039,0.0358142751626458,2.09284005942851,-1.69989190255075,2.11157863086036,-0.0187385714318538,-0.00326468510360389,-0.0014127191199993
1992-03-01,129541,62441,48.2017276383539,7918,62441,1501,158.9,133.5,212.7,190,845.2,NA,29.8536715310207,13566803,10.4980975,346.2,158.9,-31.1,62441,31672,16426.7971044666,0.00954838070546171,0.0012108082578089,1753.46412133054,718.231517752759,394.176742845246,7.88595604950745,0.0266860318262187,0.0109307906036878,0.00501704976004041,-0.000981939883809042,0.00599898964384946,-4.65138369850388,-6.71646716071368,-6.75065797928312,0.00117010945966048,1.03478204351944,0.0341908185694377,2.09927428077925,-1.69008549016878,2.12237673255295,-0.0231024517737091,0.0134518205252478,0.00749166934773093
1992-06-01,130638,63003,48.2271620814771,7961,63003,1522.5,159.9,132.5,220.8,192.4,860.7,NA,29.9396226006878,13598499,10.8105477,353.3,159.9,-32.5,63003,31844,16507.2951764202,0.00960679557354087,0.0012139056800622,1784.67892957478,732.574725013095,398.945307366316,7.91395553322447,0.0270286396181384,0.0110947117196332,0.00502135410124356,-0.00102060042708202,0.00604195452832559,-4.64528455868789,-6.71391228288685,-6.74955560839123,0.0011714000655016,1.03628616372187,0.0356433255043829,2.10427104970334,-1.67735285433812,2.11983317476958,-0.0155621250662425,0.00161717370027476,0.00609913981598531
1992-09-01,130922,63435,48.4525137104536,8008,63435,1535.2,162.5,134.7,219.2,196.1,871.9,NA,29.9682729572435,13635498,10.6163619,353.9,162.5,-33.6,63435,32032,16527.5222826515,0.00960155617345256,0.0012120952445339,1799.49384093954,730.405861117679,404.726163789706,7.92145354645355,0.0272196553446553,0.0110483266733267,0.00507305194805195,-0.00104895104895105,0.006122002997003,-4.64583009224405,-6.71540480982369,-6.74853108443421,0.00117260080792162,1.03368105867357,0.0331262746105141,2.10270099219016,-1.66143136529489,2.11907786494729,-0.0163768727571322,0.011835821684677,-0.000545533556159938
1992-12-01,131424,64011,48.7057158509861,8043,64011,1558.7,165.4,136.1,223.2,196.4,883.2,NA,30.2547765228003,13666687,11.2186926,359.3,165.4,-31,64011,32172,16513.462248676,0.00961637593661141,0.00120830031804167,1813.33953226789,737.6957585415,403.238093452688,7.958597538232,0.0274524431182395,0.0111680964814124,0.00514111649881885,-0.000963570806912843,0.00610468730573169,-4.64428780704796,-6.71854060271688,-6.74763136998269,0.00117365628855876,1.02951803677161,0.0290907672658047,2.10334356293473,-1.64145585311089,2.10632109450968,-0.00297753157495146,-0.0125586600057399,0.00154228519609223
1993-03-01,131269,64348,49.019951397512,8062,64348,1575.2,167,139.8,230.1,195.9,878.1,NA,30.5412800883571,13715537,10.8590135,369.9,167,-28.9,64348,32248,16446.3647355007,0.00957082467861083,0.00119910468948469,1791.31144557717,754.590711444023,399.633199167029,7.98164227238899,0.0272295956338378,0.0114704787893823,0.00517861572810717,-0.000896179608037708,0.00607479533614488,-4.64903590391641,-6.7261800927495,-6.74698783166569,0.0011744118244335,1.02102572925225,0.02080773891619,2.09795192774928,-1.61745135877662,2.10239201198636,-0.00444008423708135,0.0120988285840953,-0.00474809686845568
1993-06-01,132347,65284,49.3279031636531,8082,65284,1597.9,168,140.5,237.4,200.7,895.6,NA,30.7418325842469,13740721,10.9920586,377.9,168,-32.7,65284,32328,16384.2358617732,0.00963173620947547,0.00119238545501165,1815.60525090374,766.097838674101,406.869108816862,8.07770353872804,0.0277035387280376,0.0116895570403365,0.00519673348181143,-0.00101150705270973,0.00620824053452116,-4.6426917776807,-6.73179939431287,-6.74653217854511,0.00117494707078023,1.01484184663726,0.0147327842322351,2.1038404008644,-1.58957735493752,2.10332003982899,0.000520361035416264,0.00117569311619968,0.00634412623570935
1993-09-01,132041,65409,49.5368862701737,8121,65409,1634,170.1,148.2,249,206.1,907.9,NA,30.7704829408026,13780512,10.7413776,397.2,170.1,-36,65409,32484,16393.8442874834,0.0095817194600607,0.00118963970914022,1832.77567154367,801.826739439527,416.053602715223,8.05430365718508,0.0279491441940648,0.0122275581824898,0.00523642408570373,-0.00110823790173624,0.00634466198743997,-4.64789821875604,-6.73410478312979,-6.74615935668265,0.00117538519840215,1.01212752275377,0.0120545735528603,2.09826113792661,-1.55836927814884,2.1007183482289,-0.00245721030229578,0.0103635902226231,-0.00520644107533563
1993-12-01,134289,66777,49.7263364832563,8173,66777,1682.7,175,157.7,258.3,212.4,933.6,NA,31.0569865063594,13812920,10.7577522,416,175,-37.4,66777,32692,16435.9584437756,0.00972198492425932,0.0011898974614908,1877.47593333034,836.578822049508,427.137840873355,8.17043925119295,0.0285574452465435,0.0127248256454178,0.0053529915575676,-0.00114401076716016,0.00649700232472776,-4.63336547104313,-6.73388814238572,-6.74579122025374,0.00117581798016816,1.01197420141562,0.0119030778680163,2.11242574921061,-1.52419679623315,2.08803918234774,0.0243865668628697,0.00164695605089243,0.0145327477129076
1994-03-01,135129,67288,49.7953807102842,8229,67288,1712.8,177.2,157.9,257.2,218.7,967.5,NA,31.4007907850276,13862879,10.3540845,415.1,177.2,-41.5,67288,32916,16525.6292503864,0.00974754233950971,0.00119207772428703,1942.95130632505,833.611459695637,439.197365057663,8.17693522906793,0.0293930003645643,0.0126108883217888,0.00538340017013003,-0.00126078502855754,0.00664418519868757,-4.63074009348939,-6.73205750752595,-6.74537920887191,0.0011763025303722,1.0134108305538,0.0133217013459577,2.11463911538252,-1.48747259359225,2.09531841744162,0.0193206979408988,0.0101243285760775,0.00262537755374481
1994-06-01,135863,68031,50.0732355387412,8289,68031,1715.6,179.4,157.3,258.7,227.9,980.8,NA,31.7732454202514,13893032,9.8186748,416,179.4,-48.5,68031,33156,16553.7535388279,0.00977921881990915,0.0011915148211584,1958.73102556188,830.783142978936,455.133361261778,8.20738327904452,0.0295813729038485,0.0125467487031005,0.00541078537821209,-0.00146278200024128,0.00687356737845337,-4.62749567339052,-6.73252982242739,-6.74499372727857,0.00117675606075405,1.01254190303035,0.0124639048511774,2.11749805388805,-1.44861989452382,2.10511562437844,0.0123824295096067,0.0148552819239019,0.00324442009886461
1994-09-01,138442,69624,50.2910966325248,8356,69624,1740.4,181.1,157.5,263.4,235,1003.4,NA,32.260301481698,13938197,9.3538381,420.9,181.1,-53.9,69624,33424,16615.267034356,0.00993256157880392,0.00119206716868444,1995.18417212455,836.927464667356,467.27953004711,8.3322163714696,0.030020344662518,0.0125927477261848,0.005418262326472,-0.00161261369076113,0.00703087601723313,-4.61193687056618,-6.73206636235907,-6.74460590633099,0.0011772125199111,1.01261849370619,0.0125395439719131,2.13266903576481,-1.40862900018555,2.11395700793001,0.0187120278347973,0.0158014291638208,0.0155588028243443
1994-12-01,139217,70344,50.5283119159298,8440,70344,1743.8,184,153.8,264.1,242.2,1014.7,NA,32.1170496989196,13969676,8.9360026,417.9,184,-58.2,70344,33760,16703.5067667463,0.0099656570417238,0.00119569750699632,2008.18108012055,827.061075571477,479.335229728193,8.3345971563981,0.0300562796208531,0.0123785545023697,0.00545023696682464,-0.0017239336492891,0.00717417061611374,-4.60861039254631,-6.72902557601514,-6.74413849642151,0.0011777628893225,1.01522769806759,0.01511292040637,2.13552810387521,-1.36842515007283,2.12084505036847,0.0146830535067388,0.0132310378564778,0.00332647801987385
1995-03-01,140813,71664,50.8930283425536,8514,71664,1750,184.6,156.1,267.9,248.3,1013.7,NA,32.4322036210321,14023783,8.6172372,424,184.6,-63.7,71664,34056,16729.2068821165,0.0100410138976052,0.0011929168386388,1991.82487860013,833.120004465282,487.886078086627,8.41719520789288,0.0297656800563777,0.0124500822175241,0.005420483908856,-0.00187044867277425,0.00729093258163026,-4.60107718400002,-6.73135384605901,-6.74375495691064,0.00117821469456204,1.01247832347077,0.0124011108516271,2.14267777291061,-1.32778182328199,2.13094664891939,0.0117311239912212,0.0111325759863978,0.00753320854628114
1995-06-01,142565,73328,51.4347841335531,8553,73328,1788.7,185.3,157.9,278.3,255.6,1028.1,NA,32.2030007685867,14070466,8.352785,436.2,185.3,-70.3,73328,34212,16628.8245281475,0.0101322159479295,0.0011818247191065,1998.84186804495,848.064218306786,496.939968361335,8.57336607038466,0.0300508593475973,0.0127499123114697,0.00541622822401497,-0.00205483456097276,0.00747106278498772,-4.5920352336145,-6.74069566278262,-6.74366317808679,0.00117832283468335,1.00297192273634,0.00296751530417527,2.1516279444723,-1.28679851818253,2.13875845164723,0.0128694928250675,0.00874143965265038,0.00904195038552835
1995-09-01,142937,74135,51.8655071814855,8572,74135,1798.2,190,163.3,285.8,261.3,1020.9,NA,32.260301481698,14120071,8.3625451,449.1,190,-71.3,74135,34288,16527.3617589533,0.0101229660955671,0.00117048715682473,1968.36019828691,865.893393134147,503.8030363526,8.64850676621559,0.0297742650489967,0.0130978768082128,0.00554129724685021,-0.00207944470368642,0.00762074195053663,-4.59294856561868,-6.75033524347734,-6.74386334004851,0.00117808700287629,0.993548994231321,-0.00647190342882542,2.15091477442983,-1.24524437567289,2.12676252474421,0.0241522496856278,-0.00676884970829548,-0.000913332004182088
1995-12-01,144519,75223,52.0505954234391,8623,75223,1807.5,195.5,166.8,293.1,270.2,1020.9,NA,32.2030007685867,14171767,8.144584,459.9,195.5,-74.7,75223,34492,16566.5732156388,0.0101976697754063,0.00116898430630696,1961.36084841073,883.563379551467,519.110296053069,8.72353009393482,0.0295981676910588,0.0133335266148672,0.00566798098109707,-0.00216571958715064,0.00783370056824771,-4.5855960381829,-6.75162002146944,-6.74409604049114,0.0011778128934032,0.992504253310786,-0.00752398097830032,2.15850000230823,-1.20292241008919,2.11827499154253,0.0402250107656997,0.00202076791385946,0.0073525274357733
1996-03-01,145821,76331,52.3456840921404,8769,76331,1833.2,197.8,165.1,299,276.7,1038.3,NA,32.1457000554753,14225691,8.4212333,464.1,197.8,-78.9,76331,35076,16752.0974309258,0.0102505389720612,0.00117759463711997,1983.54461883114,886.606046036342,528.601363797147,8.70464135021097,0.0296014368799179,0.0132312692439275,0.00563918348728475,-0.00224940130003421,0.00788858478731896,-4.58042499214002,-6.74428136407614,-6.74410160019869,0.00117780634512617,0.999820252279102,-0.000179763877455663,2.16367660805867,-1.1605915576434,2.12298128366817,0.0406953243904909,-0.00735449765595878,0.00517104604288132
1996-06-01,146735,77113,52.5525607387467,9020,77113,1870.2,198,167.8,308.7,287.1,1065,NA,32.5468050472548,14271160,8.2544902,476.5,198,-89.1,77113,36080,17163.768754944,0.0102819252254197,0.00120268911251391,2026.54254146512,906.711287331578,546.310200614682,8.54911308203991,0.0295177383592018,0.0132067627494457,0.00548780487804878,-0.00246951219512195,0.00795731707317073,-4.57736775775227,-6.72319530222554,-6.74347441125949,0.00117854528394125,1.02048612717869,0.0202791090339511,2.16610665350722,-1.11759543843602,2.14352836246754,0.0225782910396818,0.0135745683860464,0.00305723438775285
1996-09-01,146976,77335,52.617434138907,9312,77335,1902.3,199,173.9,319.8,292.2,1076.3,NA,32.6614064734776,14321166,8.5760688,493.7,199,-93.2,77335,37248,17697.5562423224,0.0102628515024545,0.00123576224466097,2045.51973621258,938.282164608521,555.329245490399,8.30487542955326,0.0288955111683849,0.0132544029209622,0.00534256872852234,-0.00250214776632302,0.00784471649484536,-4.57922455363746,-6.69606729713848,-6.74205219783586,0.00118022261934616,1.04705860098291,0.045984900697384,2.16282764419841,-1.07453414321744,2.15235145615659,0.0104761880418111,0.00552925633457901,-0.00185679588518717
1996-12-01,148086,78343,52.903718109747,9590,78343,1983.8,207.5,181.9,330.9,300.2,1133.8,NA,32.7473575431446,14365039,8.630779,512.8,207.5,-92.7,78343,38360,18127.270336852,0.0103087781383677,0.00126190192291521,2143.13859310979,969.308053048773,567.445939011782,8.16923879040667,0.0295568300312826,0.0133680917622523,0.00540928050052138,-0.00241657977059437,0.00782586027111574,-4.57475950025887,-6.67513523348122,-6.74004468890522,0.00118259430658979,1.06706240329714,0.0649094554240088,2.16528518864635,-1.03032820412279,2.14256264501798,0.0227225436283761,0.00669281637607685,0.00446505337858483
1997-03-01,149556,79490,53.1506592848164,9803,79490,2004.9,209,183.8,336.4,306.3,1149.2,NA,33.0338611087014,14422371,8.592477,520.2,209,-97.3,79490,39212,18443.7975594414,0.0103697235357487,0.00127883255530186,2162.15568247578,978.727276386967,576.286360548497,8.10874222176885,0.0293073548913598,0.0132663470366214,0.00533000102009589,-0.0024813832500255,0.00781138427012139,-4.56886491710103,-6.66180768340646,-6.73769757874026,0.00118537324567015,1.07884378188313,0.0758898953338001,2.16883266163923,-0.984502807747201,2.15309893613048,0.0157337255087556,0.00771003160071638,0.00589458315784341
1997-06-01,152049,80830,53.1604943143329,9959,80830,2079.4,209.4,192.5,359.9,316.7,1190.3,NA,33.4636164570367,14455438,8.3311839,552.4,209.4,-107.3,80830,39836,18733.836335519,0.0105184637089516,0.00129597154617653,2239.06872077199,1039.11750092787,595.743143634789,8.11627673461191,0.029880008032935,0.0138668541018175,0.00525655186263681,-0.00269354352846671,0.00795009539110352,-4.55462311760752,-6.64849463640377,-6.73502149047017,0.001188549657392,1.09038064847895,0.0865268540663955,2.18039837286265,-0.936820500616527,2.16300807531145,0.0173902975511949,0.015084718356442,0.014241799493508
1997-09-01,154341,82256,53.2949767074206,10096,82256,2140.5,214.2,199.5,374.5,323.4,1232.4,NA,34.065273944706,14497747,8.0676706,574,214.2,-109.2,82256,40384,18943.6240031122,0.0106458610430986,0.00130665985570808,2312.41305679829,1077.02458179343,606.811410717759,8.14738510301109,0.0305170364500792,0.0142135499207607,0.00530408082408875,-0.0027040412044374,0.00800812202852615,-4.54258409681548,-6.64028112632977,-6.73217927954596,0.00119193257141249,1.09625316653578,0.0918981532161878,2.18959518273048,-0.887483528017626,2.15965833267335,0.029936850057128,0.00682968146176036,0.0120390207920451
1997-12-01,156500,83803,53.5482428115016,10237,83803,2127.5,217.6,198.4,383.3,336.8,1220.1,NA,34.7242321454867,14538122,7.9105709,581.7,217.6,-119.2,83803,40948,19117.3406679952,0.0107648016710824,0.00131498006881461,2278.50613939835,1086.310155961,628.965550159302,8.18628504444662,0.0297963270489401,0.0142058220181694,0.00531405685259353,-0.00291100908469278,0.00822506593728631,-4.53147357182996,-6.63393377026225,-6.72923191426744,0.00119545081431438,1.09998676070063,0.0952981440051959,2.19775834243748,-0.836756981275205,2.16626885872263,0.0314894837148522,-0.000139774747255286,0.0111105249855168
1998-03-01,156949,84516,53.8493395943905,10387,84516,2150.7,215.8,212.7,392.3,346.6,1229.4,NA,35.5837428421572,14599647,7.8836552,605,215.8,-130.8,84516,41548,19289.001644659,0.0107501914258612,0.00132119644020564,2283.03635524634,1123.50495764116,643.647633584173,8.13670934822374,0.0295898719553288,0.0145614710696062,0.00519399249061327,-0.00314816597670165,0.00834215846731491,-4.53283171751015,-6.62921755881575,-6.72623148360389,0.00119904306805359,1.1018757169001,0.0970139247881407,2.19339976609374,-0.785849729700324,2.18204742930346,0.0113523367902839,0.000779336111781562,-0.00135814568019477
1998-06-01,159469,86172,54.036834745311,10535,86172,2197.3,216.9,225.3,404.2,357.2,1260.2,NA,36.3573024691606,14633856,7.8323035,629.5,216.9,-140.3,86172,42140,19495.9605788423,0.0108972645350617,0.00133225040473559,2332.11291138653,1164.94610198208,661.030576057188,8.17959183673469,0.0299050783103939,0.0149383009017561,0.00514712861888942,-0.00332937826293308,0.0084765068818225,-4.51924348132887,-6.6208857329889,-6.72307111108544,0.00120283848512116,1.10758877539688,0.102185378096543,2.20382762975657,-0.735388057319209,2.18979242321836,0.0140352065382069,0.00717306823659086,0.0135882361812811
1998-09-01,162633,87938,54.071436916247,10673,87938,2242.4,220.1,230.2,408.5,365.5,1290,NA,36.3573024691606,14680042,7.6336776,638.7,220.1,-145.4,87938,42692,19738.7023698515,0.0110785105383213,0.00134459440714485,2385.73278901044,1181.21514134959,675.957623552958,8.23929541834536,0.0302164339923171,0.0149606483650333,0.00515553265248759,-0.00340579031200225,0.00856132296448983,-4.50274803464858,-6.61166286743163,-6.71972886377583,0.00120686539452694,1.11412127089111,0.108065996344199,2.21698082912725,-0.685824647154836,2.19416764257764,0.022813186549604,0.00983557524945336,0.01649544668029
1998-12-01,164167,88886,54.1436464088398,10808,88886,2293.8,225,255,420.7,377.5,1308.4,NA,36.9589599568299,14726138,7.1837817,675.7,225,-152.5,88886,43232,19961.7142857143,0.0111480009218982,0.00135552948680192,2416.53469387755,1247.97653061225,697.219387755102,8.2240932642487,0.0302646188008882,0.0156296262028127,0.00520447816432272,-0.00352747964470762,0.00873195780903035,-4.49649508666615,-6.60356313581183,-6.71624389193691,0.00121107862366854,1.11927455436033,0.112680756125083,2.21974880527076,-0.636339537434687,2.19105461557906,0.0286941896916997,0.00917790054180809,0.00625294798243026
1999-03-01,167145,90633,54.2241766131203,10957,90633,2372,226.6,264.2,435.9,386.2,1367,NA,37.6179181576106,14787675,7.0128351,700.1,226.6,-159.6,90633,43828,20206.8536294727,0.011302993878348,0.0013664659001143,2521.01568964947,1291.12149548178,712.228426731985,8.27169845760701,0.0311901067810532,0.0159738066989139,0.00517021082413069,-0.00364150771196495,0.00881171853609565,-4.48268764336902,-6.59552750708658,-6.7126224003914,0.0012154724860306,1.12422610615959,0.117094893304817,2.22993475702238,-0.58716359751502,2.19801690371776,0.0319178533046258,0.00599374443740933,0.0138074432971358
1999-06-01,168204,91708,54.5218900858481,11137,91708,2396.9,223.8,265,461.6,401.3,1380.3,NA,38.4774288542811,14826586,6.6532679,726.6,223.8,-177.5,91708,44548,20426.6579578663,0.0113447559674223,0.00137770474995837,2531.64370829153,1332.67573603175,736.034644742007,8.23453353685912,0.030984555984556,0.0163104965430547,0.00502379455867828,-0.00398446619376852,0.0090082607524468,-4.47899967112515,-6.5873363891746,-6.7088638200549,0.00122004953322765,1.12922034100832,0.121527430880294,2.22986414892975,-0.537876446148647,2.2214545574993,0.00840959143044932,0.0120665078418652,0.00368797224386608
1999-09-01,170137,93185,54.7705672487466,11340,93185,2471.9,224.8,264.7,476.6,411.4,1447.1,NA,39.1936877681731,14876295,7.041304,741.3,224.8,-186.6,93185,45360,20704.5509470408,0.0114367858394849,0.00139178141782217,2642.11249342705,1353.46416376026,751.13335622686,8.2173721340388,0.031902557319224,0.0163425925925926,0.00495590828924162,-0.00411375661375661,0.00906966490299824,-4.47092029059359,-6.57717075682661,-6.70491302815805,0.00122487922931724,1.13626011814892,0.127742271331439,2.23399273756446,-0.489000779921211,2.23063337816119,0.00335935940327528,-0.00313615789988691,0.00807938053156398
1999-12-01,172442,94921,55.0451746094339,11547,94921,2595.8,229,288.6,512.4,425.7,1512.8,NA,40.4829538131788,14926057,6.684519,801,229,-196.7,94921,46188,20977.3155992878,0.0115530846492145,0.00140541575040802,2748.28813012927,1455.1684242686,773.364791774212,8.22040356802633,0.0327530960422621,0.0173421667965705,0.0049579977483329,-0.00425868190872088,0.00921667965705378,-4.46080280847491,-6.56742211220478,-6.70078830067945,0.00122994195633917,1.14266835370926,0.133366188474668,2.23998549220454,-0.44098439305286,2.22942283993375,0.0105626522707933,0.0132686177158989,0.0101174821186802
2000-03-01,172944,95844,55.4190951984457,11720,95844,2622.4,228.8,294.5,531.8,435.7,1522.1,NA,41.2278630836265,14991705,6.5651794,826.3,228.8,-206.9,95844,46880,21147.9454112934,0.0115359793966063,0.00141064311306108,2746.52625516464,1491.00232878427,786.191110554651,8.1778156996587,0.0324680034129693,0.0176258532423208,0.00488054607508532,-0.00441339590443686,0.00929394197952218,-4.46228448444961,-6.56370957002399,-6.69667593875979,0.00123501033716914,1.14221158366538,0.132966368735795,2.23439145431018,-0.3946618215801,2.24040047712316,-0.0060090228129757,0.00664257223803311,-0.00148167597469939
2000-06-01,174411,97433,55.8640223380406,11830,97433,2656.7,230.4,305.9,555.3,454.4,1542.6,NA,42.2019752065197,15033309,6.1149445,861.2,230.4,-224,97433,47320,21176.4200014369,0.0116016374039807,0.00140863332227368,2761.34788623977,1541.60041464391,813.403655845555,8.23609467455621,0.0325993237531699,0.0181994928148774,0.00486897717666948,-0.00473372781065089,0.00960270498732037,-4.45660903531574,-6.56513531962602,-6.69272972018577,0.00123989358674878,1.1360921109104,0.127594400559752,2.23612068487003,-0.349914747100489,2.25060913090877,-0.0144884460387382,0.0163958571448826,0.00567544913386531
2000-09-01,176367,100936,57.2306610647117,11901,100936,2684.1,238.3,297.9,567.6,461.8,1562.1,NA,42.1446744934084,15084714,5.9630669,865.5,238.3,-223.5,100936,47604,20794.7973666482,0.0116917695622204,0.00137853441348959,2729.48096516605,1512.30124534358,806.910127209321,8.4813040920931,0.0328144693723217,0.0181812452735064,0.00500588185866734,-0.00469498361482228,0.00970086547348962,-4.44887014094033,-6.58673436336547,-6.68954985948116,0.00124384255089363,1.10828690697161,0.102815496115699,2.24067971854084,-0.307927136957159,2.24359901903847,-0.0029193004976291,0.000216319770619629,0.00773889437541264
2000-12-01,177440,101881,57.4171550946799,11975,101881,2710.9,242.1,311.5,571.6,473.4,1580.6,NA,43.1474369728572,15136343,6.2439414,883.1,242.1,-231.3,101881,47900,20856.136080329,0.0117227787451698,0.00137788474272346,2752.83579862781,1538.04206868798,824.492260578518,8.50780793319415,0.0329979123173278,0.0184363256784969,0.00505427974947808,-0.00482881002087683,0.00988308977035491,-4.44622142863791,-6.5872057508732,-6.68647953622293,0.00124766741839233,1.10436861812013,0.099273785349725,2.24025810758501,-0.267969108516958,2.2404519094485,-0.000193801863484392,-0.00726561747653373,0.00264871230241326
2001-03-01,179005,103697,57.9296667690847,12092,103697,2797,245.5,313.5,578.1,483.2,1663.8,NA,44.0928987391947,15216083,6.4588328,891.6,245.5,-237.7,103697,48368,20873.5880497989,0.0117641971327312,0.00137181086944642,2872.10352276344,1539.10776589487,834.114931000897,8.57566986437314,0.0343987760502812,0.0184336751571287,0.00507566986437314,-0.00491440621898776,0.0099900760833609,-4.4426945011432,-6.59162360943837,-6.68363385841939,0.00125122293439819,1.09637605876065,0.0920102489810164,2.24093935727619,-0.230217970661793,2.24391124605371,-0.00297188877751894,-0.00420284634421285,0.00352692749471384
2001-06-01,180066,105146,58.3930336654338,12264,105146,2907.1,245.4,334.1,606.2,498.9,1718.2,NA,45.6686683497572,15262448,6.9327854,940.3,245.4,-253.5,105146,49056,21002.5053164172,0.0117979763141535,0.00137609021281626,2942.47428527952,1610.29482624161,854.382738287714,8.5735485975212,0.0350252772341813,0.0191678897586432,0.00500244618395303,-0.00516756360078278,0.0101700097847358,-4.43982726101867,-6.58850897998033,-6.68078011206622,0.00125479870703157,1.09666212206389,0.09227113208589,2.24095285104755,-0.194934104594333,2.24888819366873,-0.00793534262118197,-0.0084129961433506,0.00286724012453465
2001-09-01,180526,105625,58.5095775677742,12471,105625,2975.8,250.5,324.2,584.9,512.8,1823,NA,48.0466479438789,15314614,6.8417923,909.1,250.5,-262.3,105625,49884,21314.4591337278,0.0117878256676923,0.00139177253398145,3115.72921183432,1553.76271337278,876.437706982248,8.46964958704194,0.0365447838986449,0.0182242803303664,0.00502165022853019,-0.00525819902173041,0.0102798492502606,-4.44068800318005,-6.57717713991878,-6.67767202290179,0.00125870480039518,1.1057179837119,0.100494882983015,2.23698401972174,-0.163128365015533,2.26257685831774,-0.0255928385959931,0.00969959421448496,-0.000860742161385097
2001-12-01,181898,107482,59.089159858822,12700,107482,3052.4,257.4,344.1,618,531.5,1845.6,NA,49.8516204068868,15372471,6.8614224,962.1,257.4,-274.1,107482,50800,21492.9439347984,0.0118327105642287,0.00139814503047678,3123.41553748535,1628.21742989524,899.488165460263,8.46314960629921,0.0363307086614173,0.0189389763779528,0.00506692913385827,-0.00539566929133858,0.0104625984251968,-4.43688750092883,-6.57260889915159,-6.67452012918929,0.00126267836297532,1.10728517370192,0.1019112300377,2.23763262826045,-0.137012978002039,2.25523018782953,-0.0175975595690751,0.00412052643814671,0.00380050225121753
2002-03-01,184204,109464,59.4254196434388,12914,109464,3133,262.8,360,630.6,552.7,1903.1,NA,51.7425439395618,15437809,6.4303951,990.6,262.8,-289.9,109464,51656,21731.4409851641,0.0119320040816673,0.00140767650287447,3202.50157494701,1666.96340714756,930.07336475919,8.47638222084559,0.0368417995973362,0.0191768623199628,0.00508750193588354,-0.00561212637447731,0.0106996283103608,-4.42853107025231,-6.56581480412555,-6.67125896943738,0.00126680288053218,1.11120405905859,0.105444165311828,2.24272789918506,-0.117787593796012,2.26123860787881,-0.0185107086937468,0.0181305342409676,0.00835643067651937
2002-06-01,187100,111751,59.7279529663282,13084,111751,3225.9,263,366.2,630.7,583.2,2007.8,NA,54.2924256730176,15479344,6.4957638,996.9,263,-320.2,111751,52336,21905.9909978434,0.0120870755246476,0.00141517566880376,3361.57510894757,1669.06774883446,976.427235550465,8.54104249464995,0.0383636502598594,0.0190480739834913,0.00502522164475696,-0.00611815958422501,0.011143381228982,-4.41561853570475,-6.56050160802811,-6.6679362485951,0.00127101911367014,1.11341808599349,0.107434640566983,2.25231771289035,-0.10711884043817,2.28427929249168,-0.0319615796013386,0.00484341799255366,0.0129125345475636
2002-09-01,189666,114311,60.2696318791982,13222,114311,3320.6,276.1,367.5,622.4,609.8,2127,27708,56.3552513450267,15529727,6.3121293,989.9,276.1,-333.7,114311,52888,21938.0799048211,0.0122130929925555,0.00141265071207118,3529.14052015991,1642.45237466211,1011.78650173649,8.64551505067312,0.0402170624716382,0.0187169112085917,0.00522046589018303,-0.00630955982453487,0.0115300257147179,-4.40524670659508,-6.56228740182414,-6.66476678319197,0.00127505395554583,1.10791445799362,0.102479381367834,2.25952007659689,-0.10781854794338,2.27974346871863,-0.0202233921217362,0.00335459168698689,0.0103718291096717
2002-12-01,190589,115586,60.646731972989,13350,115586,3381,286.4,381.4,639.7,627,2148.5,28180.8,59.0483848612608,15585184,6.1821898,1021.1,286.4,-340.6,115586,53400,22012.727752496,0.0122288578691147,0.00141241372270587,3542.64760870694,1683.68511670964,1033.85620230824,8.65812734082397,0.0402340823970037,0.0191217228464419,0.00536329588014981,-0.00637827715355805,0.0117415730337079,-4.40395672128789,-6.56245517807939,-6.66169743503859,0.00127897355227606,1.10433379970394,0.0992422569591973,2.2577407137507,-0.0807104179876364,2.26681515648421,-0.00907444273350709,0.0000981242337092843,0.00128998530719038
2003-03-01,191715,117252,61.1595336828104,13520,117252,3455.8,290.9,386.1,632.9,648.5,2235.8,30750.4,61.0539098201585,15656558,6.1313195,1019,290.9,-357.6,117252,54080,22106.1201514686,0.0122450285688591,0.001411939977578,3655.68516528503,1666.13435165285,1060.34163596357,8.67248520710059,0.0413424556213018,0.0188424556213018,0.00537906804733728,-0.00661242603550296,0.0119914940828402,-4.40263525547667,-6.56279064961206,-6.6587302314758,0.0012827741629614,1.10069256019189,0.0959395818637336,2.25609497599912,0.0588460761794544,2.28303853037309,-0.0269435543739696,0.0102780767984574,0.0013214658112144
2003-06-01,193173,118069,61.1208605757533,13750,118069,3629.6,297.4,408,664.8,680.3,2357,33127.3,64.1194979716165,15699404,6.0546379,1072.8,297.4,-382.9,118069,55000,22496.4109969594,0.0123044798388525,0.00143294681740526,3856.29387053333,1755.21088854822,1113.04061099865,8.58683636363636,0.0428545454545455,0.0195054545454545,0.00540727272727273,-0.00696181818181818,0.0123690909090909,-4.39779186837293,-6.54802224359154,-6.65540899183927,0.00128704164610047,1.11336476309594,0.10738674824773,2.25761712346634,0.17801418341887,2.28957456194572,-0.0319574384793753,0.0161957444124984,0.00484338710374566
2003-09-01,195769,119985,61.2890702818117,13991,119985,3797.3,309.7,427.3,681.5,707.6,2477.2,37544.2,69,15749578,5.7753979,1108.8,309.7,-397.9,119985,55964,22827.8874776014,0.0124301108258266,0.00144942851659907,4041.82995207734,1809.13170146268,1154.52885277326,8.57587020227289,0.0442641698234579,0.0198127367593453,0.00553391465942391,-0.00710992781073547,0.0126438424701594,-4.38763345750356,-6.53658592672131,-6.65184429988573,0.00129163774006288,1.12216333701159,0.115258373164421,2.26421084238217,0.378136191935151,2.29036321617556,-0.0261523737933925,0.0182479248563334,0.0101584108693658
2003-12-01,200296,123298,61.5578943164117,14208,123298,3940.9,321,448.3,713.1,740.2,2573.7,37187.4,71.6,15803193,5.6813793,1161.4,321,-419.2,123298,56832,23080.7115119467,0.0126744006733323,0.00146050937376685,4180.94223101753,1886.67921945206,1202.44528865026,8.67806869369369,0.0452861064189189,0.020435670045045,0.00564822635135135,-0.00737612612612613,0.0130243524774775,-4.36817101477807,-6.52897001796683,-6.64815807142816,0.00129640779821782,1.12658175596801,0.119188053461331,2.2799870566501,0.362881203996462,2.28180665830841,-0.00181960165830963,0.00308281616177572,0.0194624427254979
2004-03-01,204222,126281,61.8351597771053,14401,126281,4040.2,323.5,470.1,739.2,769.2,2632.3,33218.9,71.3,15868106,5.4374991,1209.3,323.5,-445.7,126281,57604,23289.3390296244,0.0128699669639212,0.00146768234530475,4256.96320586628,1955.68347257307,1243.95247424395,8.76890493715714,0.045696479411152,0.0209933337962642,0.0056159294493438,-0.0077373099090341,0.0133532393583779,-4.35285882428328,-6.52407075823683,-6.64443545203242,0.00130124282493076,1.12790811767423,0.120364693795589,2.29157662774914,0.182456994778518,2.28378873329573,0.00778789445340772,0.00280051639136764,0.0153121904947806
2004-06-01,205404,127401,62.0245954314424,14623,127401,4129.2,329.4,488.8,787.8,799.2,2663.1,32250.9,70.6,15907206,5.4631942,1276.6,329.4,-469.8,127401,58492,23576.1312077613,0.0129126384608334,0.00148210384700879,4293.61929969152,2058.21576282761,1288.52110109026,8.71237092251932,0.0455293031525679,0.0218252068658962,0.00563153935580934,-0.00803186760582644,0.0136634069616358,-4.34954872158644,-6.51429268235752,-6.64053116894218,0.00130633317590787,1.13455271162257,0.126238486584653,2.29098244735573,0.135110915432211,2.2786668836337,0.0123155637220321,-0.00155036505566222,0.00331010269684118
2004-09-01,207829,129169,62.1515765364795,14912,129169,4230.4,337.9,507.9,802.8,824.9,2727.8,32558.6,70.6,15961847,5.3705646,1310.7,337.9,-487,129169,59648,23992.955337581,0.0130203603630582,0.00150314404953142,4388.94739604704,2108.87651294041,1327.2390596815,8.66208422746781,0.0457316255364807,0.0219739136266094,0.00566490075107296,-0.00816456545064378,0.0138294662017167,-4.34124096493049,-6.50019633146552,-6.63632112381788,0.00131184449082763,1.14582487485472,0.136124792352361,2.29508015888739,0.15029452361219,2.27802842970369,0.0170517291837002,0.00644597927645184,0.0083077566559524
2004-12-01,210683,131616,62.4711058794492,15246,131616,4361.1,346.8,530.7,844,851,2793.5,33793.7,71.8,16018797,5.0685483,1374.7,346.8,-504.2,131616,60984,24404.8825218818,0.0131522360886401,0.00152351531278421,4471.66727829443,2200.53732145028,1362.22976689764,8.63282172373081,0.0458070969434606,0.0225419782237964,0.00568673750491932,-0.00826774235865145,0.0139544798635708,-4.33116349005083,-6.48673490853276,-6.63183353735932,0.00131774473542748,1.15615359471725,0.145098628826562,2.30067004730849,0.209859622823653,2.27670918909796,0.023960858210536,0.0103589250256933,0.0100774748796626
2005-03-01,209979,131780,62.7586568180628,15574,131780,4436.9,349.8,551,865.5,873.7,2832.5,35800.2,71.7,16095334,5.1627127,1416.5,349.8,-523.9,131780,62296,24815.7,0.0130459548090148,0.00154179465924721,4513.32157762938,2257.05914023372,1392.15853923205,8.46153846153846,0.0454684088866059,0.0227382175420573,0.00561512777706434,-0.00840984974958264,0.014024977526647,-4.33927716958673,-6.47480817791761,-6.62712277657607,0.00132396695984828,1.16452653729659,0.152314598658465,2.28784560698934,0.302078802556697,2.2868884928901,0.000957114099245494,0.00372534652761044,-0.00811367953589848
2005-06-01,213766,134980,63.143811457388,15874,134980,4490.4,357.3,563.2,889.5,906.6,2860.3,35316.7,72.2,16141515,4.949962,1452.7,357.3,-549.3,134980,63496,25139.4390576382,0.0132432426572103,0.00155743987213333,4529.81841606164,2300.621337976,1435.7701555786,8.50321280080635,0.0450469320902104,0.0228786065263954,0.00562712611818067,-0.00865093864180421,0.0142780647599849,-4.32426784477316,-6.46471191341973,-6.62225045068138,0.00133043349910106,1.17062586982788,0.157538537261647,2.29798260590822,0.280395126097281,2.29033879648037,0.00764380942785491,0.00969851246918805,0.0150093248135699
2005-09-01,215051,136993,63.702563577942,16171,136993,4609.4,366.9,596.4,941,929.7,2893.1,35899.9,72.1,16203615,5.0021776,1537.4,366.9,-562.8,136993,64684,25385.1636287986,0.0132717915107215,0.00156663581730364,4541.57546808961,2413.4036585811,1459.43891074726,8.47152309690186,0.0447266712015336,0.0237678560385876,0.00567219095912436,-0.00870076062086451,0.0143729515799889,-4.32211443517447,-6.45882475021089,-6.61734767966727,0.00133697232598421,1.17177879216787,0.158522929456379,2.2952332444928,0.306605987667877,2.27845266832572,0.0167805761670768,-0.00260658060330569,0.00215340959868815
2005-12-01,215597,138362,64.1762176653664,16490,138362,4735.1,378,621.4,981.6,959.7,2962,37924.6,73.5,16266838,5.0698086,1603,378,-581.7,138362,65960,25694.8767002501,0.0132537743352457,0.00157958643838772,4615.41690637603,2497.81002731964,1495.41377618132,8.39066100667071,0.0449060036385688,0.0243026076409945,0.00573074590661007,-0.00881898120072771,0.0145497271073378,-4.32347291162328,-6.45059221406108,-6.61234501569908,0.00134367750716601,1.17556960651911,0.161752801637999,2.2888721040758,0.394357362534322,2.27377100068882,0.0151011033869784,-0.00213192014463783,-0.00135847644881526
2006-03-01,218058,141416,64.8524704436434,16862,141416,4907.7,380.6,632.9,1047.4,979.5,3061.6,39858.9,74.3,16348668,4.8670208,1680.3,380.6,-598.9,141416,67448,26000.5515358941,0.0133379673500006,0.00159037736504858,4720.86873338236,2590.95758188607,1510.35109888556,8.38666824813189,0.0453920056932748,0.0249125252046021,0.00564286561499229,-0.00887943304471593,0.0145222986597082,-4.31714062266821,-6.44378395440131,-6.60728818386015,0.00135048946731798,1.17763033591592,0.16350422945884,2.29014756119194,0.473943256075461,2.2826864967755,0.00746106441643988,0.0142718745540795,0.00633228895507454
2006-06-01,221464,145362,65.6368529422389,17279,145362,5016.4,388.7,633.8,1077.5,1023.4,3164.3,41420.9,77,16396425,4.8081098,1711.3,388.7,-634.7,145362,69116,26325.1500116949,0.0135068467669019,0.00160554206247368,4820.91973968437,2607.22433098059,1559.18505248965,8.4126396203484,0.0457824526882343,0.0247598240638926,0.00562387869668384,-0.00918311244863707,0.0148069911453209,-4.30455855418527,-6.43429384579086,-6.60209835371807,0.00135751649703498,1.18270537852057,0.167804507927205,2.2975397995328,0.535410615796166,2.29742008432873,0.000119715204070956,0.00441014083045076,0.0125820684829367
2006-09-01,223974,148048,66.1005295257485,17749,148048,5137.9,405,642.2,1119.5,1052.3,3232.1,40466.1,78.4,16475659,4.6660416,1761.7,405,-647.3,148048,70996,26851.5246811845,0.013594236200203,0.00162976938774859,4889.67338565871,2665.18288528045,1591.9690924565,8.34120232125754,0.0455251000056341,0.0248140740323399,0.00570454673502733,-0.0091174150656375,0.0148219618006648,-4.29810938488107,-6.41931675408154,-6.59661490572897,0.001364980814536,1.19398702926282,0.177298151647437,2.2985055208479,0.498128478446198,2.28544116658018,0.0130643542677252,0.00305031709300278,0.00644916930420258
2006-12-01,226908,150588,66.3652229097255,18194,150588,5330.8,416.7,672,1192,1081.6,3326.6,38776.5,79.8,16553060,4.5680416,1864,416.7,-664.9,150588,72776,27414.9610327516,0.0137079186567317,0.00165618689431148,5012.56509682046,2808.69997609371,1629.76925651446,8.27679454765307,0.0457101242167748,0.0256128393976036,0.00572578872155656,-0.00913625371001429,0.0148620424315708,-4.28978160898711,-6.40323737050341,-6.59081357967221,0.0013729225272614,1.20632217872855,0.187576209168796,2.3010319706851,0.430002842825636,2.27257855662873,0.0284534140563654,0.000124573422771257,0.00832777589396283
2007-03-01,231761,154912,66.8412718274429,18627,154912,5498.8,420.4,673.4,1244,1103.7,3434.4,42788.3,80.5,16654145,4.4596097,1917.4,420.4,-683.3,154912,74508,27867.5128266371,0.0139161151773327,0.00167330792584291,5138.14280623838,2868.58694871927,1651.22531308097,8.31652976861545,0.0460943791270736,0.0257341493530896,0.00564234713050948,-0.00917082729371343,0.0148131744242229,-4.27470774511468,-6.3929528178211,-6.58487775681667,0.00138109618687617,1.21157957117214,0.191924938995571,2.31017001170199,0.587419027215368,2.28743179714584,0.0227382145561525,0.0114951043830614,0.0150738638724253
2007-06-01,233695,158202,67.6959284537538,19112,158202,5669.3,403.1,686,1344.2,1155.9,3541.2,47243.8,84.1,16727947,4.3240941,2030.2,403.1,-752.8,158202,76448,28232.1262689473,0.0139703335980201,0.00168772212567073,5231.03838130997,2998.99867890419,1707.48821443471,8.27762662201758,0.046321682712432,0.0265566136458769,0.00527286521557137,-0.00984721640853914,0.0151200816241105,-4.2708192263978,-6.38437551385296,-6.57886268952776,0.00138942860828747,1.21468790523244,0.194487175674799,2.30804346312996,0.745833362576801,2.33948113065847,-0.0314376675285039,0.017878320917613,0.00388851871688445
2007-09-01,237749,161599,67.9704225885282,19680,161599,5902,435.2,691.5,1392.9,1176.7,3697.3,47137.4,87.1,16808153,4.2134049,2084.4,435.2,-741.5,161599,78720,28953.7702584793,0.0141448617227604,0.00172260273085801,5439.57188905872,3066.62798408406,1731.19418003824,8.21133130081301,0.0469677337398374,0.0264786585365854,0.00552845528455285,-0.00941946138211382,0.0149479166666667,-4.25840384997378,-6.36391891629871,-6.57241437633089,0.00139841702804586,1.23182333760993,0.208495460032178,2.31401052635711,0.742281433812193,2.30464500416549,0.00936552219162145,0.00673239103980253,0.0124153764240162
2007-12-01,240547,164904,68.5537545677144,20270,164904,5997.3,453.3,677.7,1398,1209.9,3795.9,46023.5,90.4,16890726,4.3083917,2075.7,453.3,-756.6,164904,81080,29568.037706787,0.0142413653504296,0.0017505486565105,5537.11466853442,3027.84291405909,1764.89239375637,8.13537247163296,0.0468167242229896,0.0256006413418846,0.00559077454366058,-0.00933152442032561,0.0149222989639862,-4.25160449624424,-6.34782602217721,-6.56567672570628,0.00140787088604058,1.2434014183173,0.217850703529065,2.31407222946204,0.703994614351231,2.30168264703278,0.0123895824292564,-0.00719375409811283,0.00679935372954343
2008-03-01,241808,167251,69.1668596572487,20778,167251,5838.9,464.7,630.6,1322.3,1233.4,3775.4,42412.8,90.8,17006460,4.0570579,1952.9,464.7,-768.7,167251,83112,30040.3981082325,0.0142185969331654,0.00176641100547866,5458.39440840414,2823.46200142301,1783.22394006613,8.04942727885263,0.0454254499951872,0.0234972085860044,0.00559125036095871,-0.00924896525170854,0.0148402156126672,-4.25320452802887,-6.33880547144424,-6.55887058807842,0.00141748573191931,1.24615787355185,0.220065116634177,2.30566606004954,0.573274202787029,2.31504425956757,-0.00937819951802695,0.00327025280555848,-0.00160003178463608
2008-06-01,240834,167822,69.6836825365189,21179,167822,5757.4,483.6,619.5,1320.4,1268.6,3719.9,36777.3,90,17094322,4.2435273,1939.9,483.6,-785,167822,84716,30393.0550583356,0.014088537702753,0.00177796200740431,5338.2655229946,2783.86550392678,1820.51228325249,7.92398130223334,0.0439102412767364,0.0228988620803626,0.00570848481986874,-0.00926625430851315,0.0149747391283819,-4.26239374108665,-6.33228751028278,-6.55207309574455,0.00142715390274675,1.24580958226185,0.219785585461765,2.2896793546579,0.345283096192111,2.29757195447613,-0.00789259981823116,-0.0146202746079906,-0.00918921305777598
2008-09-01,240096,168736,70.2785552445688,21640,168736,5639.1,508.7,608.3,1272.4,1282.8,3652.1,35212.4,88,17194287,4.2892907,1880.7,508.7,-774.1,168736,86560,30791.7542196093,0.0139637078292342,0.00179081308923187,5196.60654276503,2676.06525696947,1825.30787028257,7.79741219963031,0.0421915434380776,0.0217271256931608,0.00587684842883549,-0.00894292975970425,0.0148197781885397,-4.27129361310102,-6.3250855224708,-6.54526346854634,0.00143690545330848,1.24629848478097,0.220177946075537,2.27396985544531,0.275696192859832,2.27918652386155,-0.00521666841623644,-0.00103795415022113,-0.00889987201437048
2008-12-01,239618,169525,70.7480239381015,22233,169525,5324.3,545.5,574.7,1179.7,1292.7,3434.4,36366.3,86.8,17288803,4.5700887,1754.4,545.5,-747.2,169525,88932,31425.6127060905,0.0138597218095434,0.00181768585749346,4854.41120306739,2479.78657543135,1827.18884294352,7.62492691044843,0.0386182701389826,0.0197274321953852,0.00613390005847164,-0.00840192506634282,0.0145358251248145,-4.27876835688333,-6.3101910938159,-6.53821129730442,0.00144707457166052,1.25611070299415,0.228020203488521,2.2594429404211,0.327322720416203,2.25454811530194,0.00489482511915096,-0.00637484810139943,-0.00747474378230617
2009-03-01,240725,171287,71.1546370339599,22821,171287,5307.6,555.9,565.5,1161.1,1305,3448.8,42863,86.6,17398656,5.711259,1726.6,555.9,-749.1,171287,91284,32072.4002697227,0.0138358388142165,0.00184338378031744,4846.90828842819,2426.54600173977,1834.03366863802,7.50567459795802,0.0377809911923229,0.0189145962052495,0.00608978572367556,-0.00820625739450506,0.0142960431181806,-4.28049303771369,-6.29615238522966,-6.53094952994218,0.00145762113756357,1.26465220132488,0.234797144712518,2.25045649222849,0.590144935347535,2.26170626868865,-0.011249776460161,-0.0125720983715307,-0.00172468083036659
2009-06-01,244539,174836,71.496162166362,23289,174836,5587.1,560,582.7,1281.5,1332.3,3602.8,46289.5,90.2,17474718,5.8615471,1864.2,560,-772.3,174836,93156,32573.7764018852,0.0139938738925572,0.00186405162028281,5039.15160035691,2607.41268274268,1863.45666624723,7.5072351754047,0.0386749109021426,0.0200115934561381,0.00601142170123234,-0.00829039460689596,0.0143018163081283,-4.26913562423561,-6.28500286981742,-6.52357113013844,0.00146841582386198,1.26943035480256,0.238568260321016,2.25443550590283,0.713225780881488,2.2648565698062,-0.0104210639033725,0.00818519713110799,0.0113574134780867
2009-09-01,245667,176634,71.8997667574399,23628,176634,5949.6,574.7,616.9,1393.5,1360.8,3823.6,48156.8,94,17559802,5.6620719,2010.4,574.7,-786.1,176634,94512,32862.4153673698,0.0139903058132432,0.00187145705671225,5317.95883691702,2796.11477292028,1892.63479058392,7.47562214321991,0.0404562383612663,0.0212713729473506,0.00608070932791603,-0.00831746233282546,0.0143981716607415,-4.2693906311267,-6.28103797680224,-6.51629513553835,0.00147913897294749,1.26523409290134,0.235257158736114,2.24690450441165,0.77647219378415,2.25355480291005,-0.0066502984984042,0.00588950100609513,-0.000255006891097587
2009-12-01,248968,180412,72.4639311076122,23964,180412,6292.2,584.5,618.4,1440.1,1384.3,4116.3,46365.8,99.2,17626541,5.4912535,2058.5,584.5,-799.8,180412,95856,33070.245615591,0.01412460902,0.001876161954611,5680.48122297852,2840.72361040286,1910.32970312396,7.52845935570022,0.0429425388082123,0.0214749207144049,0.00609768819896511,-0.00834376564847271,0.0144414538474378,-4.25983668233273,-6.2785271023743,-6.50916209454343,0.0014897274510074,1.2593994648768,0.230634992169128,2.2493254122107,0.715869552148486,2.25381421315224,-0.00448880094154097,0.00299450905860205,0.00955394879397442
2010-03-01,250171,182570,72.978082991234,24357,182570,6511.9,595.2,620.6,1464,1405.3,4309.4,43385.8,102.3,17713963,5.4225845,2084.6,595.2,-810.1,182570,97428,33375.7739332859,0.014122813737389,0.00188415059539674,5905.06056526264,2856.4740461193,1925.64663581092,7.49558648437821,0.0442316377222154,0.0213963131748573,0.00610912673974627,-0.00831485815166071,0.014423984891407,-4.25996379358312,-6.27427817216012,-6.50211557687193,0.00150026191386669,1.25588110847968,0.227837404711813,2.24215178328881,0.609625752036131,2.25120284156069,-0.00905105827188102,-0.00119874587000786,-0.000127111250387557
2010-06-01,253795,186115,73.3328079749404,24727,186115,6396.5,602.4,597.4,1422.5,1436.3,4279.6,41748.5,104.3,17772774,5.1441805,2019.9,602.4,-833.9,186115,98908,33718.8779249389,0.0142799880311312,0.0018972208798097,5835.85998979126,2754.42882357682,1958.60494049378,7.52679257491811,0.0432684919318963,0.0204220083309742,0.00609050835119505,-0.00843106725441825,0.0145215756056133,-4.24889616022713,-6.26736515842912,-6.49507306431865,0.00151086481895176,1.25571848388527,0.227707905889529,2.24617690409152,0.548068141143176,2.26424752657347,-0.018070622481949,0.0106150614818298,0.0110676333559896
2010-09-01,256335,188069,73.3684436382078,25009,188069,6486.1,629.6,609,1465.2,1456.4,4297.1,40724,103,17835966,5.0544962,2074.2,629.6,-826.8,188069,100036,34086.8618166737,0.014371803579352,0.00191113067925077,5856.87768053215,2827.10099484764,1985.04960413465,7.52005278099884,0.0429555360070375,0.0207345355671958,0.00629373425566796,-0.00826502459114719,0.0145587588468151,-4.24248707672156,-6.26006023340852,-6.48802267939134,0.00152155463688341,1.25603815526817,0.227962445982819,2.24553560266978,0.508320132104431,2.23613664282003,0.0093989598497533,0.000711044485290897,0.00640908350556746
2010-12-01,259199,190416,73.4632463859814,25316,190416,6557.1,643.3,614.2,1513.9,1482.2,4320.7,40545.2,103.6,17898977,4.8769832,2128.1,643.3,-838.9,190416,101264,34460.7694941602,0.0144812186752349,0.00192529268539538,5881.44441275943,2896.82270344929,2017.60754243341,7.52156738821299,0.0426676805182493,0.021015365776584,0.00635270184863328,-0.00828428661715911,0.0146369884657924,-4.2349027329117,-6.25267727843872,-6.48096231736276,0.0015323353766451,1.25644340967355,0.228285038924039,2.24605958445106,0.501233787617576,2.22888500300388,0.0171745814471856,0.00257490227059178,0.00758434380986017
2011-03-01,260732,193646,74.2701317828268,25709,193646,6547.9,651.6,616.1,1542.9,1507.6,4306.3,38589.2,102.7,17980904,4.9264364,2159,651.6,-856,193646,102836,34615.5303388658,0.0145004945246357,0.00192512736505716,5798.15855530194,2906.95592989269,2029.88733668653,7.5322260686919,0.0418754132793963,0.020994593333074,0.00633630246217278,-0.00832393325294644,0.0146602357151192,-4.23357252498989,-6.25276314976505,-6.47411634233483,0.00154286169671849,1.24776405373969,0.221353192569781,2.24054381734495,0.422191744399838,2.22773675559915,0.012807061745799,-0.00725966364514806,0.00133020792181338
2011-06-01,262484,196321,74.7935112235412,26250,196321,6517.6,652.1,607.2,1541.5,1535,4315.6,38672.3,102,18045907,4.9167436,2148.7,652.1,-882.9,196321,105000,35096.6274621666,0.0145453481501373,0.00194485250656376,5770.01925621813,2872.84279725552,2052.31707254955,7.47889523809524,0.0411009523809524,0.0204638095238095,0.00621047619047619,-0.00840857142857143,0.0146190476190476,-4.23048405125149,-6.24256913688802,-6.46716992617143,0.00155361636610599,1.25182287532048,0.224600789283408,2.23668587491994,0.425602011376808,2.2457844005984,-0.00909852567846801,0.00949305042476869,0.00308847373839427
2011-09-01,264235,198599,75.159990160274,26879,198599,6307,675.8,591.9,1470.4,1554.5,4185.1,39040.6,100.2,18112784,5.2219241,2062.3,675.8,-878.7,198599,107516,35762.3782848856,0.0145883150817677,0.0019744274698404,5568.25511961289,2743.88008247776,2068.25466140313,7.38863052940958,0.0389253692473678,0.0191813311507125,0.00628557610030135,-0.0081727370809926,0.0144583131812939,-4.22753440757361,-6.22747681134331,-6.45997913272658,0.00156482836375479,1.26175337536877,0.232502321383278,2.23244472515298,0.440746938808272,2.23944713248319,-0.00700240733021614,-0.000869844782473583,0.00294964367788353
2011-12-01,265385,200001,75.3625864310342,27427,200001,6315,691.2,596.6,1485.9,1571,4167.6,38597.6,99.4,18195067,5.1967788,2082.5,691.2,-879.8,200001,109708,36393.39000805,0.0145855467308804,0.00200017895004453,5530.0649796751,2763.30749596252,2084.58875205624,7.29212090276005,0.037988113902359,0.0189822073139607,0.0063003609581799,-0.00801946986546104,0.0143198308236409,-4.22772419053161,-6.21451862740258,-6.45261531756686,0.0015763940019301,1.26883187045596,0.238096690164289,2.22489112703525,0.422540210029666,2.23315398769501,-0.00826286065975254,0.00759541955237652,-0.000189782958001317
2012-03-01,269320,203833,75.6843160552503,27856,203833,6417.5,701.4,615,1551,1586.3,4193.2,40285.1,100,18292117,5.1831604,2166,701.4,-884.9,203833,111424,36805.5119632248,0.0147232821657548,0.00201209690290221,5540.38170463075,2861.8875255724,2095.94283555656,7.31738225157955,0.0376328259620907,0.019439259046525,0.00629487363584147,-0.00794173607122343,0.0142366097070649,-4.2183252173192,-6.20857786542817,-6.4452941940027,0.00158797732694319,1.26708163193705,0.23671632857453,2.2269689766835,0.490928620077252,2.22941986202045,-0.00245088533695084,0.00847728772876274,0.00939897321240757
2012-06-01,270480,206577,76.3742236024845,28227,206577,6564.7,710.5,610.7,1674,1610.3,4221,39834.8,100.4,18369580,5.1625907,2284.7,710.5,-899.8,206577,112908,36958.8045135712,0.0147243431804102,0.00201195696981484,5526.73376029277,2991.45430517434,2108.43387211548,7.31841853544479,0.0373844191731321,0.0202350586318064,0.00629273390725192,-0.00796932015446204,0.014262054061714,-4.21825315618399,-6.20864741374529,-6.43819479059498,0.00159929113170213,1.2580304673318,0.229547376849686,2.21994163441099,0.473008279443896,2.22216787052293,-0.00222623611193615,-0.000238423389747298,0.0000720611352136302
2012-09-01,271290,208903,77.0035755096023,28647,208903,6626.4,733,626.5,1725,1617.1,4206.3,40900.9,100.2,18450717,5.4885624,2351.5,733,-884.1,208903,114588,37202.1686141415,0.0147034936365888,0.00201629934566453,5462.47362172874,3053.75430223597,2100.03235472923,7.29231682200579,0.0367080322546864,0.0205213460397249,0.00639683038363529,-0.00771546758822913,0.0141122979718644,-4.21967015108169,-6.20649145484317,-6.43124369052243,0.00161044669119129,1.25201247373983,0.224752235679258,2.21157353944073,0.515233157634833,2.20146715399947,0.0101063854412648,-0.00854366624692797,-0.00141699489770364
2012-12-01,271886,210348,77.366249089692,29157,210348,6806.3,745.6,641.1,1783.3,1631.9,4312.9,41694.9,102.4,18526774,5.4321685,2424.4,745.6,-886.3,210348,116628,37686.9763534714,0.0146753018091547,0.00203418988937153,5574.65309582216,3133.66620267366,2109.31771825736,7.21432246115856,0.0369799705045101,0.02078746098707,0.006392975957746,-0.00759937579312001,0.013992351750866,-4.2215893472679,-6.19765762810686,-6.42423610864996,0.00162177166221807,1.25430104419842,0.226578480543097,2.20264676138206,0.546031852090055,2.19778150325748,0.0048652581245854,0.00471004193201946,-0.00191919618620329
2013-03-01,273552,212524,77.6905305024273,29709,212524,6952.2,755.3,664,1851.3,1647,4368.2,44490.8,103.1,18619113,5.6404629,2515.3,755.3,-891.7,212524,118836,38240.1816641885,0.0146919995598072,0.00205381328660439,5622.56425815437,3237.58891042894,2119.94948335247,7.15352250159884,0.0367582214143862,0.021166144939244,0.00635581810225857,-0.00750361843212495,0.0138594365343835,-4.22045218098611,-6.1880570739424,-6.41715073760873,0.00163330332098646,1.25745981179047,0.229093663666328,2.19669855662262,0.649845892727287,2.19676477868487,-0.0000662220622525173,0.0038226732350532,0.00113716628178384
2013-06-01,274290,213978,78.0115935688505,30214,213978,6951.4,761.7,661,1798.7,1683.4,4447.4,47780,105.7,18691919,5.695248,2459.7,761.7,-921.7,213978,120856,38730.1407621344,0.0146742557572607,0.00207202592532818,5700.94750862238,3152.99289179261,2157.88438998402,7.08208115443172,0.0367991659495598,0.0203523201165023,0.00630254186800821,-0.0076264314556166,0.0139289733236248,-4.22166062956182,-6.17922844243915,-6.41001306875364,0.0016450030037911,1.25958792813932,0.230784626314493,2.18835243919183,0.763923458243038,2.21764870184749,-0.0292962626556655,0.0086891201578552,-0.00120844857570557
2013-09-01,276681,217452,78.593036746289,30594,217452,7164.3,788,682.1,1887.2,1694.2,4530.9,48900.2,108.3,18767916,5.706719,2569.3,788,-906.2,217452,122376,38927.1127145301,0.0147422335010451,0.00207413080464182,5765.01454527896,3269.11913111859,2155.66171017052,7.10766817022946,0.0370244165522651,0.020995129764006,0.00643917107929659,-0.00740504674119108,0.0138442178204877,-4.21703887717041,-6.17821310238736,-6.40305906976266,0.00165648221998917,1.25212983249248,0.224845967375295,2.18602019259224,0.80106858919059,2.19488170287049,-0.0088615102782478,0.00248471118069184,0.00462175239140361
2013-12-01,277930,219587,79.0080236030655,30802,219587,7400,808.4,690.8,1940.5,1730.1,4703.7,52530.6,112.6,18825023,5.9002397,2631.3,808.4,-921.7,219587,123208,38985.9138291429,0.0147638597838632,0.00207096234778268,5953.44597357767,3330.42124078383,2189.77759612363,7.12898513083566,0.0381769040971365,0.0213565677553406,0.00656126225569768,-0.00748084539964937,0.0140421076553471,-4.21557299102399,-6.17974187742798,-6.39635955399262,0.0016676171062702,1.24186921565863,0.216617676564632,2.18078656296863,0.91557788193617,2.18811133198443,-0.0073247690158067,-0.00643584335935878,0.0014658861464234
2014-03-01,280126,222395,79.3910597374039,30941,222395,7539,818.1,710.2,1986.6,1751.9,4779.7,53574.7,114.2,18920596,5.8752718,2696.8,818.1,-933.8,222395,123764,38972.9021156051,0.0148053475693895,0.00205981366102871,6020.45118910047,3396.85603003665,2206.67164009982,7.18771209721728,0.0386194693125626,0.0217898581170615,0.00661016127468408,-0.00754500500953428,0.0141551662842184,-4.21276684121719,-6.18513975608333,-6.39002296005534,0.00167821766897635,1.22738170328353,0.20488320397201,2.17725611883815,0.947092328135296,2.18463961103831,-0.00738349220016079,0.000748235310094882,0.00280614980680127
2014-06-01,281366,224095,79.6453729306313,31145,224095,7656.4,825.2,725.5,2012.8,1790.1,4873.9,53808.6,116.4,18975993,6.0488064,2738.3,825.2,-964.9,224095,124580,39104.5943461478,0.014827471742849,0.00206074034418899,6119.50176219907,3438.11561079007,2247.58819518508,7.19521592550971,0.0391226521110933,0.0219802536522716,0.00662385615668647,-0.00774522395248033,0.0143690801091668,-4.21127361997912,-6.1846899703629,-6.38386297036456,0.00168858737837735,1.22039307564247,0.199173000001666,2.17258935038544,0.954088040033015,2.18742312601286,-0.0148337756274196,-0.00330791533402032,0.00149322123806517
2014-09-01,283963,226244,79.6737603138437,31515,226244,7821.1,854.7,738.6,2064,1812,4955.8,55192,117.8,19046274,6.2367418,2802.6,854.7,-957.3,226244,126060,39555.0553605841,0.0149091103068243,0.00207678705874882,6220.11560704372,3517.59473754,2274.27448241721,7.1789306679359,0.039313025543392,0.0222322703474536,0.00678010471204188,-0.00759400285578296,0.0143741075678248,-4.20578282288967,-6.17693326281597,-6.37765507913811,0.00169910254989982,1.22228470487038,0.200721816322134,2.17187225624844,0.994689066031719,2.16653621905762,0.0053360371908155,-0.00269985146014224,0.0054907970894531
2014-12-01,285727,228393,79.9339929373143,32053,228393,8083.2,880.2,763.2,2123.7,1845.1,5123.9,56767.5,120.2,19109496,6.1050227,2886.9,880.2,-964.9,228393,128212,40099.3354918934,0.0149520950212397,0.00209839838224375,6410.16395117188,3611.60489288201,2308.27953439904,7.12547967428946,0.0399642779147038,0.0225166131095373,0.00686519202570742,-0.00752581661622937,0.0143910086419368,-4.20290385376348,-6.16658090035942,-6.37132285377475,0.00170989578670042,1.22720834717829,0.204741953415329,2.16841900001126,1.0397161375242,2.15719865459657,0.0112203454146929,0.00469443645382622,0.0028789691261899
2015-03-01,286815,230033,80.2025696006136,32646,230033,8347,894.1,798.1,2229.7,1877.5,5247.4,58178,122.1,19198121,6.1036894,3027.8,894.1,-983.4,230033,130584,40704.4314946116,0.0149397433217553,0.00212022996910019,6542.68314111453,3775.19076393387,2340.94744014989,7.04628438399804,0.0401840960607731,0.0231866078539484,0.00684693377442872,-0.00753078478220915,0.0143777185566379,-4.20373028003046,-6.15623072019066,-6.36487008976722,0.00172096501584265,1.23200062150133,0.208639369576566,2.16113980973677,1.07897112718317,2.15359768375304,0.00754212598373002,0.00329920414562635,-0.0008264262669746
2015-06-01,288596,232615,80.6022952501074,33146,232615,8549.4,900.5,798.2,2242,1920.7,5469.8,58332.1,127.8,19256097,6.0080624,3040.2,900.5,-1020.2,232615,132584,41122.8984201363,0.014987253128191,0.00213557806756667,6786.15910753821,3771.85288652924,2382.93462244481,7.01789054486212,0.0412553550956375,0.0229303686719363,0.0067919205937368,-0.00769474446388705,0.0144866650576238,-4.2005552306113,-6.14901791130732,-6.35839452441343,0.00173214539785269,1.23290924088365,0.209376613106107,2.15783929380212,1.08323385189772,2.16830021019815,-0.010460916396029,0.00438753361492359,0.00317504941915203
2015-09-01,291247,235310,80.793965259728,33471,235310,8672.3,937.7,799.1,2217.4,1939.3,5596.1,59715.2,130.4,19326545,6.1742067,3016.5,937.7,-1001.6,235310,133884,41427.5990693128,0.0150697913155197,0.00214355949650146,6926.38365007862,3733.57092983724,2400.30303472016,7.03026500552717,0.041798123748917,0.0225306982163664,0.0070038242060291,-0.00748110304442652,0.0144849272504556,-4.19506311411581,-6.14528751560445,-6.35200131414916,0.00174325484225665,1.22963059934864,0.206713798544707,2.15693820003334,1.12064759852542,2.1483842938742,0.00855390615914596,-0.00745848027635526,0.00549211649549086
2015-12-01,292695,237129,81.0157331010096,33648,237129,8823,957.4,829.5,2293.8,1962.6,5638.4,55699.5,130.6,19391549,5.7396695,3123.3,957.4,-1005.2,237129,134592,41532.6736080361,0.0150939463371389,0.0021417924688758,6959.63584378123,3855.17711245778,2422.49242817201,7.04734308131241,0.0418925344745602,0.0232056883024251,0.00711334997622444,-0.00746849738468854,0.014581847360913,-4.19346152037032,-6.14611219826299,-6.34582464067257,0.00175405568049046,1.22105158501977,0.199712442409577,2.15236312030225,1.00934944853452,2.13068256136607,0.0216805589361823,0.00183407654294214,0.00160159374549362
2016-03-01,295147,238563,80.8285362886968,33840,238563,8809.2,970.1,833.1,2275.1,1989.1,5643.1,53261.4,130.4,19489481,5.6538755,3108.2,970.1,-1019,238563,135360,41866.4020824688,0.0151439127599139,0.00214815376984481,6981.56895956204,3845.42408252747,2460.88830916781,7.04973404255319,0.0416895685579196,0.0229624704491726,0.00716681442080378,-0.00752807328605201,0.0146948877068558,-4.1901566257947,-6.14314651744675,-6.3397442969758,0.00176475343193542,1.21725433761526,0.196597779529047,2.1495876711811,0.93778898549494,2.12763919366141,0.0219484775196912,-0.00452015545037615,0.00330489457562155
2016-06-01,296579,240364,81.0455224409011,34189,240364,9091.2,980.7,849.3,2424,2028.1,5775.2,56223.5,133,19555829,5.6959527,3273.3,980.7,-1047.4,240364,136756,42184.9338128838,0.015165759528783,0.0021571539520459,7125.87176449052,4038.84126033849,2502.42078639064,7.03044838983299,0.0422299570037146,0.0239353300769253,0.00717116616455585,-0.00765889613618415,0.01483006230074,-4.18871505477114,-6.13896554089726,-6.33372093429344,0.00177541525969358,1.21501374975125,0.194755393396179,2.1450058795223,1.02427963089983,2.12519062975228,0.0198152497700166,-0.00218002232457321,0.00144157102355358
2016-09-01,298415,242547,81.2784209909019,34664,242547,9321.9,1006,873,2503.4,2058.6,5895.4,56557.6,135,19644037.9921,5.6649795,3376.4,1006,-1052.6,242547,138656,42648.4663178683,0.0151911231346635,0.00217106413330191,7253.33972797025,4154.11613419255,2532.77558163985,6.99708631433187,0.0425181744749596,0.0243509116085853,0.00725536579736903,-0.0075914493422571,0.0148468151396261,-4.18704402602529,-6.13253784761862,-6.3276854416932,0.0017861631671876,1.21549037242793,0.195147594074577,2.14064141566791,1.03382996052911,2.1122792686798,0.0283621469881063,-0.00397800120532061,0.00167102874585368
2016-12-01,300483,244834,81.4801502913642,35164,244834,9657.8,1030.9,895.8,2552,2082.5,6147.7,60036.5,140.6,19717036.0121,5.8343211,3447.8,1030.9,-1051.6,244834,140656,43156.5232443206,0.0152397652373105,0.00218879365122812,7545.02781108833,4231.46003986374,2555.83721010971,6.96263223751564,0.04370734273689,0.0245122852917757,0.00732922875668297,-0.00747639631441247,0.0148056250710954,-4.18384713321824,-6.1244047311122,-6.32158702037577,0.00179708922471151,1.21796604260397,0.197182289263568,2.13773988715753,1.12928632666704,2.1048592100833,0.0328806770742302,-0.0086515770684645,0.00319689280705138
2017-03-01,302060,246873,81.7297887836854,35589,246873,9889.5,1040.7,916.6,2615.2,2108.7,6302.4,62646.1,143.7,19826303.9987,5.8470915,3531.8,1040.7,-1068,246873,142356,43544.7106001871,0.0152353156705257,0.00219631004361894,7711.26426948269,4321.31301519405,2580.08742146772,6.9367782179887,0.0442721065497766,0.0248096321897215,0.00731054539323948,-0.00750231813200708,0.0148128635252466,-4.18413914667211,-6.12097657968178,-6.31556870715495,0.00180793728130969,1.21481539560261,0.194592127473167,2.13142956048284,1.19732631804671,2.10820277510427,0.0232267853785687,-0.00322437339761253,-0.000292013453868201
2017-06-01,303776,249401,82.1002975876962,35947,249401,10044.2,1042,920.8,2631.9,2147.5,6466.3,61051,146.5,19894720.9994,5.6237753,3552.7,1042,-1105.5,249401,143788,43784.2505523234,0.015269176180413,0.00220079741523612,7876.09812631064,4327.26811520403,2615.70306454264,6.93801986257546,0.0449710685175397,0.0247079033020836,0.00724677998163964,-0.00768840237015606,0.0149351823517957,-4.18191911140912,-6.11893552282019,-6.3096697116249,0.00181863381363064,1.21013774116657,0.190734188804712,2.12775060021578,1.15613142006787,2.12185076660937,0.00589983360641334,0.00384007571046778,0.00222003526298309
2017-09-01,305890,251382,82.1805224100167,36367,251382,10072.3,1063.8,932.6,2628.5,2169.4,6474,61446,146.2,19977533.9985,5.4637787,3561.1,1063.8,-1105.6,251382,145468,44252.5782673382,0.0153116996333465,0.00221511715463284,7877.7790772609,4333.2652258316,2639.79825922302,6.91236560618143,0.0445046333214178,0.0244802980724283,0.00731294855225892,-0.00760029697253004,0.014913245524789,-4.17913806088593,-6.11244998540165,-6.30375311983821,0.00182942582198726,1.21082643964576,0.191303134436558,2.12461505895228,1.16639844328816,2.11649654219966,0.0081185167526154,0.00612786539973436,0.00278105052319333
2017-12-01,308866,255200,82.6248275951383,36860,255200,10358.9,1077.3,959,2724.2,2203.4,6634.9,59375,147.6,20037419.9993,5.6133529,3683.2,1077.3,-1126.1,255200,147440,44611.2882445141,0.0154144595467276,0.0022263988201112,8030.1529130094,4457.74001253919,2666.7529169279,6.92349430276723,0.0450006782419967,0.0249810092240912,0.00730670103092783,-0.00763768312533912,0.014944384156267,-4.17244927847742,-6.10736987770638,-6.29786162257425,0.00184023569110196,1.20984438617099,0.190491744867872,2.12541234409683,1.11157676598851,2.11038510780432,0.015027236292504,-0.0055934480693386,0.00668878240850823
2018-03-01,310944,258080,82.9988679633632,37397,258080,10345.1,1087.3,961.3,2707.6,2231.6,6644.6,57785.8,146.6,20145554.9993,5.532589,3668.9,1087.3,-1144.3,258080,149588,45057.2410415375,0.0154348688835232,0.00223658474750897,8005.65135771854,4420.42173589585,2688.71137011779,6.90108832259272,0.0444193384496083,0.024526700002674,0.00726863117362355,-0.00764967778164024,0.0149183089552638,-4.17112611581478,-6.10280524289224,-6.29200993118379,0.00185103575094238,1.20828824963014,0.189204688291547,2.12088381536901,1.06817049995799,2.11700150227584,0.00388231309316963,0.00280561619587271,0.00132316266264176
2018-06-01,313026,260708,83.2863723780133,37914,260708,10433.3,1088.8,983.2,2815.5,2261.2,6610.1,56715.9,145.6,20215890.9991,5.3434407,3798.7,1088.8,-1172.4,260708,151656,45522.4533347653,0.0154841555098381,0.00225181533362996,7936.59251960047,4561.01027279562,2714.96997100204,6.87629899245661,0.0435861423220974,0.0250481352534684,0.00717940602415994,-0.00773065358442791,0.0149100596085879,-4.16793800305715,-6.09601857311938,-6.28613019044186,0.00186195142046795,1.20938457839251,0.190111617322482,2.11819218738471,1.03824215571305,2.1209219703645,-0.00272978297978933,0.0115511229795481,0.00318811275762698
2018-09-01,313509,262500,83.7296536941523,38339,262500,10467.9,1117,1002,2863.2,2276.6,6550.1,53970.2,143.4,20307320.9991,5.020349,3865.2,1117,-1159.6,262500,153356,45789.03448,0.0154382254564201,0.00225480428866168,7822.915432,4616.285664,2718.988912,6.84681394924229,0.0427117295704113,0.0252041002634393,0.00728370588695584,-0.00756149091003938,0.0148451967969952,-4.17090867256966,-6.09469209974444,-6.28038704772094,0.00187267563909719,1.20405490496406,0.1856949479765,2.10947837515128,0.958855738643491,2.10339066999763,0.00608770515365504,0.0060741539647032,-0.00297066951250269
2018-12-01,314328,264497,84.1468147921916,38679,264497,10262.6,1126.5,994.5,2751.9,2307,6480.1,50293.3,140,20376418.9986,5.0132009,3746.4,1126.5,-1180.5,264497,154716,45966.0892637724,0.0154260667697104,0.00225584727458395,7700.94508746791,4452.21843423555,2741.63675202365,6.83825848651723,0.041883838775563,0.0242146901419375,0.00728108275808578,-0.00763010936166912,0.0149111921197549,-4.17169655309188,-6.09422964507409,-6.27480232564153,0.00188316327008026,1.19790318259967,0.180572680567439,2.10310577254965,0.845969018548596,2.11045652293893,-0.0073507503892793,0.000181795639602366,-0.000787880522224782
2019-03-01,315454,265972,84.3140362778725,38978,265972,10320.5,1131.9,1028.2,2894.6,2327.1,6352.2,46263.1,135.8,20481867.9992,5.0924184,3922.8,1131.9,-1195.2,265972,155912,46229.5505241153,0.01540162254792,0.00225709639989482,7533.97688027311,4652.60610590588,2760.03866346833,6.82364410693212,0.0407422135563651,0.0251603468623326,0.0072598645389707,-0.00766586279439684,0.0149257273333675,-4.17328241485801,-6.09367607054143,-6.26936853798853,0.00189342383101433,1.19207140151271,0.175692467447102,2.09608612313052,0.712382847404248,2.09637960231167,-0.000293479181149094,-0.00106805468952242,-0.00158586176612818
2019-06-01,316422,268576,84.8790539216616,39295,268576,10639.4,1136.2,1055.9,3115.2,2339.4,6413.4,45289.7,134.8,20541778.999,5.261443,4171.1,1136.2,-1203.2,268576,157180,46295.2850962111,0.01540382651451,0.00225371352201116,7555.92776271893,4914.16881702014,2756.15701626355,6.8348644865759,0.0408029011324596,0.0265370912329813,0.00722865504517114,-0.00765491792848963,0.0148835729736608,-4.17313932545917,-6.09517596904145,-6.26414276092012,0.00190334434046024,1.18408081717163,0.16896679187867,2.09100343546095,0.678400251623807,2.08307625344613,0.00792718201482138,-0.0025110330754218,0.000143089398842555
2019-09-01,315911,269167,85.2034275476321,39747,269167,10975.3,1162.1,1072.8,3178.4,2344.5,6633.4,49987,138.1,20634169.9992,5.2297332,4251.2,1162.1,-1182.4,269167,158988,46649.5317665241,0.0153100900114833,0.00226079031859933,7785.3675502569,4989.4706379311,2751.64986606828,6.77200795028556,0.0417226457342693,0.0267391249654062,0.00730935668100737,-0.00743703927340428,0.0147463959544117,-4.179243190069,-6.09204082833293,-6.2589797029425,0.00191319683024277,1.18168203232516,0.166938874609569,2.0797365128735,0.836194101623634,2.07604431034459,0.00369220252891104,0.00614729421633248,-0.00610386460983126
2019-12-01,316935,271299,85.600832978371,40353,271299,11264.2,1175,1085.8,3240.5,2364.7,6847.5,54389,143.5,20709333.9988,5.0327678,4326.3,1175,-1189.7,271299,161412,47140.8964094965,0.0153039687330536,0.00227631156135818,7999.3380458461,5054.03960390565,2762.47311822012,6.72314326072411,0.042422496468664,0.0268028399375511,0.00727950833890913,-0.00737057963472356,0.0146500879736327,-4.17964308990341,-6.08519888221044,-6.25376627832054,0.0019231971830965,1.18360799473153,0.1685673961101,2.07412318841713,0.971182175900618,2.08432981011264,-0.0102066216955036,0.0156662635159111,-0.000399899834406803
2020-03-01,312738,268651,85.9028963541367,40838,268651,11014.5,1193.2,1022.6,2965,2382.8,6949.6,54636.6,145.8,20806970.9985,5.2003374,3987.6,1193.2,-1189.6,268651,163352,47539.7241923536,0.015030443403922,0.00228479792641518,8090.06482313485,4641.98550833609,2773.82963919732,6.57845633968363,0.0425437092903668,0.0244110877124247,0.00730447132572604,-0.0072824330280621,0.0145869043537881,-4.19767757439346,-6.0814776933758,-6.2485976207722,0.00193316326417697,1.18189599851926,0.167119927396395,2.05092004637873,0.978399798472958,2.10361730403942,-0.0526972576606835,0.00254560754604705,-0.0180344844900562
2020-06-01,272884,233968,85.7389953240205,40436,233968,11247.6,1228.3,1054.9,3131.5,2387.3,6922.4,47160,143.2,20829007.999,7.4256962,4186.4,1228.3,-1159,233968,161744,47161.7376051426,0.0131011520094044,0.00226423349625709,8073.8058264378,4882.72574711072,2784.38065547425,5.78613117024434,0.042798496389356,0.0258828766445741,0.00759409931743991,-0.0071656444752201,0.01475974379266,-4.3350551129923,-6.09051898957001,-6.24385526183613,0.00194235279105249,1.16571691130847,0.153336272266116,1.90880014884383,0.743313471223652,2.03382590341777,-0.12502575457394,-0.0742466788533254,-0.13737753859884
2020-09-01,293603,252473,85.9912875549637,40890,252473,11594.9,1293.5,1062.4,3170.5,2390.9,7140.6,58339.8,144.3,20819702.9985,6.9293545,4232.9,1293.5,-1097.4,252473,163560,47551.3289341831,0.0141021704306326,0.00228395808228431,8303.86449957025,4922.47542786753,2780.39795423669,6.1744436292492,0.0436573734409391,0.0258797994619711,0.00790841281486916,-0.00670946441672781,0.014617877231597,-4.26142656219367,-6.08184534012197,-6.23899496418471,0.00195181618258182,1.17017068649525,0.157149624062732,1.97756840199103,1.08338360984207,2.01099443489108,-0.0334260329000475,0.0736639165163902,0.0736285507986283
2020-12-01,307181,265664,86.4845156438712,41425,265664,12229.8,1321,1116.4,3334.3,2408.8,7511.6,67513.7,148.7,20824389.9993,6.5451713,4450.7,1321,-1087.8,265664,165700,47898.7477603288,0.014751020318498,0.00230012729121664,8685.48542369309,5146.23914681703,2785.23846964587,6.41313216656608,0.0453325286662643,0.026859987929994,0.00797223898611949,-0.00656487628243814,0.0145371152685576,-4.21644302445327,-6.07479081357122,-6.2340688396663,0.00196145479314072,1.17266393253633,0.15927802609508,2.01762581521303,1.31711849748762,2.00600222456703,0.0116235906459927,0.0213818708173962,0.0449835377403991
2021-03-01,311628,270970,86.9530337453631,41911,270970,12779.9,1334.7,1144.6,3401.3,2434.1,7960.9,80895.9,156.7,20843311.9987,5.6719257,4545.9,1334.7,-1099.4,270970,167644,48199.5833782338,0.0149509828389767,0.00231247238352715,9155.40224083847,5227.99470494889,2799.32728641547,6.46536708739949,0.0474869366037556,0.0271163894920188,0.00796151368375844,-0.00655794421512252,0.014519457898881,-4.20297823956877,-6.06943803090753,-6.22912991540354,0.00197116623209873,1.17314934979635,0.159691884496003,2.02615167583477,1.60633312756365,2.0261764487872,-0.0000247729524240395,0.0325260203529818,0.0134647848845084
2021-06-01,314835,276507,87.8260040973843,42269,276507,13348.5,1340.5,1179.7,3519.5,2484.8,8378.5,86104.4,167.2,20872914.9991,5.02515,4699.2,1340.5,-1144.3,276507,169076,48128.1147131899,0.0150834227041875,0.00230576873020683,9539.88523798674,5350.57930540637,2829.23039199731,6.54160259291679,0.0495546381508907,0.0277934183444132,0.00792838723414323,-0.00676796233646408,0.0146963495706073,-4.19415897238236,-6.0723411526214,-6.22442625252007,0.00198045977324954,1.16425931056581,0.15208509989867,2.03026728013771,1.70623465097325,2.04136019078719,-0.0110929106494864,0.0193441961937776,0.00881926718640091
2021-09-01,299980,263957,87.9915327688513,42620,263957,14080,1415.5,1205.4,3581.5,2531.1,8961.9,89720.2,175.6,20893105.9966,4.7065353,4786.9,1415.5,-1115.6,263957,170480,48436.4786688741,0.0143578460784537,0.00231829957100473,10184.9572544013,5440.18253730721,2876.52677519444,6.19326607226654,0.0525686297512905,0.0280789535429376,0.00830302674800563,-0.00654387611450023,0.0148469028625059,-4.24345872114902,-6.06692130557079,-6.21970110411159,0.00198983988334883,1.1650684009324,0.152779798540801,1.97624238296258,1.77204911825632,2.00725579919872,-0.0310134162361401,0.00102758991542076,-0.0492997487666527
2021-12-01,319365,283711,88.8359713807086,42911,283711,14807.5,1462.7,1226.1,3681,2586.8,9528.5,91422.9,183.9,20958897.996,4.1988746,4907.1,1462.7,-1124.1,283711,171644,48303.6312127482,0.0152376809153301,0.00230468373012584,10725.9478923975,5523.77592514918,2911.88350821787,6.6116147374799,0.055513155135047,0.0285888233786209,0.00852170772063107,-0.00654902006478525,0.0150707277854163,-4.1839839112129,-6.07281182230528,-6.21529442565741,0.0019986278164669,1.15313302013377,0.142482603352123,2.0313105144445,1.80213131776815,1.99291273815913,0.0383977762853694,0.0195580705597744,0.0594748099361162
