"date","term","contribution"
1988-07-01,"networth_y",0.00967449073867803
1988-10-01,"networth_y",0.0096874352459491
1989-01-01,"networth_y",0.00999887720938676
1989-04-01,"networth_y",0.0101674891367769
1989-07-01,"networth_y",0.0092119941470724
1989-10-01,"networth_y",0.0105864621418966
1990-01-01,"networth_y",0.0107251341771916
1990-04-01,"networth_y",0.0106492998888332
1990-07-01,"networth_y",0.0107047820934861
1990-10-01,"networth_y",0.0115279267487036
1991-01-01,"networth_y",0.0102763835235457
1991-04-01,"networth_y",0.0104004125376696
1991-07-01,"networth_y",0.0101272823625864
1991-10-01,"networth_y",0.00983513692572155
1992-01-01,"networth_y",0.0107046758358962
1992-04-01,"networth_y",0.0103841294018546
1992-07-01,"networth_y",0.0106804589374046
1992-10-01,"networth_y",0.010236110982691
1993-01-01,"networth_y",0.0101698204399767
1993-04-01,"networth_y",0.0102092518693907
1993-07-01,"networth_y",0.00931947309373582
1993-10-01,"networth_y",0.00888109575292315
1994-01-01,"networth_y",0.00906493949401657
1994-04-01,"networth_y",0.00976725968317353
1994-07-01,"networth_y",0.00929439466464583
1994-10-01,"networth_y",0.00976615967423562
1995-01-01,"networth_y",0.00999872485153723
1995-04-01,"networth_y",0.00951386406331814
1995-07-01,"networth_y",0.0100284778942767
1995-10-01,"networth_y",0.0103359854795805
1996-01-01,"networth_y",0.0103304582731165
1996-04-01,"networth_y",0.0102708996749665
1996-07-01,"networth_y",0.0100096513697293
1996-10-01,"networth_y",0.0092624743756024
1997-01-01,"networth_y",0.0093048716507099
1997-04-01,"networth_y",0.00865037475001981
1997-07-01,"networth_y",0.00800658585062119
1997-10-01,"networth_y",0.00840833242835513
1998-01-01,"networth_y",0.00794311142529185
1998-04-01,"networth_y",0.00755910296825734
1998-07-01,"networth_y",0.00762346302484361
1998-10-01,"networth_y",0.00656876091973326
1999-01-01,"networth_y",0.00583578958199024
1999-04-01,"networth_y",0.00687039208157945
1999-07-01,"networth_y",0.00594137670977343
1999-10-01,"networth_y",0.00496114152623105
2000-01-01,"networth_y",0.00525126962693998
2000-04-01,"networth_y",0.00444236674792508
2000-07-01,"networth_y",0.00696594579449914
2000-10-01,"networth_y",0.00585747041914542
2001-01-01,"networth_y",0.00561225367490007
2001-04-01,"networth_y",0.00499951897254136
2001-07-01,"networth_y",0.00496899025471857
2001-10-01,"networth_y",0.00540319841521068
2002-01-01,"networth_y",0.00456405484588695
2002-04-01,"networth_y",0.00233069448211636
2002-07-01,"networth_y",0.00209545560532766
2002-10-01,"networth_y",0.00178828912121398
2003-01-01,"networth_y",0.00177726729073575
2003-04-01,"networth_y",0.000402417354240123
2003-07-01,"networth_y",-0.000893548240930577
2003-10-01,"networth_y",-0.00139436143288077
2004-01-01,"networth_y",-0.0016563981800344
2004-04-01,"networth_y",-0.000857591242254512
2004-07-01,"networth_y",-0.00218461548777337
2004-10-01,"networth_y",-0.00228939149131498
2005-01-01,"networth_y",-0.00239057211923323
2005-04-01,"networth_y",-0.00191916062195618
2005-07-01,"networth_y",-0.00262493180770186
2005-10-01,"networth_y",-0.00372215430824405
2006-01-01,"networth_y",-0.00436249932764921
2006-04-01,"networth_y",-0.0048781530212376
2006-07-01,"networth_y",-0.00403414061384681
2006-10-01,"networth_y",-0.00475492480940388
2007-01-01,"networth_y",-0.00522351384547312
2007-04-01,"networth_y",-0.00523303748097411
2007-07-01,"networth_y",-0.00660067011366267
2007-10-01,"networth_y",-0.00620190767316234
2008-01-01,"networth_y",-0.00377995564600975
2008-04-01,"networth_y",-0.00255450094034337
2008-07-01,"networth_y",-0.00107229136491082
2008-10-01,"networth_y",0.00357635727068104
2009-01-01,"networth_y",0.00329082517883333
2009-04-01,"networth_y",0.00256694336098174
2009-07-01,"networth_y",-0.000675446766826049
2009-10-01,"networth_y",-0.00223691380761412
2010-01-01,"networth_y",-0.00292767803654805
2010-04-01,"networth_y",-0.00179168024848433
2010-07-01,"networth_y",-0.00145973559515247
2010-10-01,"networth_y",-0.000788907728996114
2011-01-01,"networth_y",0.000148542191077923
2011-04-01,"networth_y",0.000632729824497836
2011-07-01,"networth_y",0.00245883206637402
2011-10-01,"networth_y",0.00300050769448524
2012-01-01,"networth_y",0.00230944766060403
2012-04-01,"networth_y",0.00222933170448778
2012-07-01,"networth_y",0.00137433148503792
2012-10-01,"networth_y",0.00101982341576062
2013-01-01,"networth_y",0.000843199549011967
2013-04-01,"networth_y",0.00108129953995616
2013-07-01,"networth_y",0.000358083665936452
2013-10-01,"networth_y",-0.000205962617280047
2014-01-01,"networth_y",-0.000448602552888163
2014-04-01,"networth_y",-0.000394640505946525
2014-07-01,"networth_y",-0.0010232185323883
2014-10-01,"networth_y",-0.00189214612719607
2015-01-01,"networth_y",-0.0030509960513704
2015-04-01,"networth_y",-0.00347222642708399
2015-07-01,"networth_y",-0.00387695223123018
2015-10-01,"networth_y",-0.00493569090446389
2016-01-01,"networth_y",-0.00461938789573713
2016-04-01,"networth_y",-0.00551263059567533
2016-07-01,"networth_y",-0.00628758988160863
2016-10-01,"networth_y",-0.00771681409499977
2017-01-01,"networth_y",-0.00841731109973776
2017-04-01,"networth_y",-0.00898026745123039
2017-07-01,"networth_y",-0.00881818937465295
2017-10-01,"networth_y",-0.00925722232007385
2018-01-01,"networth_y",-0.0087656609084632
2018-04-01,"networth_y",-0.0087360300111246
2018-07-01,"networth_y",-0.00842124395895338
2018-10-01,"networth_y",-0.00682702309330889
2019-01-01,"networth_y",-0.00676069698291452
2019-04-01,"networth_y",-0.00818631127827815
2019-07-01,"networth_y",-0.0084278636920124
2019-10-01,"networth_y",-0.00973186543108071
2020-01-01,"networth_y",-0.00785296178540743
2020-04-01,"networth_y",-0.00728949397223171
2020-07-01,"networth_y",-0.00719053077199446
2020-10-01,"networth_y",-0.0108183433529349
2021-01-01,"networth_y",-0.0120378827939861
2021-04-01,"networth_y",-0.0145856447410687
2021-07-01,"networth_y",-0.0144170542396534
2021-10-01,"networth_y",-0.0178504963422317
2022-01-01,"networth_y",-0.0174004504383524
2022-04-01,"networth_y",-0.015446247169935
2022-07-01,"networth_y",-0.0132474795392557
2022-10-01,"networth_y",-0.0146613371886906
2023-01-01,"networth_y",-0.0153738362823017
2023-04-01,"networth_y",-0.0159805081347174
2023-07-01,"networth_y",-0.016150913732089
2023-10-01,"networth_y",-0.0167403626281748
2024-01-01,"networth_y",-0.0174887164962276
2024-04-01,"networth_y",-0.0178805792005931
2024-07-01,"networth_y",-0.0174781149606815
2024-10-01,"networth_y",-0.0176579830772575
1988-07-01,"ln_hp_over_y",0.00755938700914772
1988-10-01,"ln_hp_over_y",0.00601813748145045
1989-01-01,"ln_hp_over_y",0.00465811150525897
1989-04-01,"ln_hp_over_y",0.00488297554645442
1989-07-01,"ln_hp_over_y",0.00463854700950483
1989-10-01,"ln_hp_over_y",0.00622396584370272
1990-01-01,"ln_hp_over_y",0.00646630625277471
1990-04-01,"ln_hp_over_y",0.00627034903905509
1990-07-01,"ln_hp_over_y",0.00653898789487172
1990-10-01,"ln_hp_over_y",0.00711104537982926
1991-01-01,"ln_hp_over_y",0.00638720678607763
1991-04-01,"ln_hp_over_y",0.00634966340275326
1991-07-01,"ln_hp_over_y",0.00564159263971182
1991-10-01,"ln_hp_over_y",0.00555768927723184
1992-01-01,"ln_hp_over_y",0.00630569523200026
1992-04-01,"ln_hp_over_y",0.00623472668925495
1992-07-01,"ln_hp_over_y",0.00667800295405783
1992-10-01,"ln_hp_over_y",0.00632628464531241
1993-01-01,"ln_hp_over_y",0.00619869463772662
1993-04-01,"ln_hp_over_y",0.0063989729642596
1993-07-01,"ln_hp_over_y",0.00608645999220978
1993-10-01,"ln_hp_over_y",0.00619024344752738
1994-01-01,"ln_hp_over_y",0.00647318338049579
1994-04-01,"ln_hp_over_y",0.00677460401651183
1994-07-01,"ln_hp_over_y",0.00619843286653162
1994-10-01,"ln_hp_over_y",0.00677547525794587
1995-01-01,"ln_hp_over_y",0.00671956214901799
1995-04-01,"ln_hp_over_y",0.00700518952509223
1995-07-01,"ln_hp_over_y",0.00751564419972962
1995-10-01,"ln_hp_over_y",0.00792354878274295
1996-01-01,"ln_hp_over_y",0.00828280495828744
1996-04-01,"ln_hp_over_y",0.00834865930064291
1996-07-01,"ln_hp_over_y",0.00839081682894987
1996-10-01,"ln_hp_over_y",0.00874025770909146
1997-01-01,"ln_hp_over_y",0.00872719973857319
1997-04-01,"ln_hp_over_y",0.00871869532415563
1997-07-01,"ln_hp_over_y",0.00836450083404674
1997-10-01,"ln_hp_over_y",0.00789884315776077
1998-01-01,"ln_hp_over_y",0.00694125484979591
1998-04-01,"ln_hp_over_y",0.00649417267694767
1998-07-01,"ln_hp_over_y",0.00707709611744011
1998-10-01,"ln_hp_over_y",0.00621253688318937
1999-01-01,"ln_hp_over_y",0.0059253659231907
1999-04-01,"ln_hp_over_y",0.00638539789570553
1999-07-01,"ln_hp_over_y",0.00583687468440451
1999-10-01,"ln_hp_over_y",0.0053851097646592
2000-01-01,"ln_hp_over_y",0.00527109080202865
2000-04-01,"ln_hp_over_y",0.0041728532410623
2000-07-01,"ln_hp_over_y",0.00662585944668146
2000-10-01,"ln_hp_over_y",0.0051292670258899
2001-01-01,"ln_hp_over_y",0.00506386902094763
2001-04-01,"ln_hp_over_y",0.00452753440089316
2001-07-01,"ln_hp_over_y",0.00357991405643719
2001-10-01,"ln_hp_over_y",0.00349879539118659
2002-01-01,"ln_hp_over_y",0.00232454298752922
2002-04-01,"ln_hp_over_y",-0.000165851781830335
2002-07-01,"ln_hp_over_y",-0.000694810771385972
2002-10-01,"ln_hp_over_y",-0.00190050838594398
2003-01-01,"ln_hp_over_y",-0.00238218453674485
2003-04-01,"ln_hp_over_y",-0.00353688469931512
2003-07-01,"ln_hp_over_y",-0.00422488052801933
2003-10-01,"ln_hp_over_y",-0.00468501613453146
2004-01-01,"ln_hp_over_y",-0.00411656062206479
2004-04-01,"ln_hp_over_y",-0.00267717483076562
2004-07-01,"ln_hp_over_y",-0.00299946536839383
2004-10-01,"ln_hp_over_y",-0.00277176989149679
2005-01-01,"ln_hp_over_y",-0.00241509210219609
2005-04-01,"ln_hp_over_y",-0.00203435678211415
2005-07-01,"ln_hp_over_y",-0.00181240724641132
2005-10-01,"ln_hp_over_y",-0.00245874382019885
2006-01-01,"ln_hp_over_y",-0.00228324744324778
2006-04-01,"ln_hp_over_y",-0.00315151860607646
2006-07-01,"ln_hp_over_y",-0.00253165106827268
2006-10-01,"ln_hp_over_y",-0.00258437091854416
2007-01-01,"ln_hp_over_y",-0.00239537368970826
2007-04-01,"ln_hp_over_y",-0.00294769545663744
2007-07-01,"ln_hp_over_y",-0.00382373349915763
2007-10-01,"ln_hp_over_y",-0.004348145181014
2008-01-01,"ln_hp_over_y",-0.00385919776727794
2008-04-01,"ln_hp_over_y",-0.00333760472894875
2008-07-01,"ln_hp_over_y",-0.00239409138827885
2008-10-01,"ln_hp_over_y",-0.000282855767770612
2009-01-01,"ln_hp_over_y",-0.000723039931209132
2009-04-01,"ln_hp_over_y",-0.00113952207620001
2009-07-01,"ln_hp_over_y",-0.00311606067214602
2009-10-01,"ln_hp_over_y",-0.00430294071181814
2010-01-01,"ln_hp_over_y",-0.00481876296686523
2010-04-01,"ln_hp_over_y",-0.00525056202103097
2010-07-01,"ln_hp_over_y",-0.00432193163137656
2010-10-01,"ln_hp_over_y",-0.00378768713290761
2011-01-01,"ln_hp_over_y",-0.00299916355464703
2011-04-01,"ln_hp_over_y",-0.00268539060222329
2011-07-01,"ln_hp_over_y",-0.00182644756207929
2011-10-01,"ln_hp_over_y",-0.00182785011713923
2012-01-01,"ln_hp_over_y",-0.00150557511278136
2012-04-01,"ln_hp_over_y",-0.00108158365454305
2012-07-01,"ln_hp_over_y",-0.00139333575355564
2012-10-01,"ln_hp_over_y",-0.000996707110705539
2013-01-01,"ln_hp_over_y",-0.000961749901269933
2013-04-01,"ln_hp_over_y",-0.000886953521120184
2013-07-01,"ln_hp_over_y",-0.000974792825907395
2013-10-01,"ln_hp_over_y",-0.00155046092714402
2014-01-01,"ln_hp_over_y",-0.00174661426770083
2014-04-01,"ln_hp_over_y",-0.00136679272882872
2014-07-01,"ln_hp_over_y",-0.00122567670890586
2014-10-01,"ln_hp_over_y",-0.00174039674455167
2015-01-01,"ln_hp_over_y",-0.001856223316016
2015-04-01,"ln_hp_over_y",-0.00141133821159919
2015-07-01,"ln_hp_over_y",-0.00176083596381126
2015-10-01,"ln_hp_over_y",-0.00232512882125331
2016-01-01,"ln_hp_over_y",-0.00254334667337575
2016-04-01,"ln_hp_over_y",-0.00218844766988865
2016-07-01,"ln_hp_over_y",-0.0021151414277262
2016-10-01,"ln_hp_over_y",-0.00272525506768098
2017-01-01,"ln_hp_over_y",-0.00298269910591655
2017-04-01,"ln_hp_over_y",-0.00287719227134941
2017-07-01,"ln_hp_over_y",-0.00314607728140712
2017-10-01,"ln_hp_over_y",-0.00316441892703006
2018-01-01,"ln_hp_over_y",-0.00322838249837456
2018-04-01,"ln_hp_over_y",-0.00285908166695909
2018-07-01,"ln_hp_over_y",-0.00285093919000823
2018-10-01,"ln_hp_over_y",-0.00307102301729412
2019-01-01,"ln_hp_over_y",-0.00288576391002116
2019-04-01,"ln_hp_over_y",-0.00276356355235735
2019-07-01,"ln_hp_over_y",-0.00198654857259101
2019-10-01,"ln_hp_over_y",-0.00327699495010636
2020-01-01,"ln_hp_over_y",-0.00258797732107731
2020-04-01,"ln_hp_over_y",-0.00180809911015328
2020-07-01,"ln_hp_over_y",-0.00177617765479124
2020-10-01,"ln_hp_over_y",-0.00365399861883242
2021-01-01,"ln_hp_over_y",-0.00402655581576092
2021-04-01,"ln_hp_over_y",-0.00554978880632697
2021-07-01,"ln_hp_over_y",-0.00550729256462668
2021-10-01,"ln_hp_over_y",-0.00820093140340212
2022-01-01,"ln_hp_over_y",-0.00902323284262224
2022-04-01,"ln_hp_over_y",-0.00923601782667267
2022-07-01,"ln_hp_over_y",-0.0085456451033708
2022-10-01,"ln_hp_over_y",-0.00964267065903181
2023-01-01,"ln_hp_over_y",-0.00989354174760455
2023-04-01,"ln_hp_over_y",-0.0111041241587932
2023-07-01,"ln_hp_over_y",-0.0115004210615115
2023-10-01,"ln_hp_over_y",-0.0122961546289967
2024-01-01,"ln_hp_over_y",-0.013330330259151
2024-04-01,"ln_hp_over_y",-0.0138653060300906
2024-07-01,"ln_hp_over_y",-0.0144030791570314
2024-10-01,"ln_hp_over_y",-0.0150170607101202
1988-07-01,"real_rate",0.00249607074901378
1988-10-01,"real_rate",0.0028161791884218
1989-01-01,"real_rate",0.00415021834050277
1989-04-01,"real_rate",0.00464513231329258
1989-07-01,"real_rate",0.00533003244568095
1989-10-01,"real_rate",0.00541034542011472
1990-01-01,"real_rate",0.00516310659693146
1990-04-01,"real_rate",0.00518524456858908
1990-07-01,"real_rate",0.00554241578516442
1990-10-01,"real_rate",0.00400868935024887
1991-01-01,"real_rate",0.00428579873405104
1991-04-01,"real_rate",0.00492897771170126
1991-07-01,"real_rate",0.00430193418707886
1991-10-01,"real_rate",0.00493405956045203
1992-01-01,"real_rate",0.00378654539633349
1992-04-01,"real_rate",0.00365452977181245
1992-07-01,"real_rate",0.00331112006563122
1992-10-01,"real_rate",0.00340668477220824
1993-01-01,"real_rate",0.00312644604867083
1993-04-01,"real_rate",0.00215249975168712
1993-07-01,"real_rate",0.00191315215342354
1993-10-01,"real_rate",0.00148714631177108
1994-01-01,"real_rate",0.00202412607089916
1994-04-01,"real_rate",0.00209823975796925
1994-07-01,"real_rate",0.00219071513740168
1994-10-01,"real_rate",0.00291531537781616
1995-01-01,"real_rate",0.00326568603435199
1995-04-01,"real_rate",0.00270307939788263
1995-07-01,"real_rate",0.00222409502208714
1995-10-01,"real_rate",0.00234034687801039
1996-01-01,"real_rate",0.00250246853491288
1996-04-01,"real_rate",0.00301594581033363
1996-07-01,"real_rate",0.00305438008048589
1996-10-01,"real_rate",0.00210376274336612
1997-01-01,"real_rate",0.00105955632510081
1997-04-01,"real_rate",0.000921199749375887
1997-07-01,"real_rate",0.000338309293073768
1997-10-01,"real_rate",0.000302811080196944
1998-01-01,"real_rate",0.000202203908359321
1998-04-01,"real_rate",-0.000146937308961361
1998-07-01,"real_rate",0.0000533454770152153
1998-10-01,"real_rate",0.000337377767277193
1999-01-01,"real_rate",0.000618768999737544
1999-04-01,"real_rate",0.000408048428629889
1999-07-01,"real_rate",0.0000260953857657787
1999-10-01,"real_rate",-0.000206097758284484
2000-01-01,"real_rate",-0.000316148417747735
2000-04-01,"real_rate",0.0000240072686399251
2000-07-01,"real_rate",-0.00181952027509014
2000-10-01,"real_rate",-0.00153813004302629
2001-01-01,"real_rate",-0.00220480263187489
2001-04-01,"real_rate",-0.00307282546375289
2001-07-01,"real_rate",-0.000763272563253809
2001-10-01,"real_rate",-0.00199418040756636
2002-01-01,"real_rate",-0.00182340312784366
2002-04-01,"real_rate",-0.00125265190308433
2002-07-01,"real_rate",-0.00174617553681479
2002-10-01,"real_rate",-0.00135707028309096
2003-01-01,"real_rate",-0.00165206940984905
2003-04-01,"real_rate",-0.0010393665944971
2003-07-01,"real_rate",-0.000369606256729979
2003-10-01,"real_rate",0.0000894156838593982
2004-01-01,"real_rate",0.000766589687265733
2004-04-01,"real_rate",0.0003756754780075
2004-07-01,"real_rate",0.000450246703183682
2004-10-01,"real_rate",0.000370555375893344
2005-01-01,"real_rate",0.000447243073838832
2005-04-01,"real_rate",0.000296356535303971
2005-07-01,"real_rate",-0.000426091809853334
2005-10-01,"real_rate",-0.000670681803400912
2006-01-01,"real_rate",-0.00130513621648543
2006-04-01,"real_rate",-0.00177062103614414
2006-07-01,"real_rate",-0.00131700772140925
2006-10-01,"real_rate",-0.000686177592865076
2007-01-01,"real_rate",-0.000239121786006302
2007-04-01,"real_rate",-0.000312741965492859
2007-07-01,"real_rate",0.00018373258447666
2007-10-01,"real_rate",-0.000045066991290359
2008-01-01,"real_rate",0.000319219856993892
2008-04-01,"real_rate",0.00134341331673695
2008-07-01,"real_rate",0.000946661541624163
2008-10-01,"real_rate",-0.000832411299276872
2009-01-01,"real_rate",-0.00202051644832438
2009-04-01,"real_rate",-0.00216039119808858
2009-07-01,"real_rate",-0.00183889861156675
2009-10-01,"real_rate",-0.00140175652351365
2010-01-01,"real_rate",-0.00112011158460682
2010-04-01,"real_rate",-0.000516751306849347
2010-07-01,"real_rate",0.00012050513397608
2010-10-01,"real_rate",0.00109310329899957
2011-01-01,"real_rate",0.000823289537673892
2011-04-01,"real_rate",0.000591798059026884
2011-07-01,"real_rate",0.000121366380470744
2011-10-01,"real_rate",-0.000283144408906115
2012-01-01,"real_rate",0.000234006417949162
2012-04-01,"real_rate",-0.000267120199583029
2012-07-01,"real_rate",-0.000893830005244021
2012-10-01,"real_rate",-0.00137734650233928
2013-01-01,"real_rate",-0.00150845300136213
2013-04-01,"real_rate",-0.00115972704033729
2013-07-01,"real_rate",-0.00134121753199075
2013-10-01,"real_rate",-0.00148891778027458
2014-01-01,"real_rate",-0.00155872355388001
2014-04-01,"real_rate",-0.00145984982914014
2014-07-01,"real_rate",-0.000707950600557287
2014-10-01,"real_rate",-0.000495619441384531
2015-01-01,"real_rate",-0.000520195681883579
2015-04-01,"real_rate",-0.000944637845895778
2015-07-01,"real_rate",-0.00123511888192793
2015-10-01,"real_rate",-0.00105805125068597
2016-01-01,"real_rate",-0.000399945382264228
2016-04-01,"real_rate",-0.000326146854949875
2016-07-01,"real_rate",-0.000552380016745451
2016-10-01,"real_rate",-0.000570109120013666
2017-01-01,"real_rate",-0.00112955443233744
2017-04-01,"real_rate",-0.00132447650376497
2017-07-01,"real_rate",-0.0011729830934033
2017-10-01,"real_rate",-0.00148136222696847
2018-01-01,"real_rate",-0.00163600999074456
2018-04-01,"real_rate",-0.00152298436241771
2018-07-01,"real_rate",-0.00195201749945663
2018-10-01,"real_rate",-0.00181298021190797
2019-01-01,"real_rate",-0.00151242093171036
2019-04-01,"real_rate",-0.00193172911818528
2019-07-01,"real_rate",-0.00214556014713964
2019-10-01,"real_rate",-0.00225825921361285
2020-01-01,"real_rate",-0.00251945646128586
2020-04-01,"real_rate",-0.00180366655984896
2020-07-01,"real_rate",-0.00171118720546785
2020-10-01,"real_rate",-0.00182373160840636
2021-01-01,"real_rate",-0.00202252026566836
2021-04-01,"real_rate",-0.00328930040615325
2021-07-01,"real_rate",-0.00317634692688949
2021-10-01,"real_rate",-0.00358704390130472
2022-01-01,"real_rate",-0.0042766707257242
2022-04-01,"real_rate",-0.00482704472990767
2022-07-01,"real_rate",-0.00542273290151734
2022-10-01,"real_rate",-0.00532650155362693
2023-01-01,"real_rate",-0.00440485379765068
2023-04-01,"real_rate",-0.00327394023984266
2023-07-01,"real_rate",-0.00232444383977419
2023-10-01,"real_rate",-0.00119281082120684
2024-01-01,"real_rate",-0.00116187632011726
2024-04-01,"real_rate",-0.000916213946217051
2024-07-01,"real_rate",-0.000217833668988817
2024-10-01,"real_rate",-0.0000666519994961439
1988-07-01,"ln_yp_over_y",-0.0195427902939206
1988-10-01,"ln_yp_over_y",0.00970441053935816
1989-01-01,"ln_yp_over_y",0.0234415436492329
1989-04-01,"ln_yp_over_y",0.0202838265451579
1989-07-01,"ln_yp_over_y",-0.0130273574411939
1989-10-01,"ln_yp_over_y",0.0228432610206499
1990-01-01,"ln_yp_over_y",0.0173815435692282
1990-04-01,"ln_yp_over_y",-0.000846987934631242
1990-07-01,"ln_yp_over_y",-0.00539666434593736
1990-10-01,"ln_yp_over_y",-0.00438632501628707
1991-01-01,"ln_yp_over_y",-0.0316814317921522
1991-04-01,"ln_yp_over_y",-0.0106930440029146
1991-07-01,"ln_yp_over_y",-0.0231347260691969
1991-10-01,"ln_yp_over_y",-0.0304165101559269
1992-01-01,"ln_yp_over_y",-0.012150659278285
1992-04-01,"ln_yp_over_y",-0.0121596692243737
1992-07-01,"ln_yp_over_y",0.00411464117664843
1992-10-01,"ln_yp_over_y",-0.0113260405813432
1993-01-01,"ln_yp_over_y",-0.0207715603543351
1993-04-01,"ln_yp_over_y",-0.024598693249009
1993-07-01,"ln_yp_over_y",-0.0358387031234298
1993-10-01,"ln_yp_over_y",-0.0217873906274674
1994-01-01,"ln_yp_over_y",-0.0118865868539447
1994-04-01,"ln_yp_over_y",-0.00684772263137727
1994-07-01,"ln_yp_over_y",-0.0166799779171616
1994-10-01,"ln_yp_over_y",-0.0209907474691385
1995-01-01,"ln_yp_over_y",-0.0265549058403091
1995-04-01,"ln_yp_over_y",-0.0394796783157935
1995-07-01,"ln_yp_over_y",-0.0304390057828965
1995-10-01,"ln_yp_over_y",-0.0287673466440837
1996-01-01,"ln_yp_over_y",-0.0273788294286721
1996-04-01,"ln_yp_over_y",-0.0259086730856724
1996-07-01,"ln_yp_over_y",-0.0302576310296809
1996-10-01,"ln_yp_over_y",-0.0279409509917107
1997-01-01,"ln_yp_over_y",-0.0337607063691291
1997-04-01,"ln_yp_over_y",-0.0301879096769416
1997-07-01,"ln_yp_over_y",-0.0338521887677684
1997-10-01,"ln_yp_over_y",-0.0461857323934212
1998-01-01,"ln_yp_over_y",-0.0644974075938575
1998-04-01,"ln_yp_over_y",-0.0650180249158544
1998-07-01,"ln_yp_over_y",-0.0436239816117376
1998-10-01,"ln_yp_over_y",-0.0679687859129637
1999-01-01,"ln_yp_over_y",-0.0722705690802942
1999-04-01,"ln_yp_over_y",-0.0491150926829945
1999-07-01,"ln_yp_over_y",-0.0600796432036954
1999-10-01,"ln_yp_over_y",-0.0539716135716328
2000-01-01,"ln_yp_over_y",-0.0600301226889487
2000-04-01,"ln_yp_over_y",-0.0813813718041832
2000-07-01,"ln_yp_over_y",-0.0311865012368135
2000-10-01,"ln_yp_over_y",-0.0720925448742836
2001-01-01,"ln_yp_over_y",-0.0690699491345881
2001-04-01,"ln_yp_over_y",-0.0579557254139148
2001-07-01,"ln_yp_over_y",-0.0472086367822368
2001-10-01,"ln_yp_over_y",-0.0286585575243193
2002-01-01,"ln_yp_over_y",-0.0488249052801902
2002-04-01,"ln_yp_over_y",-0.0987660501261084
2002-07-01,"ln_yp_over_y",-0.0896325720591374
2002-10-01,"ln_yp_over_y",-0.0846057358342795
2003-01-01,"ln_yp_over_y",-0.0676142993724379
2003-04-01,"ln_yp_over_y",-0.0697720522521768
2003-07-01,"ln_yp_over_y",-0.0721616265809594
2003-10-01,"ln_yp_over_y",-0.0629049556401508
2004-01-01,"ln_yp_over_y",-0.0658118114191523
2004-04-01,"ln_yp_over_y",-0.0404630370903749
2004-07-01,"ln_yp_over_y",-0.0628493276346798
2004-10-01,"ln_yp_over_y",-0.0536448843650341
2005-01-01,"ln_yp_over_y",-0.0538354603360459
2005-04-01,"ln_yp_over_y",-0.0398360067412732
2005-07-01,"ln_yp_over_y",-0.0514147580723273
2005-10-01,"ln_yp_over_y",-0.0675293670260767
2006-01-01,"ln_yp_over_y",-0.0653452964617433
2006-04-01,"ln_yp_over_y",-0.0712044517057496
2006-07-01,"ln_yp_over_y",-0.0424523977350708
2006-10-01,"ln_yp_over_y",-0.0423279501386495
2007-01-01,"ln_yp_over_y",-0.0397590946162087
2007-04-01,"ln_yp_over_y",-0.0378178384379731
2007-07-01,"ln_yp_over_y",-0.0446071677147396
2007-10-01,"ln_yp_over_y",-0.0398787408188917
2008-01-01,"ln_yp_over_y",-0.0333079420104821
2008-04-01,"ln_yp_over_y",-0.036392962668906
2008-07-01,"ln_yp_over_y",-0.0126220433006207
2008-10-01,"ln_yp_over_y",0.0310064961143599
2009-01-01,"ln_yp_over_y",0.00896672577266919
2009-04-01,"ln_yp_over_y",0.029700759365329
2009-07-01,"ln_yp_over_y",-0.000248832564120902
2009-10-01,"ln_yp_over_y",0.00736456103805235
2010-01-01,"ln_yp_over_y",0.0165340254558931
2010-04-01,"ln_yp_over_y",0.0213625140580297
2010-07-01,"ln_yp_over_y",0.0349341667396658
2010-10-01,"ln_yp_over_y",0.0502823824652574
2011-01-01,"ln_yp_over_y",0.0500601116572711
2011-04-01,"ln_yp_over_y",0.0418457497159371
2011-07-01,"ln_yp_over_y",0.0438415562366901
2011-10-01,"ln_yp_over_y",0.0487379124259801
2012-01-01,"ln_yp_over_y",0.0412227911368912
2012-04-01,"ln_yp_over_y",0.0437098179451665
2012-07-01,"ln_yp_over_y",0.0321700853882172
2012-10-01,"ln_yp_over_y",0.039478236566329
2013-01-01,"ln_yp_over_y",0.0439906553682845
2013-04-01,"ln_yp_over_y",0.0428519506643173
2013-07-01,"ln_yp_over_y",0.0408318664614694
2013-10-01,"ln_yp_over_y",0.0453962758519383
2014-01-01,"ln_yp_over_y",0.0446437971684976
2014-04-01,"ln_yp_over_y",0.0490164403370492
2014-07-01,"ln_yp_over_y",0.0497727677446995
2014-10-01,"ln_yp_over_y",0.0510180455485813
2015-01-01,"ln_yp_over_y",0.0492722182874332
2015-04-01,"ln_yp_over_y",0.0508946072569164
2015-07-01,"ln_yp_over_y",0.052542361427065
2015-10-01,"ln_yp_over_y",0.0461754937584537
2016-01-01,"ln_yp_over_y",0.0488476886228945
2016-04-01,"ln_yp_over_y",0.0481289300634067
2016-07-01,"ln_yp_over_y",0.049340204155801
2016-10-01,"ln_yp_over_y",0.043873014686894
2017-01-01,"ln_yp_over_y",0.0452048795168708
2017-04-01,"ln_yp_over_y",0.0432265518975853
2017-07-01,"ln_yp_over_y",0.0457055693092144
2017-10-01,"ln_yp_over_y",0.0506360430699976
2018-01-01,"ln_yp_over_y",0.0523924905053606
2018-04-01,"ln_yp_over_y",0.0515678129352257
2018-07-01,"ln_yp_over_y",0.0492907122403033
2018-10-01,"ln_yp_over_y",0.0505711090481614
2019-01-01,"ln_yp_over_y",0.0518238495887406
2019-04-01,"ln_yp_over_y",0.0487296387316388
2019-07-01,"ln_yp_over_y",0.0571587945739247
2019-10-01,"ln_yp_over_y",0.0507629699876006
2020-01-01,"ln_yp_over_y",0.0547324035300239
2020-04-01,"ln_yp_over_y",0.0559794951179047
2020-07-01,"ln_yp_over_y",0.0773677299786692
2020-10-01,"ln_yp_over_y",0.0652489417270627
2021-01-01,"ln_yp_over_y",0.0702093465427634
2021-04-01,"ln_yp_over_y",0.0606109277275794
2021-07-01,"ln_yp_over_y",0.0870978938992228
2021-10-01,"ln_yp_over_y",0.0651827151311499
2022-01-01,"ln_yp_over_y",0.0707563232725658
2022-04-01,"ln_yp_over_y",0.0600940827044498
2022-07-01,"ln_yp_over_y",0.0589821326539527
2022-10-01,"ln_yp_over_y",0.0458344040754304
2023-01-01,"ln_yp_over_y",0.0406554170753481
2023-04-01,"ln_yp_over_y",0.0411879799731242
2023-07-01,"ln_yp_over_y",0.040246706593348
2023-10-01,"ln_yp_over_y",0.0472688623443264
2024-01-01,"ln_yp_over_y",0.0450051317516208
2024-04-01,"ln_yp_over_y",0.0449951316018814
2024-07-01,"ln_yp_over_y",0.0534609430170094
2024-10-01,"ln_yp_over_y",0.057066816616207
1988-07-01,"actual_demeaned",-0.0152817496649353
1988-10-01,"actual_demeaned",-0.0345445294073422
1989-01-01,"actual_demeaned",-0.0364848201940093
1989-04-01,"actual_demeaned",-0.0368654094648528
1989-07-01,"actual_demeaned",-0.00912747204991229
1989-10-01,"actual_demeaned",-0.048783480776648
1990-01-01,"actual_demeaned",-0.039067145717456
1990-04-01,"actual_demeaned",-0.0247845411681532
1990-07-01,"actual_demeaned",-0.016076202221904
1990-10-01,"actual_demeaned",-0.0307616280469291
1991-01-01,"actual_demeaned",-0.00419340983594454
1991-04-01,"actual_demeaned",-0.0100979399608797
1991-07-01,"actual_demeaned",0.000661461686571746
1991-10-01,"actual_demeaned",0.00937524199639048
1992-01-01,"actual_demeaned",0.00286484285137253
1992-04-01,"actual_demeaned",0.00842709520470128
1992-07-01,"actual_demeaned",-0.00304876322074935
1992-10-01,"actual_demeaned",0.00576027896856343
1993-01-01,"actual_demeaned",0.00269403967995627
1993-04-01,"actual_demeaned",0.0015114124780303
1993-07-01,"actual_demeaned",0.010360246244118
1993-10-01,"actual_demeaned",0.0158053316408831
1994-01-01,"actual_demeaned",-0.000196445267756667
1994-04-01,"actual_demeaned",-0.0136945409507065
1994-07-01,"actual_demeaned",0.0105386139237097
1994-10-01,"actual_demeaned",0.00347189529342193
1995-01-01,"actual_demeaned",0.0108322832386963
1995-04-01,"actual_demeaned",0.0278614691231321
1995-07-01,"actual_demeaned",0.0165741347513722
1995-10-01,"actual_demeaned",0.0157264791546377
1996-01-01,"actual_demeaned",0.0164155109612852
1996-04-01,"actual_demeaned",0.00862067393374585
1996-07-01,"actual_demeaned",0.00318014353181714
1996-10-01,"actual_demeaned",-0.0013396421075357
1997-01-01,"actual_demeaned",0.0012417817485196
1997-04-01,"actual_demeaned",0.00246456788383495
1997-07-01,"actual_demeaned",0.0112191323897078
1997-10-01,"actual_demeaned",0.0233695225380713
1998-01-01,"actual_demeaned",0.0355419902453323
1998-04-01,"actual_demeaned",0.0453599729412729
1998-07-01,"actual_demeaned",0.0433530907941605
1998-10-01,"actual_demeaned",0.0633155835573716
1999-01-01,"actual_demeaned",0.0708422182511078
1999-04-01,"actual_demeaned",0.0415837491133138
1999-07-01,"actual_demeaned",0.0542759550909518
1999-10-01,"actual_demeaned",0.0520712472205932
2000-01-01,"actual_demeaned",0.0432759435098716
2000-04-01,"actual_demeaned",0.0696326684716403
2000-07-01,"actual_demeaned",0.0214169193211378
2000-10-01,"actual_demeaned",0.0536502227379954
2001-01-01,"actual_demeaned",0.0471747203533016
2001-04-01,"actual_demeaned",0.0400239325418222
2001-07-01,"actual_demeaned",0.0220801938250804
2001-10-01,"actual_demeaned",0.0016773822699597
2002-01-01,"actual_demeaned",0.0177442747328263
2002-04-01,"actual_demeaned",0.0700554375566958
2002-07-01,"actual_demeaned",0.0699709557063111
2002-10-01,"actual_demeaned",0.0710744909341542
2003-01-01,"actual_demeaned",0.0637898665804776
2003-04-01,"actual_demeaned",0.0568592875344215
2003-07-01,"actual_demeaned",0.0598667874163389
2003-10-01,"actual_demeaned",0.0621110332040962
2004-01-01,"actual_demeaned",0.0674176454526566
2004-04-01,"actual_demeaned",0.0351699792931114
2004-07-01,"actual_demeaned",0.0565804569794937
2004-10-01,"actual_demeaned",0.0473910465782295
2005-01-01,"actual_demeaned",0.0337855061937723
2005-04-01,"actual_demeaned",0.0346513603955528
2005-07-01,"actual_demeaned",0.0399325680778527
2005-10-01,"actual_demeaned",0.0482935985679137
2006-01-01,"actual_demeaned",0.0488109010452212
2006-04-01,"actual_demeaned",0.0659407103310619
2006-07-01,"actual_demeaned",0.0413998263554474
2006-10-01,"actual_demeaned",0.0377324621704612
2007-01-01,"actual_demeaned",0.0453925692119422
2007-04-01,"actual_demeaned",0.0360821186055392
2007-07-01,"actual_demeaned",0.0467863941190273
2007-10-01,"actual_demeaned",0.0424492722072457
2008-01-01,"actual_demeaned",0.0296926304012511
2008-04-01,"actual_demeaned",0.0188707740463957
2008-07-01,"actual_demeaned",0.00974582476749317
2008-10-01,"actual_demeaned",-0.0477707260848889
2009-01-01,"actual_demeaned",-0.0265142226662815
2009-04-01,"actual_demeaned",-0.0378826849622137
2009-07-01,"actual_demeaned",-0.00778080931240846
2009-10-01,"actual_demeaned",-0.00507792002141452
2010-01-01,"actual_demeaned",-0.0113458616940133
2010-04-01,"actual_demeaned",-0.000953914539002648
2010-07-01,"actual_demeaned",-0.012364504338703
2010-10-01,"actual_demeaned",-0.027099159232434
2011-01-01,"actual_demeaned",-0.0320345989513847
2011-04-01,"actual_demeaned",-0.0258525669419009
2011-07-01,"actual_demeaned",-0.0287713076955666
2011-10-01,"actual_demeaned",-0.037476650694697
2012-01-01,"actual_demeaned",-0.0161718530302605
2012-04-01,"actual_demeaned",-0.0233633555321057
2012-07-01,"actual_demeaned",0.00077024064222106
2012-10-01,"actual_demeaned",-0.0100244790659429
2013-01-01,"actual_demeaned",-0.0164397528123485
2013-04-01,"actual_demeaned",-0.015580956073168
2013-07-01,"actual_demeaned",-0.0113051670070935
2013-10-01,"actual_demeaned",-0.0198320819466095
2014-01-01,"actual_demeaned",-0.0197418410452571
2014-04-01,"actual_demeaned",-0.0289089668085659
2014-07-01,"actual_demeaned",-0.025267111739148
2014-10-01,"actual_demeaned",-0.0278956985261861
2015-01-01,"actual_demeaned",-0.0256696362075325
2015-04-01,"actual_demeaned",-0.0287652707143761
2015-07-01,"actual_demeaned",-0.0222857514060405
2015-10-01,"actual_demeaned",-0.00805481812955558
2016-01-01,"actual_demeaned",-0.00749934485470841
2016-04-01,"actual_demeaned",-0.0117367160597358
2016-07-01,"actual_demeaned",-0.0109293440511945
2016-10-01,"actual_demeaned",-0.00663616475467146
2017-01-01,"actual_demeaned",-0.00752461361975323
2017-04-01,"actual_demeaned",-0.00133580162043759
2017-07-01,"actual_demeaned",0.000478301653420748
2017-10-01,"actual_demeaned",-0.00358064930368132
2018-01-01,"actual_demeaned",-0.00102276752822919
2018-04-01,"actual_demeaned",0.000013156980746748
2018-07-01,"actual_demeaned",-0.00290644951619337
2018-10-01,"actual_demeaned",-0.00888746075758365
2019-01-01,"actual_demeaned",-0.0103649423454816
2019-04-01,"actual_demeaned",-0.00112200646642693
2019-07-01,"actual_demeaned",-0.025023132729534
2019-10-01,"actual_demeaned",-0.016630919469656
2020-01-01,"actual_demeaned",-0.042410407013512
2020-04-01,"actual_demeaned",-0.21338687696674
2020-07-01,"actual_demeaned",-0.169765385522806
2020-10-01,"actual_demeaned",-0.0983226120173012
2021-01-01,"actual_demeaned",-0.0989032030108107
2021-04-01,"actual_demeaned",-0.0745484396796429
2021-07-01,"actual_demeaned",-0.177434051680573
2021-10-01,"actual_demeaned",-0.0946306609765299
2022-01-01,"actual_demeaned",-0.0778037506081003
2022-04-01,"actual_demeaned",-0.0478123888463128
2022-07-01,"actual_demeaned",-0.0427058452473465
2022-10-01,"actual_demeaned",-0.00565223730724265
2023-01-01,"actual_demeaned",0.00913168323816391
2023-04-01,"actual_demeaned",0.0137736401449358
2023-07-01,"actual_demeaned",0.0134078008534192
2023-10-01,"actual_demeaned",0.000468672930714481
2024-01-01,"actual_demeaned",0.00460063794285323
2024-04-01,"actual_demeaned",0.00207450849091648
2024-07-01,"actual_demeaned",-0.0131575262224971
2024-10-01,"actual_demeaned",-0.0202552853983126
1988-07-01,"residual",-0.0154689078678542
1988-10-01,"residual",-0.0627706918625218
1989-01-01,"residual",-0.0787335708983907
1989-04-01,"residual",-0.0768448330065345
1989-07-01,"residual",-0.0152806882109766
1989-10-01,"residual",-0.0938475152030119
1990-01-01,"residual",-0.078803236313582
1990-04-01,"residual",-0.0460424467299993
1990-07-01,"residual",-0.0334657236494889
1990-10-01,"residual",-0.0490229645094238
1991-01-01,"residual",0.00653863291253338
1991-04-01,"residual",-0.0210839496100892
1991-07-01,"residual",0.00372537856639156
1991-10-01,"residual",0.019464866388912
1992-01-01,"residual",-0.00578141433457243
1992-04-01,"residual",0.000313378566152968
1992-07-01,"residual",-0.0278329863544915
1992-10-01,"residual",-0.00288276085030511
1993-01-01,"residual",0.00397063890791721
1993-04-01,"residual",0.00734938114170187
1993-07-01,"residual",0.0288798641281787
1993-10-01,"residual",0.0210342367561289
1994-01-01,"residual",-0.00587210735922349
1994-04-01,"residual",-0.0254869217769838
1994-07-01,"residual",0.00953504917229211
1994-10-01,"residual",0.00500569245256276
1995-01-01,"residual",0.0174032160440982
1995-04-01,"residual",0.0481190144526326
1995-07-01,"residual",0.0272449234181753
1995-10-01,"residual",0.0238939446583876
1996-01-01,"residual",0.0226786086236404
1996-04-01,"residual",0.0128938422334752
1996-07-01,"residual",0.0119829262823329
1996-10-01,"residual",0.00649481405611506
1997-01-01,"residual",0.0159108604032648
1997-04-01,"residual",0.0143622077372252
1997-07-01,"residual",0.0283619251797345
1997-10-01,"residual",0.0529452682651796
1998-01-01,"residual",0.0849528276557427
1998-04-01,"residual",0.0964716595208837
1998-07-01,"residual",0.0722231677865991
1998-10-01,"residual",0.118165693900136
1999-01-01,"residual",0.130732862826483
1999-04-01,"residual",0.0770350033903935
1999-07-01,"residual",0.102551251514704
1999-10-01,"residual",0.0959027072596202
2000-01-01,"residual",0.0930998541875994
2000-04-01,"residual",0.142374813018196
2000-07-01,"residual",0.0408311355918608
2000-10-01,"residual",0.11629416021027
2001-01-01,"residual",0.107773349423917
2001-04-01,"residual",0.0915254300460553
2001-07-01,"residual",0.0615031988594153
2001-10-01,"residual",0.023428126395448
2002-01-01,"residual",0.061503985307444
2002-04-01,"residual",0.167909296885602
2002-07-01,"residual",0.159949058468322
2002-10-01,"residual",0.157149516316255
2003-01-01,"residual",0.133661152608774
2003-04-01,"residual",0.13080517372617
2003-07-01,"residual",0.137516449022978
2003-10-01,"residual",0.1310059507278
2004-01-01,"residual",0.138235825986642
2004-04-01,"residual",0.0787921069784989
2004-07-01,"residual",0.124163618767157
2004-10-01,"residual",0.105726536950182
2005-01-01,"residual",0.0919793876774086
2005-04-01,"residual",0.0781445280055924
2005-07-01,"residual",0.0962107570141466
2005-10-01,"residual",0.122674545525834
2006-01-01,"residual",0.122107080494347
2006-04-01,"residual",0.14694545470027
2006-07-01,"residual",0.091735023494047
2006-10-01,"residual",0.0880858856299238
2007-01-01,"residual",0.0930096731493386
2007-04-01,"residual",0.0823934319466167
2007-07-01,"residual",0.101634232862111
2007-10-01,"residual",0.0929231328716041
2008-01-01,"residual",0.070320505968027
2008-04-01,"residual",0.0598124290678568
2008-07-01,"residual",0.0248875892796794
2008-10-01,"residual",-0.0812383124028823
2009-01-01,"residual",-0.0360282172382505
2009-04-01,"residual",-0.0668504744142359
2009-07-01,"residual",-0.00190157069774873
2009-10-01,"residual",-0.00450087001652096
2010-01-01,"residual",-0.0190133345618863
2010-04-01,"residual",-0.0147574350206677
2010-07-01,"residual",-0.0416375089858159
2010-10-01,"residual",-0.0738980501347873
2011-01-01,"residual",-0.0800673787827606
2011-04-01,"residual",-0.0662374539391394
2011-07-01,"residual",-0.0733666148170222
2011-10-01,"residual",-0.087104076289117
2012-01-01,"residual",-0.0584325231329235
2012-04-01,"residual",-0.0679538013276339
2012-07-01,"residual",-0.0304870104722344
2012-10-01,"residual",-0.0481484854349877
2013-01-01,"residual",-0.0588034048270129
2013-04-01,"residual",-0.057467525715984
2013-07-01,"residual",-0.0501791067766012
2013-10-01,"residual",-0.0619830164738492
2014-01-01,"residual",-0.0606316978392857
2014-04-01,"residual",-0.0747041240816997
2014-07-01,"residual",-0.0720830336419961
2014-10-01,"residual",-0.0747855817616352
2015-01-01,"residual",-0.0695144394456957
2015-04-01,"residual",-0.0738316754867136
2015-07-01,"residual",-0.0679552057561362
2015-10-01,"residual",-0.0459114409116061
2016-01-01,"residual",-0.0487843535262258
2016-04-01,"residual",-0.0518384210026287
2016-07-01,"residual",-0.0513144368809153
2016-10-01,"residual",-0.039497001158871
2017-01-01,"residual",-0.0401999284986322
2017-04-01,"residual",-0.0313804172916781
2017-07-01,"residual",-0.0320900179063303
2017-10-01,"residual",-0.0403136888996065
2018-01-01,"residual",-0.0397852046360075
2018-04-01,"residual",-0.0384365599139776
2018-07-01,"residual",-0.0389729611080784
2018-10-01,"residual",-0.0477475434832341
2019-01-01,"residual",-0.0510299101095761
2019-04-01,"residual",-0.0369700412492449
2019-07-01,"residual",-0.0696219548917156
2019-10-01,"residual",-0.0521267698624567
2020-01-01,"residual",-0.0841824149757653
2020-04-01,"residual",-0.258465112442411
2020-07-01,"residual",-0.236455219869221
2020-10-01,"residual",-0.14727548016419
2021-01-01,"residual",-0.151025590678159
2021-04-01,"residual",-0.111734633453673
2021-07-01,"residual",-0.241431251848627
2021-10-01,"residual",-0.130174904460741
2022-01-01,"residual",-0.117859719873967
2022-04-01,"residual",-0.0783971618242473
2022-07-01,"residual",-0.0744721203571553
2022-10-01,"residual",-0.0218561319813237
2023-01-01,"residual",-0.00185150200962725
2023-04-01,"residual",0.00294423270516495
2023-07-01,"residual",0.00313687289344593
2023-10-01,"residual",-0.0165708613352336
2024-01-01,"residual",-0.00842357073327164
2024-04-01,"residual",-0.0102585239340642
2024-07-01,"residual",-0.0345194414528048
2024-10-01,"residual",-0.0445804062276457
