draw,knots,priors,adj_r2,lambda,n_obs,n_surviving,n_aliased,n_violators
1,"1981-07-25, 1984-09-09, 1989-05-08, 1999-04-08, 2000-05-03, 2000-10-10, 2001-05-17, 2002-04-04, 2011-01-10, 2011-08-28, 2016-06-10, 2019-03-12, 2019-04-19, 2019-09-23, 2021-11-09","1,-1,1,1,1,1,1,-1,1,1,-1,1,-1,-1,1",0.6949445879340062,-0.31976689054835034,190,7,0,8
2,"1979-06-22, 1983-01-17, 1988-02-29, 1991-04-11, 1996-10-06, 1998-10-02, 1999-09-11, 2000-08-23, 2001-05-06, 2003-05-20, 2007-06-09, 2014-02-09, 2016-09-26, 2017-06-23, 2017-07-31","1,1,1,-1,-1,1,1,-1,1,1,-1,-1,1,1,-1",0.6889295083313495,-0.21812355651028567,190,6,0,9
3,"1980-08-13, 1982-02-05, 1982-07-17, 1984-11-10, 1988-01-10, 1990-06-20, 1995-12-15, 1998-06-29, 2002-12-19, 2012-04-15, 2012-08-07, 2014-06-10, 2014-10-28, 2018-02-17, 2019-05-23","-1,-1,-1,1,-1,-1,-1,1,1,1,-1,-1,-1,1,-1",0.677512608933801,-0.2474138919638111,190,7,0,8
4,"1983-04-28, 1986-06-09, 1988-06-19, 1989-02-20, 1992-07-27, 1995-03-08, 1996-08-25, 1998-01-23, 1998-06-13, 2002-08-18, 2002-09-08, 2003-11-10, 2005-07-23, 2007-01-18, 2010-01-15","-1,1,-1,1,1,1,1,-1,-1,-1,1,-1,-1,-1,-1",0.6840446482617795,-0.21053019863197944,190,10,0,5
5,"1979-04-21, 1981-05-07, 1985-02-27, 1988-10-29, 1990-07-12, 1990-12-11, 1991-04-02, 1994-04-23, 1995-11-30, 1999-02-06, 2000-03-27, 2003-11-17, 2004-08-13, 2006-09-05, 2007-02-14","1,1,1,1,-1,-1,-1,-1,-1,-1,-1,1,1,1,1",0.6825534658185539,-0.1845103050414422,190,7,0,8
6,"1985-12-20, 1986-12-14, 1988-06-08, 1989-01-24, 1989-09-08, 1990-09-11, 1993-02-21, 1995-02-06, 1999-08-25, 2002-01-10, 2009-05-25, 2011-05-10, 2013-03-20, 2014-09-02, 2017-01-29","-1,-1,1,-1,-1,1,-1,-1,1,1,-1,1,1,1,1",0.6792171883518826,-0.20426327598854108,190,7,0,8
7,"1981-01-20, 1981-08-18, 1983-05-13, 1986-08-09, 1994-01-05, 1994-11-13, 2004-05-03, 2005-12-06, 2006-09-03, 2007-04-25, 2008-02-13, 2009-06-07, 2019-04-24, 2019-12-06, 2021-08-26","1,1,1,-1,-1,-1,1,-1,-1,1,1,-1,1,1,1",0.6959985016484005,-0.3316988214396695,190,7,0,8
8,"1983-03-28, 1984-06-14, 1986-04-04, 1987-06-19, 1988-02-27, 1992-05-23, 1995-02-05, 2001-08-08, 2003-06-18, 2004-06-30, 2006-10-04, 2007-01-05, 2008-04-13, 2012-11-03, 2019-08-22","1,-1,-1,-1,-1,-1,-1,-1,-1,-1,1,-1,1,1,-1",0.6867465285181746,-0.22589597081016008,190,7,0,8
9,"1979-05-19, 1980-08-07, 1985-06-13, 1992-04-25, 1994-11-30, 1995-06-14, 1998-11-13, 2006-12-10, 2013-06-01, 2015-05-17, 2016-09-16, 2017-02-02, 2019-08-08, 2020-06-27, 2021-06-27","-1,1,1,-1,1,-1,1,1,1,1,-1,1,-1,1,-1",0.7122895435921757,-0.3113739208631173,190,5,0,10
10,"1983-12-30, 1984-03-09, 1992-06-26, 1993-01-01, 1994-04-17, 1996-01-24, 1998-04-10, 1998-10-10, 2000-04-05, 2001-05-01, 2005-12-25, 2009-08-06, 2013-02-16, 2019-07-20, 2019-09-22","1,1,-1,1,1,1,1,-1,-1,-1,1,-1,-1,-1,-1",0.68431790501498,-0.22852236206204474,190,9,0,5
11,"1979-06-22, 1982-12-24, 1983-06-13, 1988-01-15, 1988-07-28, 1989-06-14, 1990-12-29, 1991-05-17, 1996-01-24, 1999-12-25, 2007-02-04, 2008-03-24, 2009-03-25, 2011-11-11, 2017-05-24","1,-1,1,-1,-1,1,1,1,1,1,-1,-1,1,1,1",0.6846931633179116,-0.22999952585732505,190,7,0,8
12,"1979-09-05, 1981-08-22, 1986-01-25, 1986-10-23, 1990-06-09, 1990-12-10, 1991-03-24, 1995-11-21, 2000-07-13, 2001-07-02, 2005-02-23, 2011-04-11, 2011-05-19, 2015-03-14, 2019-11-18","-1,-1,-1,-1,-1,-1,-1,-1,-1,-1,1,1,-1,1,1",0.6767344773047219,-0.2251169863826836,190,9,0,5
13,"1982-01-07, 1982-03-28, 1982-05-16, 1983-05-17, 1983-06-08, 1984-02-06, 1986-04-08, 1988-02-29, 1990-03-31, 1990-11-26, 2004-04-28, 2006-12-25, 2008-07-08, 2015-06-29, 2018-06-26","-1,-1,-1,-1,-1,-1,-1,1,-1,1,1,1,1,-1,-1",0.693736997238946,-0.2715846589911803,190,7,0,6
14,"1980-02-16, 1982-09-01, 1984-01-30, 1984-02-13, 1995-03-23, 1998-04-02, 2001-07-22, 2003-12-24, 2004-02-04, 2004-09-02, 2005-07-26, 2009-11-08, 2015-01-22, 2017-04-21, 2020-10-28","1,-1,-1,-1,-1,-1,1,1,-1,1,-1,1,-1,1,1",0.6849641239362406,-0.2093215189136796,190,11,0,4
15,"1983-09-29, 1984-01-18, 1986-11-04, 1988-10-04, 1989-01-01, 1990-03-29, 1996-01-10, 1998-08-20, 2004-10-12, 2008-06-14, 2011-09-15, 2014-01-04, 2015-12-13, 2016-08-07, 2016-09-06","1,1,1,-1,1,-1,-1,-1,-1,1,1,1,-1,-1,1",0.6869538801141837,-0.22266648092494598,190,9,0,5
16,"1982-06-10, 1992-11-14, 1996-05-29, 1997-09-24, 1999-09-01, 2001-03-20, 2002-02-07, 2007-07-19, 2008-01-18, 2009-05-14, 2010-06-19, 2011-03-14, 2013-03-19, 2016-06-23, 2021-11-19","-1,1,-1,1,1,-1,1,-1,1,-1,-1,-1,-1,1,-1",0.6931554874297627,-0.2521620149210477,190,9,0,6
17,"1979-05-27, 1980-10-22, 1983-03-12, 1984-11-24, 1987-10-04, 1994-06-29, 1996-02-18, 1998-11-21, 2005-01-22, 2006-02-22, 2007-02-16, 2012-01-03, 2013-02-18, 2013-03-22, 2015-11-13","1,1,-1,1,-1,1,1,1,-1,1,1,1,-1,1,-1",0.6714483034749317,-0.22077411751957793,190,9,0,5
18,"1983-10-22, 1988-04-12, 1988-07-15, 1993-05-04, 1994-08-03, 1996-12-27, 1998-10-18, 2002-10-27, 2005-10-28, 2006-08-26, 2008-09-10, 2010-02-15, 2012-08-17, 2015-12-06, 2021-03-20","-1,1,-1,1,-1,-1,1,1,-1,1,1,-1,1,1,-1",0.6827012804358913,-0.2354212857441941,190,8,0,7
19,"1979-05-25, 1980-09-15, 1981-11-10, 1983-10-16, 1983-10-28, 1988-09-25, 1989-10-21, 1990-03-22, 1990-09-10, 1993-02-17, 1996-03-26, 1999-06-07, 2007-02-06, 2013-04-16, 2017-11-28","1,1,-1,1,-1,1,-1,-1,-1,1,1,1,-1,-1,-1",0.681944959258864,-0.23262028613272354,190,10,0,5
20,"1982-04-13, 1987-09-11, 1988-10-10, 1991-12-07, 2001-02-13, 2004-12-28, 2008-10-18, 2009-01-19, 2011-03-08, 2015-02-24, 2018-11-14, 2019-11-07, 2020-05-14, 2020-07-21, 2021-05-21","1,1,-1,-1,-1,-1,-1,-1,-1,1,-1,-1,-1,1,-1",0.7360028201983655,-0.3863993757605787,190,9,0,6
21,"1986-08-20, 1990-07-31, 1994-12-12, 1996-01-24, 1996-04-18, 1997-01-16, 2000-05-25, 2002-07-22, 2006-08-30, 2006-10-07, 2008-01-09, 2009-07-02, 2011-04-08, 2012-10-23, 2015-02-19","1,-1,-1,1,1,1,1,1,-1,1,1,1,1,-1,1",0.6788730558979172,-0.22791026548368412,190,7,0,8
22,"1981-06-01, 1987-03-16, 1988-04-17, 1989-04-02, 1995-07-04, 1998-05-09, 1998-05-26, 2001-01-28, 2002-09-06, 2005-02-01, 2007-04-28, 2009-12-04, 2013-06-08, 2017-02-15, 2020-06-05","-1,-1,1,1,1,-1,-1,1,-1,1,-1,-1,1,-1,-1",0.6796355676839926,-0.20286434979941306,190,9,0,5
23,"1979-10-16, 1979-11-01, 1985-08-12, 1989-05-01, 1989-07-13, 1991-05-23, 1991-08-06, 1995-06-30, 2000-01-05, 2001-02-21, 2005-04-21, 2008-07-08, 2010-01-09, 2012-03-21, 2013-03-11","-1,-1,-1,-1,1,1,-1,1,-1,1,-1,-1,-1,-1,1",0.678180023661211,-0.2000201053964041,190,8,0,7
24,"1981-10-24, 1981-11-05, 1983-01-10, 1986-03-17, 1992-07-28, 1992-12-30, 1997-01-22, 2003-03-21, 2005-08-09, 2006-01-02, 2011-12-29, 2014-09-29, 2014-12-15, 2018-07-09, 2019-07-30","1,1,-1,1,1,-1,1,1,1,1,1,1,1,-1,-1",0.6842858642421031,-0.2507689836288811,190,8,0,7
25,"1982-11-08, 1985-03-02, 1985-06-19, 1990-07-06, 1996-06-25, 1998-04-04, 2001-05-19, 2002-12-11, 2002-12-13, 2003-01-02, 2008-12-21, 2010-05-18, 2016-12-04, 2017-08-14, 2020-10-14","-1,-1,1,1,-1,-1,-1,1,-1,-1,1,-1,1,-1,1",0.7017623407525753,-0.2729619723058831,190,12,0,2
26,"1979-08-20, 1981-06-02, 1983-10-02, 1983-11-10, 1990-04-10, 1991-08-10, 1992-06-29, 2006-02-19, 2006-08-20, 2009-11-11, 2010-05-15, 2015-07-04, 2018-02-28, 2018-07-20, 2020-12-29","-1,-1,1,1,1,1,-1,1,-1,1,-1,-1,-1,-1,1",0.7098859230810497,-0.3249872933269837,190,9,0,5
27,"1979-04-04, 1983-06-02, 1983-10-14, 1984-12-16, 1985-07-02, 1987-01-17, 1987-03-21, 1993-08-23, 1997-01-11, 2005-12-30, 2010-05-15, 2014-05-31, 2017-10-25, 2017-11-20, 2018-12-30","1,1,-1,-1,1,-1,-1,-1,-1,1,1,1,-1,1,-1",0.676874535484644,-0.219649839530256,190,9,0,5
28,"1985-03-24, 1989-11-07, 1995-11-07, 1999-07-18, 2000-09-19, 2000-10-18, 2005-04-24, 2005-10-02, 2007-04-22, 2008-07-18, 2013-08-14, 2016-07-08, 2017-10-22, 2019-05-04, 2019-07-22","-1,-1,-1,1,1,-1,-1,1,-1,-1,1,1,-1,1,1",0.6808378153296997,-0.23023382357709807,190,11,0,4
29,"1980-07-01, 1982-06-04, 1983-06-13, 1984-08-18, 1985-12-16, 1991-03-26, 1994-03-16, 1996-02-07, 1998-03-25, 2002-12-13, 2014-01-26, 2019-08-03, 2019-08-12, 2020-12-03, 2021-02-25","1,-1,1,1,-1,-1,1,-1,-1,-1,-1,-1,1,-1,1",0.6938537030548003,-0.22400417964192715,190,7,0,7
30,"1980-04-01, 1984-09-07, 1986-01-07, 1989-08-20, 1990-08-18, 1991-01-25, 1992-12-14, 1995-05-01, 2001-02-14, 2001-05-29, 2003-01-07, 2011-08-25, 2015-08-30, 2018-08-28, 2020-05-18","-1,-1,-1,-1,-1,-1,-1,1,-1,1,1,-1,1,1,1",0.6771772588031595,-0.2044328135498657,190,6,0,9
31,"1979-01-29, 1979-06-01, 1983-08-28, 1986-01-21, 1990-07-18, 1991-05-15, 1992-02-27, 2000-09-18, 2005-01-04, 2005-08-22, 2007-01-03, 2014-02-24, 2017-10-15, 2018-10-09, 2021-05-04","-1,-1,1,-1,1,1,-1,-1,-1,-1,-1,-1,-1,-1,-1",0.6903987286073603,-0.2207989388335656,190,6,0,9
32,"1986-09-04, 1988-05-03, 1988-09-16, 1991-01-17, 1995-04-24, 1996-05-25, 1996-11-10, 1998-09-20, 1999-08-09, 2000-01-05, 2010-10-12, 2013-05-02, 2017-04-26, 2020-02-12, 2021-10-23","-1,1,1,1,1,1,-1,-1,1,-1,-1,-1,1,1,1",0.6820887096038686,-0.20450746533376135,190,5,0,10
33,"1981-10-31, 1992-12-16, 1992-12-22, 2000-10-18, 2002-05-28, 2004-04-04, 2008-10-16, 2013-07-09, 2013-10-04, 2015-06-19, 2016-11-23, 2020-05-03, 2021-06-13, 2021-07-09, 2021-07-23","-1,-1,-1,-1,1,1,1,-1,1,1,-1,-1,1,1,1",0.7171148582520657,-0.377244414086568,190,11,0,4
34,"1980-07-08, 1981-10-09, 1996-06-05, 2006-11-02, 2008-04-10, 2013-07-14, 2016-07-19, 2018-10-20, 2019-02-06, 2019-08-27, 2020-12-18, 2021-05-07, 2021-07-30, 2021-10-22, 2021-11-07","1,1,-1,-1,-1,-1,1,-1,-1,1,1,1,-1,1,1",0.7056920036336453,-0.28494829806540223,190,7,0,8
35,"1980-09-25, 1987-03-07, 1987-05-26, 1987-08-06, 1989-04-21, 1993-03-17, 1996-11-29, 2002-01-26, 2005-05-24, 2008-12-15, 2008-12-15, 2013-08-05, 2016-11-06, 2016-12-06, 2019-11-19","1,1,-1,1,-1,1,-1,1,-1,-1,-1,1,-1,1,-1",0.6768282561907724,-0.22409409510097805,190,10,0,5
36,"1979-11-11, 1984-10-26, 1986-03-15, 1987-05-17, 1989-10-16, 1994-06-19, 1998-02-09, 2002-12-06, 2006-09-21, 2009-03-13, 2012-01-30, 2013-09-21, 2018-07-19, 2019-02-14, 2020-04-21","1,-1,-1,-1,-1,-1,-1,1,-1,1,-1,-1,-1,1,-1",0.6839360539027552,-0.20856303158867262,190,8,0,7
37,"1979-11-05, 1982-04-14, 1990-11-12, 1992-11-29, 1994-08-01, 1994-11-21, 1995-05-19, 1998-09-15, 1999-08-03, 2011-02-19, 2011-05-11, 2012-03-28, 2012-09-15, 2013-07-12, 2021-11-17","-1,1,1,-1,-1,1,1,1,1,1,-1,1,-1,1,-1",0.6777848732484478,-0.22122771446086537,190,6,0,9
38,"1982-05-05, 1984-03-17, 1985-07-25, 1986-03-30, 1992-05-19, 1996-04-25, 1999-12-06, 2000-03-20, 2001-07-12, 2007-08-25, 2010-07-05, 2012-03-17, 2012-08-10, 2014-05-08, 2019-07-18","-1,-1,1,-1,-1,1,1,1,1,1,1,-1,-1,1,1",0.6827023113532653,-0.23295385701345217,190,8,0,7
39,"1984-03-07, 1986-03-24, 1988-03-17, 1996-02-13, 1996-06-26, 1997-10-19, 2004-07-26, 2005-03-09, 2005-04-16, 2010-03-01, 2010-04-10, 2012-07-01, 2012-10-18, 2016-02-04, 2019-05-25","1,-1,-1,-1,-1,-1,-1,1,-1,1,-1,-1,1,1,1",0.6867654070015664,-0.2111306883529109,190,9,0,6
40,"1979-03-10, 1979-07-23, 1986-07-04, 1987-12-28, 1989-02-28, 1989-03-12, 1992-03-06, 1997-04-18, 1999-01-06, 2004-07-20, 2005-01-18, 2011-04-27, 2017-09-30, 2020-10-26, 2021-02-16","-1,-1,1,-1,-1,-1,1,-1,-1,1,-1,1,-1,1,-1",0.6856188285210854,-0.20670499846773815,190,8,0,7
41,"1986-11-26, 1987-03-11, 1989-10-26, 1990-06-06, 1994-03-13, 1996-01-27, 1996-11-24, 1998-09-06, 2003-12-29, 2009-09-07, 2010-12-07, 2016-01-10, 2018-06-16, 2018-12-10, 2020-07-24","-1,-1,-1,1,1,-1,-1,-1,-1,-1,-1,-1,1,-1,1",0.7251241438847116,-0.3151130229784756,190,11,0,4
42,"1979-04-09, 1979-07-31, 1979-11-30, 1984-02-16, 1987-06-12, 1987-12-17, 1989-01-04, 1992-07-20, 2002-04-26, 2004-09-26, 2005-02-10, 2009-06-19, 2015-01-14, 2016-06-30, 2019-10-08","-1,1,-1,1,1,1,1,1,-1,1,-1,1,1,1,1",0.6819935331462299,-0.21997379328523917,190,11,0,4
43,"1981-01-14, 1982-02-06, 1983-02-07, 1983-12-08, 1987-02-25, 1988-07-24, 1991-08-24, 1995-03-26, 2000-02-29, 2002-03-26, 2003-08-19, 2005-10-04, 2006-06-06, 2007-07-21, 2015-03-03","1,-1,-1,-1,1,1,1,1,-1,-1,1,1,-1,1,1",0.686909829233967,-0.23390218395648885,190,9,0,6
44,"1979-09-11, 1982-04-26, 1985-10-27, 1986-03-08, 1991-08-12, 1994-03-20, 1995-05-21, 2003-02-05, 2004-05-31, 2004-06-15, 2005-06-24, 2016-04-23, 2018-01-26, 2019-02-24, 2019-10-12","1,1,1,1,-1,-1,1,-1,1,-1,1,-1,1,1,-1",0.6875465494240562,-0.20294644589628327,190,6,0,9
45,"1981-07-23, 1983-10-17, 1987-04-30, 1988-09-20, 1999-07-21, 2005-08-13, 2006-07-03, 2006-12-15, 2007-10-20, 2010-12-09, 2011-03-11, 2014-12-14, 2015-11-25, 2016-05-12, 2021-03-27","1,1,1,-1,1,-1,1,-1,-1,1,-1,-1,1,1,1",0.6824973486035864,-0.24579524773835434,190,9,0,6
46,"1979-08-06, 1980-06-23, 1982-07-31, 1986-02-13, 1993-01-22, 1995-01-11, 1997-10-05, 1998-02-25, 1998-03-23, 2007-03-02, 2007-06-06, 2010-09-06, 2011-06-01, 2012-01-10, 2021-05-20","-1,-1,-1,-1,-1,-1,-1,1,-1,-1,1,1,-1,1,-1",0.6891443740256745,-0.22255750072964955,190,7,0,8
47,"1980-08-25, 1981-01-04, 1981-11-23, 1982-10-13, 1982-11-24, 1994-01-19, 1996-01-17, 2004-11-25, 2009-04-10, 2014-11-23, 2015-08-22, 2015-09-07, 2018-03-23, 2020-03-09, 2020-07-05","1,1,1,-1,-1,1,1,1,1,1,-1,1,-1,1,1",0.6946844612664056,-0.2758992238690133,190,9,0,4
48,"1981-04-20, 1984-05-06, 1997-06-18, 1998-08-03, 1999-03-17, 2002-03-01, 2003-03-11, 2004-05-03, 2005-11-03, 2005-12-21, 2008-04-25, 2019-03-28, 2019-08-30, 2019-10-02, 2020-12-24","-1,1,1,1,1,-1,1,-1,1,1,1,-1,-1,1,-1",0.6922040949102221,-0.24035010007275,190,7,0,8
49,"1981-11-05, 1982-10-29, 1986-10-07, 1989-12-06, 1996-07-13, 1998-10-17, 2001-04-21, 2007-06-11, 2007-07-27, 2014-02-17, 2016-02-11, 2016-09-11, 2018-01-19, 2019-12-13, 2020-04-22","1,-1,1,1,1,-1,1,1,-1,-1,-1,-1,1,-1,1",0.7264109756911564,-0.3610095931446195,190,10,0,5
50,"1983-11-16, 1985-07-01, 1990-01-09, 1990-02-11, 1992-06-19, 1997-11-28, 1997-12-23, 1999-01-22, 2001-11-03, 2001-12-06, 2003-07-13, 2009-05-08, 2013-05-07, 2014-12-16, 2016-01-03","-1,1,1,-1,1,-1,1,-1,1,1,1,1,-1,1,1",0.6847756045215694,-0.24413473905756566,190,11,0,2
51,"1980-06-07, 1980-08-28, 1984-05-15, 1991-06-22, 1992-05-10, 1996-01-18, 1997-04-08, 2000-11-09, 2002-12-30, 2003-05-14, 2003-09-08, 2004-12-12, 2005-11-21, 2011-04-30, 2012-06-20","-1,-1,1,1,1,1,-1,-1,1,1,1,-1,-1,1,1",0.6716751350064918,-0.199737778048186,190,10,0,5
52,"1980-02-08, 1983-03-25, 1985-01-13, 1991-08-17, 1993-09-14, 1997-12-27, 1998-10-17, 2002-01-16, 2003-10-25, 2006-03-27, 2007-09-08, 2015-01-07, 2019-01-16, 2019-08-30, 2020-08-21","-1,-1,-1,1,-1,1,-1,1,1,1,-1,-1,-1,-1,-1",0.6947548438438671,-0.2587362342631419,190,8,0,7
53,"1983-12-03, 1984-10-11, 1985-01-02, 1990-04-28, 1991-08-14, 1993-04-08, 1993-04-22, 2000-04-06, 2001-01-22, 2001-09-17, 2013-05-18, 2013-10-28, 2018-11-10, 2020-07-31, 2021-03-14","1,1,1,-1,-1,-1,1,1,-1,-1,-1,1,1,-1,1",0.6857884561665062,-0.31496700547787077,190,7,0,8
54,"1982-08-07, 1987-12-16, 1991-09-19, 1992-02-19, 1996-12-02, 1998-09-18, 2001-10-27, 2002-09-17, 2004-02-16, 2004-10-01, 2009-05-18, 2010-04-23, 2013-07-16, 2015-07-17, 2017-10-02","-1,-1,1,-1,1,1,-1,1,-1,-1,1,1,-1,1,-1",0.6894591154666847,-0.2511425324723317,190,11,0,4
55,"1980-03-21, 1982-03-26, 1988-08-17, 1992-09-05, 1993-04-25, 1998-02-15, 1999-01-29, 2002-05-03, 2002-12-25, 2004-03-14, 2004-06-19, 2005-12-30, 2009-12-12, 2010-05-23, 2011-01-01","-1,1,-1,1,-1,1,1,-1,1,-1,1,1,-1,-1,1",0.680228782261946,-0.200519851268309,190,10,0,5
56,"1979-12-30, 1989-04-23, 1991-03-08, 1996-01-31, 1998-09-10, 1999-02-05, 1999-02-10, 1999-04-24, 2001-06-08, 2004-04-04, 2005-06-08, 2015-01-08, 2016-07-20, 2018-11-21, 2021-06-17","-1,-1,1,-1,1,1,1,-1,1,-1,1,1,1,1,-1",0.6844115025541093,-0.19739750911182458,190,7,0,8
57,"1980-05-23, 1984-08-11, 1985-03-09, 1991-11-13, 1997-01-01, 1997-01-15, 1999-01-01, 2003-04-19, 2010-05-07, 2010-10-29, 2011-10-23, 2012-05-30, 2012-11-07, 2019-09-03, 2020-06-24","1,1,1,1,1,1,1,-1,-1,-1,1,1,-1,1,1",0.6761908888401708,-0.2027372829407844,190,9,0,6
58,"1981-05-18, 1983-08-02, 1985-06-02, 1985-10-15, 1992-02-04, 1992-10-06, 1992-10-21, 1995-12-09, 2001-07-19, 2005-09-14, 2006-02-22, 2006-12-12, 2008-02-22, 2012-12-19, 2015-07-03","1,1,1,1,-1,1,-1,1,-1,-1,-1,-1,-1,1,-1",0.6748281681837824,-0.19744428643051185,190,7,0,7
59,"1981-05-24, 1982-01-18, 1983-06-25, 1985-05-21, 1986-09-25, 1987-11-16, 1991-08-17, 2001-02-22, 2006-11-13, 2007-06-18, 2010-06-18, 2011-02-09, 2012-03-01, 2015-05-28, 2017-04-18","-1,1,-1,-1,-1,-1,1,1,-1,-1,-1,1,1,1,-1",0.6801143542372183,-0.2346561984989758,190,8,0,7
60,"1985-07-29, 1985-10-27, 1988-03-08, 1988-07-09, 1989-07-12, 1989-12-21, 1991-03-11, 1993-08-19, 2008-04-14, 2008-07-23, 2008-08-29, 2009-07-30, 2012-05-18, 2015-09-01, 2019-06-25","-1,-1,-1,1,-1,-1,1,-1,1,-1,-1,1,-1,-1,1",0.687545550681437,-0.23357757197235152,190,5,0,10
61,"1980-12-21, 1985-07-30, 1986-07-26, 1989-03-02, 1992-09-03, 1996-01-05, 2006-08-22, 2009-02-13, 2011-08-18, 2017-02-14, 2018-04-06, 2019-09-20, 2021-01-03, 2021-04-02, 2021-08-23","-1,1,-1,1,-1,-1,-1,1,1,-1,1,1,1,1,1",0.681447673901548,-0.2138600948497551,190,8,0,7
62,"1979-03-14, 1981-01-14, 1982-04-23, 1983-04-20, 1984-02-02, 1988-01-18, 1989-10-04, 1993-01-02, 2012-01-22, 2013-09-07, 2015-01-01, 2015-11-06, 2016-04-16, 2017-11-15, 2017-12-27","-1,1,-1,1,1,1,1,1,1,-1,-1,1,-1,-1,-1",0.6839112825915499,-0.23974489032404,190,7,0,7
63,"1979-03-19, 1980-02-16, 1986-07-11, 1987-10-02, 1992-04-24, 1998-07-16, 2002-09-25, 2005-02-20, 2007-05-24, 2010-11-16, 2011-09-25, 2014-04-20, 2017-09-05, 2019-07-25, 2021-06-29","-1,1,1,1,-1,1,1,-1,1,-1,-1,-1,-1,-1,-1",0.6753776984600938,-0.21162283783492394,190,8,0,7
64,"1981-01-09, 1987-09-09, 1988-10-12, 1989-01-17, 1993-06-25, 1994-04-07, 2003-08-29, 2004-03-10, 2008-05-01, 2010-10-24, 2011-05-22, 2012-11-22, 2015-11-25, 2018-12-11, 2019-07-22","-1,-1,1,1,1,-1,1,-1,1,-1,1,1,1,1,1",0.6852708925562658,-0.23667578200785452,190,6,0,9
65,"1987-08-11, 1988-01-25, 1990-01-01, 1992-07-24, 1994-02-20, 1994-06-21, 1995-02-14, 1996-10-08, 1999-07-17, 2004-09-07, 2008-11-03, 2011-10-17, 2013-08-22, 2013-09-20, 2017-06-02","-1,1,1,1,-1,-1,1,1,1,-1,-1,1,1,-1,-1",0.6776486617528942,-0.2111843967575694,190,7,0,8
66,"1980-01-29, 1980-02-25, 1981-12-06, 1987-07-21, 1988-09-24, 1996-03-24, 2000-09-02, 2000-11-26, 2005-08-06, 2008-04-14, 2009-11-11, 2013-01-06, 2014-11-21, 2018-01-08, 2019-03-14","1,-1,1,1,1,1,1,1,-1,1,1,-1,1,1,1",0.6829707680426542,-0.21740520157000953,190,6,0,8
67,"1980-02-03, 1980-12-04, 1981-03-16, 1982-03-29, 1989-01-19, 1990-11-19, 1991-01-22, 1995-09-26, 1997-03-09, 2005-06-27, 2007-05-05, 2009-09-02, 2010-12-20, 2019-11-20, 2020-09-26","1,1,1,-1,1,1,-1,1,1,1,-1,-1,-1,1,-1",0.6799335837738675,-0.21882911836819136,190,6,0,9
68,"1979-06-08, 1980-01-16, 1984-10-13, 1987-01-26, 1988-07-08, 1990-09-16, 1993-04-11, 1994-03-10, 1997-03-22, 2002-08-03, 2006-11-26, 2009-10-01, 2012-01-27, 2012-10-26, 2020-01-20","-1,-1,-1,1,1,-1,-1,-1,1,-1,1,-1,-1,-1,-1",0.6747984725934206,-0.19440222280799468,190,7,0,8
69,"1980-10-08, 1983-04-28, 1988-12-23, 1988-12-28, 1993-11-24, 1997-07-16, 2000-04-03, 2003-08-02, 2011-05-05, 2013-05-27, 2013-10-25, 2013-12-10, 2014-08-22, 2017-07-30, 2017-09-13","-1,-1,1,-1,1,1,1,-1,-1,1,-1,-1,1,-1,1",0.6823724958836604,-0.23406541494095373,190,9,0,5
70,"1980-01-03, 1984-10-24, 1988-11-02, 1990-09-12, 1991-12-29, 1993-05-10, 1993-10-21, 1995-06-12, 2002-02-01, 2005-02-09, 2005-07-28, 2005-08-02, 2011-03-13, 2014-01-05, 2014-04-17","-1,-1,-1,1,-1,1,1,1,1,-1,-1,-1,-1,1,1",0.6747474710519998,-0.20750158076489297,190,8,0,7
71,"1979-05-23, 1979-11-29, 1979-12-30, 1980-10-26, 1983-04-19, 1983-07-24, 1989-11-12, 1991-06-01, 1992-01-04, 1996-03-12, 1999-09-26, 2007-07-19, 2011-04-22, 2011-10-11, 2014-06-07","-1,-1,1,-1,1,1,-1,-1,1,1,1,-1,1,-1,1",0.671614455983129,-0.21847665250822856,190,9,0,6
72,"1981-01-07, 1988-06-01, 1992-04-08, 1993-02-01, 1998-07-14, 1998-09-09, 2000-10-26, 2002-03-15, 2007-10-16, 2009-04-30, 2013-03-25, 2018-12-21, 2019-03-04, 2020-02-16, 2020-06-02","-1,1,-1,-1,1,-1,1,1,-1,-1,-1,1,-1,-1,1",0.7125519800760569,-0.3157786735778873,190,5,0,10
73,"1979-04-30, 1984-07-04, 1987-12-30, 1988-10-20, 1988-12-03, 1989-05-19, 1995-03-07, 1996-03-29, 1996-09-28, 1997-12-03, 1998-05-17, 2000-12-29, 2006-07-13, 2010-05-08, 2020-07-04","-1,1,-1,-1,1,-1,-1,-1,-1,-1,-1,-1,-1,1,1",0.6770644816008176,-0.1989548040577034,190,7,0,7
74,"1979-02-15, 1980-12-15, 1990-09-02, 1991-08-02, 1994-03-28, 1995-07-06, 1997-03-04, 1999-08-28, 2001-10-27, 2004-01-15, 2005-03-31, 2005-12-01, 2006-08-20, 2016-02-07, 2017-06-07","1,1,-1,-1,-1,-1,1,1,-1,-1,1,1,1,-1,1",0.6817718886548302,-0.19841674076832952,190,7,0,8
75,"1979-07-04, 1980-01-11, 1983-12-11, 1985-10-10, 1986-02-01, 1989-06-16, 1995-01-30, 1995-12-08, 1998-08-16, 2000-08-16, 2003-01-22, 2016-10-11, 2016-11-05, 2019-10-30, 2020-06-12","1,-1,-1,-1,1,1,1,-1,-1,1,-1,-1,-1,-1,1",0.7301632574692507,-0.32120118373130063,190,10,0,5
76,"1980-01-30, 1984-03-11, 1985-09-25, 1989-04-10, 1990-01-16, 1991-06-04, 1991-10-20, 1991-12-12, 1992-07-06, 1999-09-12, 1999-11-08, 2001-08-13, 2004-01-25, 2011-05-31, 2021-06-28","-1,-1,-1,1,1,1,1,-1,1,-1,1,-1,1,-1,1",0.6783108450677716,-0.2098207954152957,190,8,0,7
77,"1981-03-07, 1983-10-09, 1989-03-01, 1991-11-13, 1993-07-14, 1993-11-09, 1995-07-24, 1998-11-28, 2002-04-17, 2002-12-12, 2005-01-06, 2007-01-19, 2008-03-31, 2009-10-30, 2019-02-25","-1,-1,-1,1,-1,1,-1,-1,-1,-1,1,-1,-1,1,1",0.681869178718888,-0.21378976243026884,190,9,0,6
78,"1979-10-21, 1983-10-08, 1985-11-27, 1990-08-12, 1992-07-08, 1994-05-23, 1996-04-15, 1996-08-25, 1998-03-10, 2003-09-20, 2006-02-23, 2010-03-31, 2010-06-10, 2010-07-07, 2015-02-01","-1,-1,-1,-1,-1,-1,-1,1,1,-1,-1,-1,1,-1,1",0.6773167898830441,-0.1946441515620679,190,6,0,9
79,"1979-05-21, 1979-08-07, 1982-07-07, 1989-06-08, 1991-06-14, 1992-01-09, 2000-06-05, 2009-01-31, 2014-09-01, 2015-03-07, 2015-05-28, 2015-10-01, 2017-05-07, 2020-12-14, 2021-05-31","-1,1,1,1,1,-1,1,1,1,1,-1,1,-1,1,-1",0.6807370577535594,-0.23409290227161897,190,9,0,6
80,"1982-09-02, 1982-11-20, 1990-01-04, 1991-03-15, 1993-01-15, 1994-10-29, 1997-06-19, 1999-02-17, 2002-03-07, 2002-08-29, 2005-02-16, 2005-07-12, 2005-09-16, 2012-05-22, 2019-03-25","-1,1,-1,1,-1,1,1,1,1,-1,1,1,-1,1,1",0.6775320308302542,-0.20140212822125372,190,5,0,10
81,"1980-08-20, 1981-11-20, 1984-05-21, 1991-04-05, 1991-07-10, 1993-08-25, 1998-03-20, 1999-11-16, 2001-04-14, 2005-05-29, 2013-05-10, 2016-03-27, 2018-01-30, 2020-02-09, 2021-01-26","1,-1,-1,-1,-1,-1,-1,-1,1,1,1,-1,-1,1,1",0.6963214609423156,-0.26766486856559923,190,9,0,6
82,"1979-02-27, 1979-04-20, 1979-10-05, 1981-07-14, 1986-07-29, 1995-01-29, 1995-12-03, 2001-06-15, 2003-02-18, 2005-05-04, 2005-10-11, 2006-05-12, 2015-10-21, 2018-10-07, 2020-11-28","-1,1,1,1,-1,1,1,-1,1,-1,1,-1,1,-1,1",0.7069373762273164,-0.29755340348677195,190,8,0,7
83,"1980-09-06, 1981-01-15, 1984-09-26, 1987-05-22, 1987-05-29, 1987-09-05, 1996-04-09, 1998-10-21, 1999-03-23, 2004-08-30, 2005-04-01, 2007-07-17, 2012-09-09, 2016-01-10, 2016-11-16","1,-1,-1,1,-1,1,-1,1,1,-1,-1,1,-1,-1,1",0.6766470403910767,-0.203280961340431,190,8,0,6
84,"1979-08-02, 1980-07-29, 1980-09-08, 1981-05-23, 1993-11-02, 1996-08-13, 2000-04-13, 2001-06-04, 2001-11-12, 2002-09-30, 2015-02-18, 2016-01-18, 2016-02-04, 2017-01-04, 2017-01-24","1,-1,-1,1,-1,1,-1,1,1,-1,1,1,-1,1,1",0.6886217490695377,-0.2217391437404228,190,9,0,4
85,"1980-08-13, 1982-11-08, 1983-09-11, 1988-10-17, 1989-10-06, 2002-03-22, 2002-07-19, 2006-01-05, 2007-02-23, 2011-04-10, 2014-06-01, 2014-11-05, 2015-11-11, 2016-07-09, 2020-02-17","1,1,-1,-1,1,1,-1,-1,1,-1,-1,1,-1,-1,-1",0.6797767068288219,-0.20611067085151188,190,7,0,8
86,"1983-02-09, 1989-09-24, 1993-07-30, 1994-04-23, 1996-08-01, 1997-02-04, 1997-11-25, 1998-02-03, 2002-12-30, 2006-10-23, 2011-12-17, 2016-07-28, 2017-06-18, 2018-11-19, 2020-02-02","-1,-1,-1,-1,1,-1,1,1,-1,1,1,1,1,1,1",0.6873985883310216,-0.23674419188665766,190,10,0,5
87,"1980-10-10, 1982-09-25, 1985-01-30, 1988-09-19, 1992-09-25, 1994-12-03, 1998-10-04, 2003-06-23, 2008-02-01, 2012-06-16, 2013-03-18, 2014-12-14, 2015-03-30, 2016-09-03, 2021-07-09","-1,1,-1,-1,1,1,-1,1,-1,-1,1,-1,-1,-1,-1",0.6843161250578021,-0.19872562044902914,190,4,0,11
88,"1979-05-07, 1979-09-19, 1983-04-04, 1989-12-08, 1994-10-27, 1995-06-16, 2002-04-24, 2002-12-24, 2003-04-17, 2004-07-16, 2004-12-30, 2009-06-18, 2010-11-29, 2016-10-25, 2019-09-15","1,-1,-1,-1,-1,1,1,1,1,1,1,-1,1,-1,1",0.6793503076404821,-0.21317885785687363,190,5,0,10
89,"1981-02-16, 1983-12-22, 1986-09-04, 1987-12-01, 1993-07-03, 1994-12-06, 1995-05-03, 1997-10-07, 2001-05-19, 2003-03-05, 2003-07-16, 2004-06-08, 2013-01-03, 2018-09-24, 2021-08-19","-1,1,1,-1,1,1,1,-1,-1,-1,1,1,-1,-1,1",0.6953291289045963,-0.2797335596298214,190,11,0,4
90,"1983-12-20, 1986-10-22, 1987-11-09, 1991-09-05, 1994-08-30, 2001-06-15, 2002-04-30, 2002-12-31, 2007-04-29, 2010-10-22, 2012-11-20, 2013-12-30, 2014-06-18, 2017-07-04, 2021-03-01","-1,-1,1,-1,1,1,-1,1,1,-1,-1,-1,-1,-1,-1",0.6776674559518601,-0.2133919746712297,190,4,0,11
91,"1980-03-22, 1985-07-27, 1987-11-03, 1992-06-09, 1993-06-21, 1993-12-20, 1994-01-07, 1995-09-02, 2000-07-09, 2003-08-17, 2005-10-16, 2010-07-09, 2013-12-19, 2016-06-12, 2020-04-27","1,-1,1,-1,1,-1,1,-1,1,1,1,1,1,-1,1",0.671372644624452,-0.20933963500204678,190,9,0,6
92,"1980-04-09, 1982-12-26, 1983-06-17, 1985-05-16, 1987-03-09, 1987-10-19, 1994-04-16, 2002-08-16, 2003-10-26, 2007-03-23, 2011-01-09, 2011-08-15, 2016-07-20, 2020-07-17, 2021-08-01","1,1,1,1,-1,-1,1,1,-1,-1,1,-1,1,1,1",0.6746032886683613,-0.22634941021223887,190,11,0,4
93,"1984-11-07, 1985-10-05, 1986-11-30, 1990-12-10, 1992-01-06, 1992-03-11, 1995-05-08, 1995-10-11, 1996-08-03, 2001-10-16, 2003-03-26, 2004-02-26, 2013-06-12, 2014-03-22, 2015-01-14","1,1,1,-1,-1,-1,-1,1,1,1,-1,-1,1,1,1",0.6764002005327845,-0.20194963971208493,190,8,0,7
94,"1979-09-16, 1981-02-26, 1985-06-08, 1989-02-26, 1990-01-14, 1990-04-29, 1993-03-14, 1998-10-14, 1999-03-14, 2000-03-16, 2002-11-12, 2004-11-14, 2010-03-05, 2010-11-29, 2019-06-30","1,1,1,1,1,1,1,1,-1,1,-1,1,1,1,1",0.6876307426925709,-0.20746616174198437,190,5,0,10
95,"1986-04-24, 1988-07-11, 1989-11-12, 1990-02-24, 1990-09-12, 1993-06-05, 1995-07-27, 1997-06-15, 2003-01-16, 2011-07-20, 2012-09-29, 2015-10-05, 2017-12-10, 2018-03-08, 2019-09-07","1,1,1,1,-1,1,1,1,1,1,-1,1,1,1,1",0.6816455827002392,-0.22993279984938353,190,7,0,8
96,"1980-05-12, 1984-05-26, 1988-02-28, 1988-07-26, 1988-08-23, 1990-11-27, 2000-05-22, 2002-03-20, 2002-07-20, 2006-01-27, 2007-09-28, 2012-03-13, 2012-03-18, 2019-06-30, 2020-07-17","1,1,1,-1,1,1,-1,1,1,-1,-1,1,1,1,-1",0.6766728731819597,-0.20029513406770774,190,9,0,4
97,"1979-05-31, 1980-08-26, 1985-01-24, 1992-04-22, 1994-06-14, 1996-07-22, 1998-04-10, 1999-08-02, 2003-10-15, 2004-10-12, 2008-09-12, 2009-06-20, 2015-03-13, 2017-09-30, 2020-12-22","1,1,1,1,1,-1,1,-1,1,1,1,-1,-1,-1,-1",0.6870968145961553,-0.2218949158180394,190,7,0,8
98,"1979-05-12, 1979-11-07, 1980-04-25, 1982-06-10, 1990-03-13, 1992-11-07, 2000-02-21, 2000-07-14, 2000-09-18, 2005-01-21, 2006-09-25, 2007-07-20, 2010-07-29, 2015-01-09, 2017-10-02","-1,1,1,-1,-1,-1,-1,-1,1,1,1,-1,1,1,-1",0.6940598018027799,-0.24291663480584064,190,8,0,7
99,"1982-10-08, 1984-11-29, 1986-01-27, 1991-07-21, 1992-08-23, 1994-09-21, 1994-10-15, 1996-11-20, 1997-11-09, 1999-10-06, 2012-01-11, 2013-01-29, 2013-10-27, 2014-08-25, 2020-10-25","1,-1,1,-1,-1,-1,1,-1,1,-1,1,1,1,1,-1",0.6847802954128941,-0.19996615632973735,190,3,0,12
100,"1982-08-17, 1984-04-25, 1987-05-15, 1987-11-06, 1988-02-23, 1991-12-29, 1994-07-30, 1999-04-07, 1999-07-30, 2000-08-02, 2002-12-05, 2003-05-06, 2013-05-11, 2014-09-06, 2015-05-06","1,-1,1,1,-1,1,-1,-1,-1,1,1,-1,1,-1,-1",0.6838762976785403,-0.19381887151538604,190,8,0,7
101,"1983-08-30, 1985-07-24, 1988-01-23, 1989-03-21, 1990-10-24, 1990-11-04, 1998-04-11, 1999-01-14, 2002-10-10, 2006-08-30, 2010-09-10, 2011-12-15, 2014-05-12, 2017-02-18, 2017-11-22","-1,1,-1,1,1,-1,-1,1,1,-1,1,-1,1,-1,-1",0.681810854257962,-0.24876561831110247,190,9,0,5
102,"1979-03-12, 1982-02-10, 1984-08-31, 1986-01-03, 1986-07-24, 1987-03-09, 1987-09-27, 1989-07-21, 1993-06-30, 1996-08-07, 2001-07-30, 2001-12-19, 2003-05-28, 2003-09-16, 2021-11-18","-1,1,1,-1,-1,-1,1,-1,-1,1,-1,1,1,1,1",0.6801218464393637,-0.19605695437802484,190,5,0,10
103,"1979-06-16, 1983-06-04, 1985-06-13, 1987-08-20, 1991-09-02, 1993-11-01, 1997-06-25, 1999-05-17, 2000-06-17, 2000-07-04, 2004-08-15, 2006-07-18, 2015-01-07, 2021-01-13, 2021-08-03","1,-1,-1,1,-1,1,-1,1,-1,1,1,1,1,-1,-1",0.6772673628484264,-0.21598495753464036,190,8,0,7
104,"1980-05-17, 1988-10-23, 1989-02-03, 1989-05-16, 1993-08-04, 1998-07-18, 2000-05-09, 2000-12-19, 2004-08-06, 2009-10-11, 2010-02-16, 2016-03-17, 2016-09-07, 2017-07-19, 2018-04-26","-1,1,1,1,1,1,1,-1,-1,-1,-1,-1,-1,-1,1",0.6820852126236254,-0.22392072369916433,190,6,0,9
105,"1981-12-13, 1982-10-03, 1986-11-20, 1988-08-17, 1992-02-08, 1995-10-28, 1996-05-28, 1998-03-26, 1998-10-10, 2005-12-03, 2006-05-17, 2009-11-04, 2012-08-04, 2014-12-14, 2015-12-20","1,1,-1,-1,1,-1,1,1,-1,-1,1,1,1,-1,1",0.6840630823755193,-0.2267903489262381,190,9,0,6
106,"1981-01-30, 1981-11-28, 1981-12-18, 1982-06-01, 1985-11-06, 1985-11-19, 1988-08-12, 1989-09-25, 1989-12-31, 1991-07-23, 1994-04-18, 1997-02-02, 2007-09-29, 2014-03-19, 2016-04-20","1,1,1,-1,-1,1,1,-1,-1,1,1,1,-1,1,1",0.6830580668220976,-0.2392603444181679,190,8,0,6
107,"1979-12-20, 1980-07-11, 1982-01-28, 1988-03-17, 1989-10-31, 1994-02-04, 1996-12-01, 1997-02-16, 2000-02-02, 2007-10-10, 2009-12-01, 2014-02-14, 2016-01-08, 2019-01-23, 2021-11-14","-1,1,-1,-1,1,-1,1,1,-1,-1,-1,1,1,-1,1",0.6936790921181903,-0.32265756423966857,190,11,0,4
108,"1982-06-13, 1992-03-31, 1998-07-06, 2003-01-08, 2003-09-04, 2004-01-03, 2005-05-01, 2006-10-31, 2007-12-14, 2008-03-28, 2009-07-13, 2018-01-05, 2018-06-22, 2020-11-12, 2021-11-01","-1,1,1,1,-1,-1,-1,1,-1,-1,-1,1,-1,-1,-1",0.6996387152910989,-0.3007368211903518,190,8,0,7
109,"1980-01-03, 1980-02-18, 1982-02-05, 1982-09-26, 1985-05-17, 1985-07-11, 1990-07-02, 1996-10-12, 1996-12-18, 2000-04-09, 2001-09-17, 2002-04-28, 2005-08-30, 2010-03-26, 2015-05-03","1,1,1,1,-1,1,1,1,1,-1,1,1,1,1,-1",0.6832182360912933,-0.22462867135051534,190,9,0,4
110,"1980-12-19, 1982-07-22, 1984-11-06, 1988-09-19, 1989-05-23, 1989-09-19, 1992-02-10, 1994-11-04, 2002-03-19, 2003-08-31, 2010-09-28, 2012-10-08, 2013-05-08, 2017-11-21, 2021-05-18","-1,-1,1,-1,1,-1,-1,1,-1,1,1,-1,1,-1,-1",0.6845712823365377,-0.2505376851165396,190,6,0,9
111,"1982-05-29, 1982-09-09, 1987-04-03, 1988-03-10, 1991-11-05, 1992-09-21, 1998-07-13, 2000-10-02, 2001-01-22, 2003-07-01, 2011-11-24, 2011-12-23, 2016-06-14, 2016-12-27, 2020-11-08","1,-1,-1,-1,1,-1,1,1,1,-1,-1,-1,-1,-1,-1",0.6820340330791157,-0.21538777326105765,190,8,0,6
112,"1980-07-31, 1982-10-29, 1983-10-20, 1992-05-20, 1992-08-11, 1993-01-23, 1996-04-18, 1998-03-06, 1999-10-17, 2002-07-02, 2003-06-12, 2003-07-31, 2004-05-28, 2005-05-20, 2006-03-02","-1,1,1,1,-1,-1,-1,-1,-1,1,1,-1,-1,-1,-1",0.6830240877841673,-0.19597893805002378,190,7,0,8
113,"1979-01-10, 1980-11-16, 1985-03-05, 1986-01-17, 1988-09-04, 1991-10-31, 1996-02-05, 1996-04-10, 2003-04-19, 2008-07-08, 2011-08-15, 2011-08-31, 2015-11-30, 2016-07-24, 2020-03-12","1,-1,-1,-1,-1,-1,1,1,-1,1,1,-1,-1,-1,1",0.6814107308033177,-0.2113017579570642,190,9,0,6
114,"1981-08-20, 1983-01-03, 1983-06-18, 1983-11-30, 1984-04-29, 1986-11-02, 1988-03-08, 1989-10-24, 1991-03-22, 1998-06-01, 1998-10-12, 2000-08-05, 2004-11-10, 2005-09-16, 2020-01-27","1,1,1,1,1,1,-1,-1,-1,-1,1,-1,-1,-1,-1",0.689420466814987,-0.24089087469228765,190,8,0,7
115,"1979-06-24, 1990-08-12, 1991-05-29, 1992-07-11, 1994-07-31, 1996-11-21, 1997-02-12, 1997-07-19, 2001-02-03, 2005-11-09, 2007-01-19, 2010-12-30, 2012-09-19, 2016-07-01, 2016-07-02","1,1,-1,-1,1,-1,-1,-1,1,-1,1,-1,-1,-1,-1",0.6759182835130066,-0.19686030569984192,190,8,0,7
116,"1982-04-06, 1985-09-08, 1988-02-07, 1993-10-25, 1994-01-10, 1997-08-03, 1998-08-29, 2004-08-03, 2005-10-21, 2009-12-22, 2011-03-14, 2012-01-14, 2015-08-04, 2015-10-22, 2018-10-10","-1,1,1,-1,-1,1,1,1,-1,-1,-1,-1,-1,-1,-1",0.6835786397117262,-0.24306816284053967,190,8,0,7
117,"1979-08-10, 1979-12-14, 1980-04-20, 1986-01-08, 1991-03-20, 1991-05-31, 1995-03-24, 1995-09-06, 2007-10-06, 2008-10-05, 2012-04-07, 2012-08-06, 2014-02-05, 2017-12-26, 2019-12-22","-1,-1,-1,1,1,-1,-1,1,1,1,-1,-1,-1,1,-1",0.6811104348521457,-0.23163824083611226,190,9,0,6
118,"1987-09-12, 1988-04-20, 1992-12-15, 1996-02-08, 1997-01-06, 2001-06-08, 2003-08-13, 2006-11-25, 2009-05-30, 2010-10-15, 2015-02-07, 2015-06-03, 2018-11-06, 2019-12-16, 2020-08-06","-1,1,1,-1,-1,1,1,-1,1,-1,-1,-1,-1,-1,-1",0.689078341503065,-0.240539844891952,190,7,0,8
119,"1981-06-22, 1982-09-20, 1982-11-01, 1987-10-11, 1989-08-24, 1993-03-26, 1993-08-01, 1994-02-13, 2000-05-31, 2000-06-06, 2002-08-14, 2006-06-14, 2010-10-12, 2012-01-30, 2012-10-22","-1,-1,1,1,-1,1,1,1,-1,-1,-1,-1,-1,1,-1",0.6783787045024969,-0.20154416098843533,190,8,0,6
120,"1979-10-02, 1980-06-07, 1981-03-03, 1982-07-28, 1990-05-03, 1990-07-12, 1993-11-18, 1999-05-28, 2009-05-19, 2009-08-29, 2011-12-29, 2012-05-31, 2013-07-19, 2015-12-09, 2017-08-18","-1,-1,1,-1,1,1,1,1,-1,-1,1,1,1,-1,-1",0.6871127661430034,-0.25662914317378893,190,8,0,7
121,"1985-09-12, 1987-01-30, 1989-01-17, 1996-04-09, 2002-01-09, 2003-07-28, 2003-10-02, 2004-03-01, 2006-11-09, 2008-10-10, 2009-09-09, 2012-02-15, 2012-04-23, 2016-04-30, 2020-08-11","1,-1,-1,-1,-1,-1,1,-1,-1,-1,-1,-1,1,-1,1",0.6801694324021295,-0.21863360173700802,190,4,0,11
122,"1980-03-07, 1980-07-25, 1982-05-05, 1982-07-03, 1983-09-12, 1986-09-21, 1987-12-06, 1992-10-23, 1994-11-30, 1998-04-16, 1999-11-12, 2004-04-23, 2012-06-01, 2013-12-03, 2020-01-03","-1,1,1,1,1,-1,-1,1,1,1,-1,1,-1,-1,-1",0.6875814917469575,-0.23857822065500173,190,7,0,8
123,"1979-03-17, 1979-09-30, 1981-01-23, 1983-10-09, 1984-01-10, 1992-10-25, 2002-11-25, 2003-12-04, 2006-03-10, 2009-08-01, 2011-05-23, 2011-08-19, 2013-06-19, 2017-05-30, 2017-09-30","1,1,-1,1,1,1,-1,1,1,1,1,-1,-1,1,1",0.6854752437134701,-0.21141896950562092,190,8,0,7
124,"1980-05-12, 1981-05-30, 1999-02-24, 1999-09-18, 2000-06-11, 2002-07-27, 2007-07-02, 2008-07-26, 2008-11-07, 2014-05-01, 2014-05-21, 2015-01-05, 2017-02-19, 2018-01-29, 2020-05-28","-1,1,-1,1,1,-1,-1,-1,1,1,1,1,-1,-1,1",0.6909342628755907,-0.22108565698739832,190,8,0,6
125,"1980-03-26, 1989-09-03, 1991-01-26, 1991-05-09, 1994-05-02, 1995-07-30, 2002-02-09, 2009-02-21, 2012-10-06, 2016-09-07, 2017-07-30, 2018-03-16, 2019-01-25, 2019-11-12, 2021-09-22","1,1,-1,1,1,-1,1,-1,1,-1,1,-1,-1,-1,1",0.688881022465843,-0.3246245799790595,190,5,0,10
126,"1981-06-24, 1982-07-11, 1986-03-14, 1988-10-24, 1993-07-15, 1994-10-15, 1995-08-15, 1995-12-29, 1996-02-28, 1999-05-03, 2000-03-20, 2001-03-24, 2013-09-16, 2016-01-06, 2017-03-13","-1,-1,1,1,1,-1,1,-1,-1,-1,1,-1,-1,1,1",0.686774036420654,-0.2482894163593822,190,12,0,3
127,"1979-02-27, 1980-03-18, 1980-10-13, 1985-12-23, 1987-03-20, 1989-06-12, 1992-01-06, 1995-11-01, 1996-01-11, 1997-11-16, 1999-04-29, 2002-07-01, 2006-08-29, 2007-07-26, 2014-08-10","1,-1,-1,1,1,-1,1,-1,-1,-1,1,1,-1,-1,1",0.6729245932263759,-0.18564453863723926,190,10,0,5
128,"1979-03-20, 1981-11-28, 1983-04-03, 1989-12-26, 1993-11-06, 1995-01-15, 1999-11-03, 2007-08-19, 2008-06-01, 2008-08-10, 2009-03-19, 2016-06-01, 2018-09-30, 2019-07-21, 2021-08-17","-1,-1,-1,1,1,1,1,1,-1,-1,-1,-1,-1,-1,1",0.7006864627635274,-0.3798766999410232,190,9,0,6
129,"1979-05-09, 1985-08-21, 1987-02-01, 1989-05-01, 1994-09-20, 2000-05-03, 2003-04-23, 2007-03-24, 2007-11-16, 2008-07-12, 2011-10-14, 2013-10-31, 2014-05-29, 2017-04-23, 2018-02-01","1,1,-1,-1,1,-1,1,1,1,-1,1,1,-1,1,-1",0.6870208065809809,-0.2219447460277452,190,7,0,8
130,"1980-07-02, 1981-01-21, 1983-08-16, 1986-06-23, 1991-06-25, 1992-02-12, 1993-03-26, 1999-08-13, 2003-07-23, 2006-03-21, 2006-07-08, 2008-10-30, 2010-02-03, 2010-09-30, 2013-09-14","-1,-1,1,-1,-1,-1,1,-1,-1,1,-1,-1,-1,1,-1",0.6824768125471484,-0.21146845091428848,190,10,0,5
131,"1981-06-08, 1981-06-25, 1989-06-10, 1990-03-30, 1993-11-24, 2000-01-15, 2001-09-25, 2002-01-29, 2002-03-11, 2003-10-06, 2008-05-30, 2008-11-10, 2010-01-12, 2011-11-12, 2015-10-19","-1,1,-1,-1,-1,1,1,1,1,1,1,-1,1,1,1",0.6841716437455054,-0.23296341451103056,190,7,0,6
132,"1981-04-23, 1982-09-28, 1991-08-08, 1994-12-17, 1997-02-26, 2001-05-24, 2003-02-17, 2006-06-23, 2007-02-21, 2009-03-08, 2009-06-13, 2009-06-16, 2010-07-30, 2011-10-08, 2016-08-10","-1,1,1,-1,1,1,1,-1,-1,-1,1,1,1,-1,-1",0.6777567937401053,-0.22371610450684795,190,8,0,7
133,"1984-07-25, 1990-02-06, 1990-02-09, 1991-11-28, 1994-07-12, 1997-03-30, 2000-01-15, 2001-06-12, 2002-12-26, 2005-03-15, 2007-11-25, 2011-12-20, 2019-08-23, 2019-10-15, 2020-12-31","1,1,1,-1,-1,-1,-1,1,1,1,1,1,-1,-1,-1",0.6817529238556876,-0.2326764872604366,190,8,0,6
134,"1982-09-16, 1985-03-09, 1989-03-04, 1989-11-13, 1990-05-31, 1991-11-19, 1995-03-02, 1996-01-19, 1998-02-04, 2000-08-28, 2005-09-15, 2011-01-21, 2018-01-19, 2019-06-09, 2021-04-08","1,1,1,-1,1,-1,1,-1,1,-1,-1,-1,1,1,-1",0.6812132168871166,-0.2039417353114066,190,6,0,9
135,"1980-08-23, 1982-12-14, 1985-04-15, 1985-12-31, 1987-10-21, 1996-04-21, 1996-06-18, 1997-11-11, 2001-06-20, 2003-10-19, 2006-04-21, 2008-10-30, 2014-05-10, 2021-08-09, 2021-09-11","1,1,-1,-1,-1,1,1,-1,1,-1,-1,1,1,-1,-1",0.6810946607054411,-0.21998930585679782,190,10,0,3
136,"1984-07-18, 1984-09-30, 1985-05-05, 1985-07-01, 1986-01-08, 1986-07-03, 1993-06-28, 2000-05-15, 2000-09-12, 2004-04-19, 2007-02-05, 2011-02-20, 2014-06-26, 2016-04-12, 2020-08-26","-1,-1,1,1,1,-1,-1,1,-1,1,1,1,1,1,-1",0.6784528597780106,-0.22319657947191032,190,7,0,7
137,"1979-06-27, 1980-10-11, 1981-11-17, 1991-08-27, 1991-10-23, 1991-11-03, 1994-08-31, 1996-04-15, 2004-06-12, 2007-09-05, 2008-10-06, 2009-07-04, 2012-06-08, 2015-06-07, 2017-02-21","-1,1,-1,-1,-1,1,1,-1,-1,-1,1,-1,-1,1,-1",0.6868815317637132,-0.2357498665801648,190,8,0,7
138,"1979-06-16, 1982-12-09, 1986-04-06, 1987-08-11, 1990-10-17, 1994-11-11, 1996-02-27, 1998-04-25, 2005-03-18, 2007-01-02, 2012-07-31, 2014-05-17, 2016-11-14, 2020-03-07, 2020-07-06","-1,-1,1,-1,1,-1,-1,-1,-1,1,-1,-1,1,1,-1",0.6810951857332581,-0.2192531618485528,190,8,0,7
139,"1979-04-25, 1983-03-26, 1985-03-14, 1988-06-20, 1989-12-05, 1991-07-21, 1992-10-28, 1997-08-04, 1999-04-28, 2000-10-26, 2009-12-10, 2011-11-14, 2014-05-19, 2018-12-28, 2020-04-23","-1,-1,1,1,-1,-1,-1,1,1,-1,1,-1,-1,-1,-1",0.6975350742737334,-0.2746991692377346,190,7,0,8
140,"1981-07-01, 1983-05-02, 1984-01-14, 1988-08-18, 1996-02-05, 1997-12-04, 2003-07-28, 2006-05-22, 2008-03-29, 2008-11-16, 2009-07-06, 2010-11-06, 2011-04-24, 2015-11-08, 2020-06-08","-1,1,-1,-1,1,1,1,1,-1,1,-1,1,1,-1,1",0.6829205095808759,-0.23519786883651925,190,6,0,9
141,"1979-08-31, 1981-10-17, 1982-10-13, 1984-11-22, 1990-11-08, 1991-11-20, 1992-03-14, 2006-12-31, 2007-03-07, 2014-12-31, 2015-01-06, 2015-10-16, 2017-06-23, 2018-12-20, 2019-02-24","-1,1,-1,-1,1,-1,1,1,1,1,1,1,-1,1,1",0.6818924732466853,-0.2433808909443937,190,8,0,7
142,"1981-08-31, 1981-09-11, 1982-12-17, 1985-01-21, 1987-07-03, 1987-10-11, 1993-11-06, 2000-03-09, 2000-03-29, 2005-07-05, 2008-04-15, 2011-09-12, 2012-10-14, 2017-04-28, 2017-06-11","1,-1,1,1,-1,1,-1,1,-1,-1,-1,1,-1,-1,-1",0.6863900496788345,-0.2210654669285544,190,6,0,8
143,"1982-08-31, 1991-06-09, 1994-04-15, 1998-03-14, 2000-12-05, 2003-01-19, 2003-04-16, 2003-12-11, 2004-10-17, 2006-04-29, 2007-06-20, 2007-10-29, 2008-02-18, 2020-04-02, 2021-03-09","1,-1,1,-1,1,-1,-1,1,-1,-1,-1,1,1,1,1",0.6884972727459038,-0.20697389087967474,190,7,0,8
144,"1983-06-20, 1983-07-09, 1987-03-02, 1991-07-10, 1993-06-24, 1997-07-29, 1999-03-14, 2004-02-14, 2008-06-15, 2010-09-13, 2013-08-17, 2014-08-23, 2014-10-22, 2015-08-22, 2018-12-14","-1,1,-1,-1,1,-1,-1,-1,-1,1,-1,-1,-1,-1,1",0.6905856018478316,-0.23397562488511625,190,10,0,5
145,"1981-05-14, 1983-01-06, 1986-05-14, 1987-11-11, 1990-06-30, 2001-08-03, 2006-07-30, 2009-07-02, 2010-06-26, 2011-09-15, 2013-07-01, 2014-08-13, 2015-01-10, 2020-07-20, 2021-02-18","1,-1,-1,1,-1,1,1,-1,-1,1,1,-1,-1,1,-1",0.6804765686917984,-0.23548848688874033,190,5,0,10
146,"1982-11-05, 1984-03-22, 1985-05-14, 1991-02-09, 1991-06-16, 1993-09-12, 1998-02-02, 1999-09-29, 2002-03-28, 2003-02-16, 2010-11-29, 2011-09-30, 2014-02-04, 2016-11-04, 2021-07-25","-1,-1,-1,-1,1,1,-1,-1,1,-1,1,1,-1,1,1",0.6860065652484129,-0.22254378130091396,190,8,0,7
147,"1979-03-02, 1980-03-26, 1985-04-19, 1985-12-06, 1986-12-24, 1987-06-02, 1988-12-13, 1991-04-14, 1999-01-18, 2001-02-12, 2003-08-21, 2008-04-08, 2015-12-07, 2018-03-23, 2019-01-10","-1,-1,-1,1,-1,1,1,1,-1,1,-1,-1,1,1,-1",0.7068341860516265,-0.23231949943659855,190,8,0,7
148,"1981-04-03, 1981-10-24, 1986-02-06, 1991-02-11, 1993-07-31, 1998-05-07, 1999-01-13, 2001-09-25, 2002-01-11, 2008-05-26, 2012-10-11, 2014-04-24, 2015-02-01, 2016-11-03, 2021-07-24","1,-1,1,-1,-1,-1,1,1,1,-1,1,1,1,-1,1",0.6786690967383001,-0.21385642897343957,190,6,0,9
149,"1979-10-17, 1985-08-30, 1989-03-09, 1990-01-20, 1991-02-25, 1993-01-23, 1994-03-14, 1996-03-09, 1998-05-27, 1999-04-23, 2000-10-21, 2008-11-20, 2019-08-05, 2020-11-03, 2021-02-22","-1,-1,1,-1,-1,1,-1,-1,-1,-1,1,1,-1,-1,1",0.6932921041323474,-0.24158662843337456,190,6,0,9
150,"1979-01-18, 1981-10-06, 1981-11-18, 1986-08-01, 1988-05-24, 1989-11-20, 1994-12-29, 1997-08-17, 1997-10-25, 2003-02-25, 2005-09-08, 2009-09-20, 2012-01-19, 2014-06-16, 2014-08-25","-1,-1,1,-1,1,-1,1,1,1,-1,-1,1,1,-1,-1",0.6847551929576287,-0.22097989959830955,190,6,0,8
151,"1979-05-07, 1985-02-17, 1989-06-16, 1989-06-26, 1992-11-04, 1994-07-12, 1995-08-04, 1997-06-26, 2001-03-14, 2003-02-26, 2003-04-11, 2006-03-17, 2009-01-07, 2013-10-14, 2016-08-03","1,1,1,1,1,1,-1,1,-1,1,1,-1,1,-1,1",0.6841205662389271,-0.2054137116126644,190,9,0,5
152,"1984-03-25, 1986-05-02, 1988-04-25, 1995-11-11, 1997-06-02, 2000-08-06, 2007-11-15, 2017-02-16, 2017-09-28, 2018-09-26, 2019-01-08, 2019-09-26, 2020-11-09, 2021-05-15, 2021-10-11","1,1,-1,-1,-1,1,1,1,-1,-1,1,-1,-1,-1,-1",0.7149746969255408,-0.3685243623859412,190,9,0,6
153,"1987-06-10, 1989-04-23, 1991-05-18, 1991-11-23, 1996-12-28, 1999-09-04, 2001-11-24, 2005-08-28, 2008-03-06, 2008-07-09, 2012-07-15, 2017-10-28, 2018-12-20, 2020-01-08, 2021-03-09","1,-1,1,-1,-1,1,1,1,1,1,-1,1,1,-1,-1",0.6832818309502722,-0.2285567475979493,190,8,0,7
154,"1982-06-10, 1985-11-07, 1988-07-11, 1989-10-15, 1995-06-23, 1998-01-07, 2000-10-26, 2002-06-13, 2002-11-18, 2007-02-16, 2008-08-28, 2009-07-15, 2011-08-20, 2020-11-12, 2021-09-15","-1,-1,1,1,1,-1,-1,1,1,-1,1,-1,1,1,-1",0.6813215558472077,-0.2190680153385892,190,12,0,3
155,"1979-08-18, 1980-03-31, 1983-12-14, 1986-04-18, 1986-08-24, 1988-05-11, 1991-07-06, 1998-05-19, 1999-12-31, 2000-01-28, 2000-12-28, 2002-05-20, 2002-07-31, 2008-07-31, 2020-02-20","1,1,-1,-1,1,-1,1,1,1,1,-1,1,1,1,1",0.6863885279593349,-0.22385289749754414,190,10,0,5
156,"1979-04-01, 1980-07-02, 1981-09-30, 1983-08-12, 1984-12-12, 1986-11-01, 1994-01-10, 1994-05-14, 1996-12-05, 1999-10-07, 2001-10-16, 2010-02-05, 2010-12-24, 2012-10-28, 2016-07-12","1,-1,-1,1,-1,1,1,1,-1,1,-1,1,1,1,1",0.6804076860395716,-0.20552892740903783,190,8,0,7
157,"1979-05-28, 1989-10-30, 1991-08-28, 1991-10-26, 1991-12-11, 1992-05-26, 2001-01-30, 2012-05-10, 2012-10-15, 2014-08-19, 2015-10-18, 2015-11-08, 2016-08-07, 2017-09-25, 2017-10-21","1,1,-1,-1,-1,-1,1,1,1,-1,-1,-1,-1,1,-1",0.6790431804234778,-0.21894832740887837,190,6,0,8
158,"1979-06-06, 1988-04-16, 1990-03-31, 1997-10-23, 2003-11-15, 2005-03-14, 2009-05-31, 2011-09-01, 2011-11-06, 2011-11-14, 2013-11-29, 2015-02-18, 2016-06-18, 2017-03-08, 2019-02-21","-1,1,1,-1,1,1,1,-1,-1,1,-1,-1,1,1,-1",0.6846288489416592,-0.2340660779337743,190,9,0,5
159,"1981-10-24, 1982-01-29, 1983-06-12, 1983-08-17, 1988-10-06, 1990-01-03, 1991-09-27, 1994-02-05, 1995-06-25, 1996-05-15, 2004-01-12, 2005-06-02, 2013-09-14, 2016-05-31, 2021-04-23","1,-1,1,-1,1,1,-1,-1,-1,-1,-1,1,-1,-1,1",0.6815524757841437,-0.22426264196633558,190,6,0,9
160,"1986-03-03, 1986-08-20, 1993-12-05, 1999-07-14, 2001-02-17, 2002-09-22, 2005-04-18, 2007-02-24, 2009-05-01, 2009-07-14, 2014-01-10, 2014-01-26, 2016-06-15, 2018-12-15, 2019-04-10","-1,-1,1,1,1,1,1,-1,-1,-1,-1,-1,-1,1,1",0.6856995166120785,-0.23355750166295436,190,6,0,9
161,"1979-10-06, 1984-06-07, 1985-03-12, 1986-05-16, 1991-11-05, 1991-12-28, 1993-03-14, 1995-04-01, 1997-08-02, 2003-01-07, 2003-05-25, 2007-07-23, 2010-03-13, 2012-08-25, 2015-03-11","-1,-1,1,1,1,1,-1,-1,-1,1,-1,1,1,1,-1",0.6817632125942987,-0.2202248726235114,190,9,0,5
162,"1982-07-28, 1984-04-30, 1986-03-25, 1989-12-27, 1994-07-14, 2005-10-25, 2006-12-20, 2012-07-21, 2014-04-19, 2014-05-18, 2015-12-04, 2017-02-05, 2017-08-29, 2018-06-04, 2021-05-01","1,1,1,-1,-1,-1,1,-1,1,1,-1,-1,-1,1,-1",0.6757731149314485,-0.2145844838890542,190,6,0,9
163,"1981-01-15, 1984-10-06, 1985-06-16, 1986-12-16, 1987-01-10, 1988-03-03, 1989-05-09, 1991-12-20, 1997-10-30, 1998-05-29, 1999-08-11, 2003-06-16, 2012-05-04, 2014-07-06, 2020-02-18","1,1,-1,1,-1,1,1,1,-1,1,-1,-1,1,-1,-1",0.6909826699079931,-0.21314034290663136,190,7,0,8
164,"1979-11-23, 1982-02-24, 1982-05-29, 1983-02-07, 1987-03-04, 1988-10-09, 1993-09-11, 1993-10-02, 1999-12-18, 2009-04-04, 2010-03-10, 2010-10-20, 2011-01-28, 2011-12-04, 2013-07-05","-1,-1,-1,1,-1,-1,-1,-1,1,1,1,-1,-1,-1,1",0.684844449537355,-0.23628658376340853,190,5,0,10
165,"1979-04-18, 1982-11-23, 1983-07-10, 1984-02-08, 1985-05-11, 1989-09-07, 1996-08-22, 2000-05-17, 2004-09-27, 2004-10-10, 2005-02-17, 2018-10-15, 2018-11-21, 2021-03-06, 2021-09-05","-1,-1,-1,1,-1,1,1,-1,-1,1,-1,-1,-1,-1,-1",0.7119611016800103,-0.3626182089618448,190,12,0,2
166,"1981-04-18, 1982-05-20, 1983-03-23, 1990-03-31, 1991-12-13, 1993-05-02, 1995-09-16, 2001-08-13, 2006-04-23, 2010-03-14, 2011-07-13, 2012-11-16, 2013-08-19, 2016-12-14, 2018-04-17","1,1,1,1,1,-1,-1,-1,1,1,-1,1,1,1,1",0.6772182493224772,-0.21453354018399587,190,7,0,8
167,"1979-06-28, 1981-03-22, 1983-12-01, 1987-06-30, 1992-04-11, 1994-05-02, 1994-12-14, 1996-07-12, 1996-08-11, 1997-12-11, 1999-12-11, 2011-07-15, 2015-10-07, 2015-11-29, 2019-04-10","-1,-1,-1,1,-1,1,-1,1,1,-1,-1,1,1,-1,1",0.6813237032914048,-0.230895018370882,190,9,0,4
168,"1982-02-23, 1982-08-21, 1984-03-07, 1992-05-04, 1998-03-04, 1998-04-02, 1998-07-17, 2000-10-31, 2001-03-12, 2003-12-25, 2010-02-09, 2010-08-12, 2012-11-09, 2017-01-04, 2020-05-25","1,-1,1,1,-1,-1,1,1,1,-1,1,-1,-1,-1,1",0.6863535264366851,-0.22906137356592088,190,11,0,4
169,"1979-04-07, 1980-05-17, 1982-08-31, 1989-11-28, 1995-09-20, 1996-09-11, 1999-03-28, 2001-03-06, 2005-07-08, 2006-12-07, 2008-08-13, 2014-12-07, 2016-11-13, 2016-11-26, 2017-10-18","1,1,-1,-1,1,-1,-1,1,1,1,-1,1,1,1,1",0.6828663410472207,-0.2117079181447606,190,7,0,7
170,"1982-12-16, 1985-09-24, 1990-03-17, 1991-10-28, 1993-08-09, 1994-11-04, 1997-05-14, 1998-09-13, 2000-12-18, 2007-01-05, 2013-12-11, 2014-05-06, 2018-09-20, 2019-01-11, 2021-02-17","-1,1,-1,1,-1,1,-1,1,1,1,-1,1,1,1,-1",0.68417715111999855,-0.24926099694878798,190,5,0,10
171,"1986-03-08, 1986-07-19, 1986-09-18, 1990-10-17, 1993-10-27, 1994-08-26, 1995-10-26, 1998-01-19, 1999-08-08, 2000-06-12, 2002-10-12, 2003-10-29, 2005-09-23, 2006-03-02, 2018-12-23","1,1,1,-1,-1,1,1,1,-1,1,-1,1,-1,1,1",0.6820606450429594,-0.20153869205846975,190,6,0,9
172,"1985-09-24, 1989-08-26, 1993-06-03, 1994-02-10, 1995-05-23, 1996-04-14, 2002-01-21, 2005-03-30, 2008-11-23, 2009-02-21, 2010-08-19, 2012-01-04, 2015-12-01, 2020-01-20, 2020-06-19","-1,1,-1,1,1,-1,1,1,-1,1,1,1,-1,1,1",0.6784705178418914,-0.21391605012102616,190,3,0,12
173,"1987-04-13, 1987-09-01, 1992-07-26, 1996-01-08, 1996-09-24, 2003-04-12, 2005-09-14, 2005-11-02, 2007-04-27, 2007-09-30, 2010-07-01, 2010-07-08, 2011-04-27, 2016-10-23, 2017-04-14","1,1,1,1,-1,-1,1,1,1,-1,-1,-1,1,1,-1",0.6862746833153733,-0.22051519891778298,190,7,0,8
174,"1980-07-01, 1980-07-22, 1983-11-01, 1985-04-05, 1996-09-09, 1998-04-03, 2003-02-18, 2003-05-29, 2004-01-22, 2005-05-18, 2005-11-09, 2014-06-11, 2015-03-01, 2016-01-16, 2020-11-28","-1,-1,1,-1,1,1,1,1,-1,-1,-1,1,-1,-1,1",0.6728287033687688,-0.20505020373520363,190,8,0,7
175,"1984-07-12, 1984-11-19, 1985-04-27, 1989-07-14, 1989-09-24, 1990-07-20, 1992-03-30, 1994-03-06, 1998-07-11, 2006-01-02, 2009-08-21, 2012-07-11, 2013-04-10, 2015-12-27, 2021-05-04","1,-1,1,-1,-1,-1,1,-1,-1,-1,1,-1,-1,1,1",0.6820737699029982,-0.2296075078851676,190,11,0,3
176,"1988-09-13, 1993-02-13, 1993-03-19, 1993-12-14, 1995-10-29, 1995-11-03, 1996-04-11, 1999-07-29, 2000-07-12, 2004-07-01, 2007-09-19, 2011-03-05, 2016-06-28, 2017-12-06, 2018-10-24","-1,1,-1,1,-1,1,1,1,-1,1,-1,1,1,1,-1",0.6853736581268951,-0.23657225314261907,190,8,0,5
177,"1979-11-26, 1984-11-15, 1986-05-14, 1987-03-27, 1989-01-06, 1994-03-04, 2005-05-06, 2007-07-27, 2008-07-01, 2010-06-17, 2010-10-12, 2012-03-01, 2013-05-25, 2017-08-07, 2019-01-18","-1,-1,-1,-1,1,-1,1,1,-1,1,1,1,1,-1,1",0.6819605441800761,-0.22329879478776496,190,3,0,12
178,"1987-02-23, 1990-05-20, 1994-02-10, 1994-08-03, 1995-12-12, 1997-12-31, 2000-01-05, 2001-06-14, 2001-07-16, 2008-06-18, 2013-10-17, 2015-05-13, 2016-12-02, 2018-12-24, 2019-07-24","-1,1,1,1,-1,-1,1,1,1,1,-1,-1,1,1,-1",0.6819628544588658,-0.22426559113434674,190,8,0,7
179,"1981-10-13, 1982-10-12, 1983-02-12, 1983-10-23, 1985-05-09, 1991-09-13, 1998-07-29, 2000-07-02, 2002-05-11, 2003-08-09, 2006-10-07, 2007-12-26, 2010-12-16, 2016-07-05, 2016-08-14","-1,1,-1,1,1,1,1,1,-1,-1,-1,1,1,1,-1",0.6912048607549937,-0.24293738935545056,190,10,0,4
180,"1984-02-25, 1985-10-12, 1987-05-21, 1994-09-12, 1999-12-23, 2003-10-08, 2003-12-10, 2007-12-03, 2008-05-10, 2008-11-07, 2014-06-13, 2015-08-19, 2017-08-24, 2019-03-27, 2021-10-02","1,1,-1,1,-1,-1,1,1,-1,-1,-1,-1,1,1,-1",0.6906474004544989,-0.21629026193379688,190,6,0,8
181,"1979-07-17, 1979-08-13, 1980-12-09, 1986-04-19, 1994-12-27, 1999-12-24, 2000-03-21, 2004-07-12, 2008-12-02, 2009-03-15, 2013-04-24, 2016-11-05, 2017-04-18, 2018-09-30, 2019-08-16","-1,1,1,-1,-1,-1,-1,1,-1,1,-1,1,-1,-1,1",0.6952474901357515,-0.2496567387785512,190,7,0,8
182,"1980-03-10, 1980-11-22, 1984-04-23, 1984-11-09, 1985-07-21, 1985-09-04, 1995-09-25, 1997-02-25, 2001-09-10, 2002-06-05, 2002-11-25, 2010-10-30, 2015-03-06, 2016-01-04, 2020-06-12","1,-1,-1,-1,-1,1,1,1,-1,1,1,1,1,-1,-1",0.6730490648029896,-0.20535890862932007,190,10,0,5
183,"1981-06-17, 1984-07-04, 1985-12-23, 1987-11-27, 1989-01-17, 1992-09-19, 1993-07-17, 2001-03-11, 2001-10-13, 2005-11-21, 2010-10-26, 2017-06-24, 2017-07-21, 2018-05-24, 2020-08-18","-1,1,1,1,1,-1,1,-1,1,1,1,1,-1,1,1",0.6790845202316029,-0.21258385759418288,190,5,0,10
184,"1979-02-11, 1981-01-10, 1984-08-29, 1985-07-03, 1985-11-24, 1990-09-09, 1994-03-19, 1995-01-03, 1997-09-23, 1999-10-21, 2004-06-25, 2009-08-22, 2015-12-29, 2017-02-08, 2018-04-14","1,1,1,1,1,-1,1,-1,-1,-1,1,-1,-1,1,-1",0.6878647163792826,-0.22565501884644956,190,8,0,7
185,"1984-05-13, 1987-04-29, 1989-08-01, 1990-06-13, 1993-01-06, 1994-05-23, 1994-12-23, 1996-04-19, 2005-01-21, 2008-02-02, 2008-12-18, 2009-10-02, 2015-10-13, 2017-11-11, 2018-12-01","-1,1,-1,1,-1,1,1,1,1,1,1,1,-1,-1,-1",0.6878233462975327,-0.24853478214211625,190,10,0,5
186,"1981-05-04, 1985-12-26, 1989-02-21, 1990-04-11, 1997-04-16, 2001-03-01, 2001-11-24, 2002-04-01, 2006-12-10, 2010-12-23, 2011-11-03, 2012-01-07, 2012-04-12, 2012-05-07, 2017-11-21","-1,-1,-1,-1,1,-1,1,-1,1,1,1,1,-1,1,1",0.6729744824369527,-0.2140596991135958,190,9,0,5
187,"1979-10-31, 1982-06-14, 1984-04-17, 1984-06-13, 1986-10-22, 1989-04-06, 1994-01-31, 1994-11-07, 1995-04-18, 2000-10-29, 2001-11-07, 2002-10-17, 2012-12-26, 2019-12-03, 2020-09-03","-1,1,1,-1,1,-1,1,1,1,-1,1,1,-1,-1,1",0.7132281602810207,-0.34579641308677206,190,9,0,5
188,"1979-12-30, 1980-03-19, 1982-11-07, 1984-01-08, 1984-09-13, 1985-03-24, 1985-05-14, 1989-09-27, 1992-09-17, 2000-12-12, 2004-03-31, 2010-09-28, 2013-03-09, 2015-07-28, 2020-11-25","1,-1,-1,-1,1,1,1,1,-1,-1,1,1,1,-1,1",0.6767494823858818,-0.2108257845747072,190,10,0,5
189,"1980-01-08, 1986-07-06, 1986-07-16, 1991-01-02, 1991-01-18, 1991-06-17, 1993-06-17, 1995-03-21, 1998-09-30, 2000-04-03, 2000-07-18, 2001-07-20, 2002-11-01, 2006-06-12, 2019-11-24","-1,1,-1,1,-1,-1,1,1,1,1,-1,1,1,-1,1",0.6794684184276799,-0.20607474834875916,190,5,0,9
190,"1980-01-29, 1981-04-08, 1982-06-30, 1983-01-14, 1984-05-29, 1985-03-07, 1986-01-26, 1991-04-11, 1991-09-08, 1991-12-20, 2000-08-30, 2011-03-07, 2013-03-08, 2015-02-06, 2016-06-15","1,1,-1,1,1,-1,1,-1,-1,1,1,-1,-1,-1,-1",0.6765634872573315,-0.19679448800088156,190,7,0,8
191,"1985-11-26, 1991-01-05, 1991-10-28, 1992-11-30, 1993-12-06, 1996-08-22, 1997-05-01, 1998-10-05, 2004-03-08, 2010-08-19, 2010-11-11, 2012-09-13, 2015-06-18, 2015-07-18, 2016-05-13","1,-1,-1,-1,-1,-1,1,-1,-1,1,1,-1,1,-1,-1",0.6831727536109263,-0.21230908636432655,190,10,0,5
192,"1979-06-10, 1985-11-15, 1989-09-14, 1998-08-10, 1999-02-14, 2001-02-20, 2001-03-02, 2005-12-19, 2007-01-09, 2007-03-26, 2009-05-13, 2011-04-13, 2015-04-27, 2016-06-19, 2020-10-07","1,1,-1,-1,-1,-1,1,-1,1,1,-1,1,-1,-1,1",0.6790678354806376,-0.18297475062329618,190,7,0,8
193,"1982-05-11, 1982-11-29, 1984-10-15, 1987-01-09, 1992-12-15, 1993-07-22, 1995-04-28, 1996-09-05, 1999-10-21, 2001-04-26, 2004-05-18, 2004-10-07, 2016-08-24, 2017-02-27, 2020-10-07","1,1,-1,-1,1,-1,1,1,-1,-1,-1,1,-1,-1,-1",0.6837740341057672,-0.20327883832604857,190,7,0,8
194,"1981-11-01, 1987-06-11, 1988-02-05, 1992-08-30, 1998-05-10, 2007-04-10, 2011-03-28, 2011-04-08, 2011-10-12, 2012-03-07, 2012-04-23, 2012-07-24, 2017-05-30, 2017-09-27, 2018-04-17","1,-1,-1,1,-1,-1,1,1,-1,-1,-1,-1,1,-1,-1",0.6849747711912999,-0.22768359077878625,190,8,0,7
195,"1980-04-26, 1988-08-11, 1990-07-07, 1992-10-17, 1995-08-09, 1997-06-09, 1997-08-08, 1997-10-02, 2002-04-05, 2004-08-29, 2009-02-11, 2009-08-07, 2011-11-22, 2013-07-18, 2021-02-24","-1,-1,-1,-1,1,-1,-1,-1,1,1,-1,1,-1,-1,1",0.6756145072985968,-0.19815171214734964,190,6,0,9
196,"1981-07-21, 1982-01-20, 1982-08-20, 1985-09-15, 1986-07-29, 1986-09-10, 1995-12-01, 1997-02-26, 2003-03-19, 2003-09-09, 2004-06-28, 2007-11-06, 2010-06-07, 2012-09-21, 2015-08-06","-1,-1,-1,1,-1,-1,-1,-1,-1,1,1,1,-1,-1,-1",0.6841589514109457,-0.22551594832053076,190,6,0,9
197,"1979-01-18, 1982-06-21, 1984-01-06, 1987-10-16, 1988-04-13, 1989-07-05, 1990-07-26, 1990-08-14, 1993-04-26, 1998-03-21, 1999-11-30, 2000-08-18, 2002-08-02, 2009-09-28, 2020-02-06","1,1,1,1,1,-1,1,1,1,1,1,1,1,-1,-1",0.6836500506573159,-0.2127124552816464,190,5,0,9
198,"1979-09-03, 1980-02-09, 1990-04-18, 1990-09-18, 1993-05-11, 1993-11-11, 1994-03-25, 1994-11-09, 1997-07-22, 2002-05-18, 2005-11-03, 2011-06-26, 2015-07-13, 2017-04-04, 2017-06-07","-1,-1,-1,-1,1,1,-1,-1,-1,-1,-1,-1,-1,-1,-1",0.6764207778717266,-0.19705720946070354,190,9,0,5
199,"1980-08-18, 1981-12-27, 1982-12-20, 1983-07-13, 1986-08-26, 1990-12-30, 1993-05-18, 1998-02-04, 1998-06-02, 1999-06-22, 2000-04-16, 2009-06-21, 2012-08-17, 2013-11-09, 2021-09-22","1,-1,-1,-1,1,-1,-1,-1,1,-1,1,-1,1,1,1",0.6818733798920911,-0.21274501298626036,190,6,0,9
200,"1984-06-26, 1985-06-26, 1987-10-31, 1987-12-30, 1989-04-29, 1992-10-11, 1996-04-20, 1996-05-23, 1997-02-01, 2003-03-31, 2004-10-10, 2005-09-12, 2006-12-12, 2011-02-26, 2011-11-20","-1,-1,-1,-1,1,1,1,-1,-1,1,1,-1,1,-1,-1",0.6732600349943512,-0.2019043275847075,190,7,0,6
