"draw","success","fail_reason","n_surviving_knots","surviving_knots","cci_min","cci_max","n_obs","lambda","ols_nla_y","ols_ilfa_y","ols_ln_yp_over_y","ols_yp_x_cci","ols_ha_x_cci","ols_hp_x_1_minus_cci","gamma_nla_y","gamma_ilfa_y","gamma_ln_yp_over_y","gamma_yp_x_cci","gamma_ha_x_cci","gamma_hp_x_1_minus_cci"
1,TRUE,NA,6,"sdmma_1993_01;sdmma_2007_09;sdmma_2009_01;sdmma_2019_01;sdmma_2020_04;sdmma_2021_12",-0.0377152843693734,0,151,-0.213908904302696,0.0100552849417212,-0.000733332306074789,0.179606214010147,-8.27796267974244,0.128369043444643,0.0298444094016604,0.0470073229279519,-0.00342824581550412,0.839638792015837,-38.6985418242736,0.600110798861331,0.139519247686054
2,TRUE,NA,7,"sdmma_1990_09;sdmma_1993_01;sdmma_2007_09;sdmma_2008_12;sdmma_2014_12;sdmma_2017_03;sdmma_2019_01",-0.0719776851522083,0,151,-0.251279947337912,0.00364237827042242,-0.00165655950857101,0.18163274333984,-3.33702867510626,-0.129814158403196,0.0163479564735042,0.0144953001980866,-0.00659248589519692,0.722830234820078,-13.2801232667355,-0.516611690580415,0.0650587388555923
3,TRUE,NA,8,"sdmma_1992_01;sdmma_1993_01;sdmma_2007_09;sdmma_2008_12;sdmma_2014_12;sdmma_2019_01;sdmma_2020_04;sdmma_2021_12",-0.0639077742600082,0,151,-0.168758605355533,0.0045111252244047,0.000798252489844075,0.0408937896938635,-6.03250248790794,0.0770345952185575,0.0381115089982342,0.026731230771319,0.00473014391273472,0.242321211458879,-35.7463400174405,0.456478027039063,0.225834462888234
4,TRUE,NA,6,"sdmma_1990_09;sdmma_2007_09;sdmma_2009_01;sdmma_2019_01;sdmma_2020_04;sdmma_2021_12",-0.0255416070522139,0,151,-0.151314996812674,0.0332351522531193,0.0102466021342749,0.0574406260714307,-18.6934815653514,0.0481401393114793,0.0361531765856697,0.219642156780164,0.0677170297069766,0.379609604344384,-123.540177504638,0.318145195952231,0.238926592520284
5,TRUE,NA,6,"sdmma_2007_09;sdmma_2009_01;sdmma_2014_12;sdmma_2019_01;sdmma_2020_04;sdmma_2021_12",-0.0510312342586212,0,151,-0.0878742006703092,0.0311548438194124,0.0170128175377549,0.038380903011175,-6.16152123200789,-0.0486286076892711,0.0263847350233311,0.3545391432498,0.193604236601644,0.436771005806066,-70.1175223786671,-0.553388905029342,0.300255761327749
6,TRUE,NA,8,"sdmma_1992_01;sdmma_1993_01;sdmma_2007_09;sdmma_2008_12;sdmma_2014_12;sdmma_2019_01;sdmma_2020_04;sdmma_2021_12",-0.0709750621088106,0,151,-0.103450497756027,0.0268104609391456,0.0141238098372451,0.0187752589512586,-0.959969913956677,-0.115447407237278,0.0263629487269639,0.259162222712298,0.136527229386117,0.181490271758162,-9.27950986007457,-1.11596763419682,0.254836364239997
7,TRUE,NA,6,"sdmma_1993_01;sdmma_2009_01;sdmma_2017_03;sdmma_2019_01;sdmma_2020_04;sdmma_2021_12",-0.919790826284438,1,151,-0.106823853397558,0.0014003652126604,0.00131712834374734,0.121879433214408,-0.159487371967872,0.00947248648347321,0.0227950679355483,0.0131091059545359,0.0123299085537149,1.14093837039203,-1.49299399801952,0.0886738886699788,0.213389305951299
8,TRUE,NA,3,"sdmma_2019_01;sdmma_2020_04;sdmma_2021_12",-0.0356605041752909,0,151,-0.156621728123253,0.0161650273466724,0.00329706815627388,0.13025736916656,-9.54497641354995,-0.397024318375616,0.0292137658076305,0.103210630736697,0.0210511542413787,0.831668573239434,-60.9428623213669,-2.53492489920159,0.18652434855425
9,TRUE,NA,6,"sdmma_2007_09;sdmma_2008_12;sdmma_2014_12;sdmma_2019_01;sdmma_2020_04;sdmma_2021_12",-0.081914759630003,0,151,-0.145955241488922,0.0125195847446187,0.00117797138137221,0.0984251190766146,-6.77250996839429,-0.03224031479586,0.0429794782057668,0.0857768766431654,0.00807077134987043,0.674351383839029,-46.4012795930203,-0.220891791668249,0.294470262029122
10,TRUE,NA,2,"sdmma_2019_01;sdmma_2020_04",-11.2149857550862,1,151,-0.201331678328602,0.00642118873005333,0.00901089280244515,0.196717350762374,-0.0863467762347323,0.00124759419381857,-0.00713779335131759,0.0318935836792312,0.0447564579863984,0.977080966072827,-0.428878241872112,0.00619671084141226,-0.0354529074141412
11,TRUE,NA,4,"sdmma_2007_09;sdmma_2009_01;sdmma_2019_01;sdmma_2020_04",-0.045947748048413,0,151,-0.185977154168685,-0.00613334726667906,-0.00872215324107871,0.155925810379961,-3.68536479559372,0.164147661167317,0.0301360490691915,-0.0329790360224353,-0.0468990574679273,0.838413788386788,-19.8162231918606,0.882622717295866,0.1620416722898
12,TRUE,NA,7,"sdmma_2007_09;sdmma_2008_12;sdmma_2014_12;sdmma_2017_03;sdmma_2019_01;sdmma_2020_04;sdmma_2021_12",-0.05617807645703,0,151,-0.124755575747692,0.00797786442940029,0.00129990826429688,0.0595448451391696,0.862306630408804,-0.211528658386876,0.0173987712605672,0.0639479588915119,0.0104196406173127,0.477292055143045,6.91196866545469,-1.69554472510852,0.139462874956025
13,TRUE,NA,6,"sdmma_1992_01;sdmma_2007_09;sdmma_2009_01;sdmma_2014_12;sdmma_2019_01;sdmma_2020_04",-0.0731323753788942,0,151,-0.247367559833691,-0.0157575251508849,0.00394165406729375,0.195990508760715,-2.26116640864989,-0.194050902197758,0.0167583496536242,-0.0637008553647007,0.0159344017054774,0.792304815119987,-9.14091730609344,-0.784463825120083,0.0677467557382669
14,TRUE,NA,6,"sdmma_2007_09;sdmma_2009_01;sdmma_2014_12;sdmma_2019_01;sdmma_2020_04;sdmma_2021_12",-36.0907958265018,1,151,-0.0684008076140714,-0.00352128851928,0.00111054791185172,0.0243913285774621,-0.00529974891012587,-0.00067828806670992,-0.000563496262871978,-0.0514802184668299,0.0162358888818626,0.356594160628657,-0.0774807943793284,-0.00991637511850639,-0.00823815218749048
15,TRUE,NA,7,"sdmma_1993_01;sdmma_2007_09;sdmma_2009_01;sdmma_2014_12;sdmma_2019_01;sdmma_2020_04;sdmma_2021_12",-0.0652414984361765,0,151,-0.224187893666353,-0.000478611022044574,0.00213159588990272,0.111731497640686,-6.3021107705036,-0.248318621688101,0.00328335267401179,-0.00213486559964235,0.00950807759974347,0.498383279370874,-28.1108433976489,-1.10763617797159,0.0146455395976833
16,TRUE,NA,7,"sdmma_1993_01;sdmma_2007_09;sdmma_2008_12;sdmma_2014_12;sdmma_2019_01;sdmma_2020_04;sdmma_2021_12",-0.0683078161180879,0,151,-0.14718469700201,0.00511536460670869,0.00230793707389874,0.0569966018422875,-1.95787164303962,-0.0307511930789849,0.0279605111688596,0.0347547313742735,0.0156805504981759,0.387245433820537,-13.3021413429474,-0.208929282088103,0.189968874063571
17,TRUE,NA,8,"sdmma_1990_09;sdmma_1993_01;sdmma_2007_09;sdmma_2009_01;sdmma_2014_12;sdmma_2019_01;sdmma_2020_04;sdmma_2021_12",-0.0890306775753175,0,151,-0.211506680232845,-0.000961537335127201,0.00122711122772193,0.0382772351105688,-6.65975074796153,0.118665937559828,0.0310516691782578,-0.004546132226503,0.00580176109034013,0.18097411896603,-31.4871886818417,0.56105054189868,0.146811765680751
18,TRUE,NA,5,"sdmma_2007_09;sdmma_2014_12;sdmma_2019_01;sdmma_2020_04;sdmma_2021_12",-0.0749050782388995,0,151,-0.0747439259063441,-0.0188161963651317,-0.00144368424011747,-0.00106262727001197,-0.433631323515732,-0.301703221238117,0.00782751227975656,-0.251742146762653,-0.0193150710591044,-0.0142169046798996,-5.80155936763453,-4.03649149519064,0.104724393117437
19,TRUE,NA,6,"sdmma_1993_01;sdmma_2007_09;sdmma_2009_01;sdmma_2019_01;sdmma_2020_04;sdmma_2021_12",-4.65900880360898,1,151,-0.193512019478101,0.00255332889522241,0.00248582165116044,0.137321671169067,-0.110124453558918,0.000286553493153256,0.00715966025215107,0.0131946785636814,0.0128458255867757,0.70962863980967,-0.569083273772462,0.00148080462353753,0.0369985299696657
20,TRUE,NA,6,"sdmma_1993_01;sdmma_2007_09;sdmma_2009_01;sdmma_2014_12;sdmma_2019_01;sdmma_2020_04",-0.0498835525943566,0,151,-0.116107283753945,-0.00825627427827134,-0.00144911490696998,0.0431123613512367,-6.62607603083486,-0.404916720067526,0.00126972859612397,-0.0711090123834787,-0.012480826870784,0.371314873256364,-57.068564663668,-3.48743599002477,0.010935822069654
21,TRUE,NA,5,"sdmma_1992_01;sdmma_2008_12;sdmma_2014_12;sdmma_2019_01;sdmma_2020_04",-0.0487369366138069,0,151,-0.176164653860261,0.00452421727845962,0.0138879617026844,0.18756117393258,-9.57057732418648,-0.271366638823715,-0.00623030914882686,0.0256817538553924,0.0788351204305762,1.0646924330312,-54.3274551078684,-1.54041479307746,-0.0353663973578317
22,TRUE,NA,8,"sdmma_1992_01;sdmma_1993_01;sdmma_2007_09;sdmma_2009_01;sdmma_2014_12;sdmma_2017_03;sdmma_2019_01;sdmma_2020_04",-0.0624255508538794,0,151,-0.395910701559586,0.0202908646090184,0.000673962584040841,0.335979756986573,-12.0101605025604,0.211943878133954,0.0423993500212436,0.0512511142767495,0.00170230958998063,0.84862509566695,-30.3355288332686,0.535332531550819,0.107093215349377
23,TRUE,NA,6,"sdmma_1993_01;sdmma_2009_01;sdmma_2014_12;sdmma_2017_03;sdmma_2019_01;sdmma_2020_04",-0.093138901580264,0,151,-0.272205284823995,-0.0364881753196237,-0.0111456794956727,0.26927436442578,-2.94859811635605,-0.188638195769864,-0.000611769586334719,-0.134046535294921,-0.0409458600441185,0.989232683707409,-10.8322588896927,-0.692999755283356,-0.00224745668229874
24,TRUE,NA,5,"sdmma_1993_01;sdmma_2007_09;sdmma_2008_12;sdmma_2019_01;sdmma_2020_04",-0.053167539160688,0,151,-0.0721798211740231,-0.0271069230478509,-0.00823060636531967,-0.0207596312920027,2.93591674728186,-0.309311296808435,0.00305595161237778,-0.375547107307138,-0.114029187540877,-0.287609901969027,40.6750349270535,-4.28528765765014,0.042338032467689
25,TRUE,NA,3,"sdmma_1993_01;sdmma_2019_01;sdmma_2020_04",-0.0461455972802379,0,151,-0.117395294535008,0.00249974493574728,0.0118507898611386,0.0711233302618501,-8.9890810072755,-0.924119552997212,-0.0355040217098873,0.0212933997537852,0.100947741628644,0.605844812976218,-76.5710503379237,-7.87186195713859,-0.302431386628531
26,TRUE,NA,4,"sdmma_1993_01;sdmma_2009_01;sdmma_2019_01;sdmma_2020_04",-0.0397572445536907,0,151,-0.120971412216966,0.00145782679175052,0.00901651550695133,0.180022159029159,17.2373796160399,0.781070368520276,0.0334185818368825,0.012051002505748,0.0745342667470886,1.48813802972131,142.491348163516,6.4566524785162,0.276251894761263
27,TRUE,NA,5,"sdmma_1993_01;sdmma_2008_12;sdmma_2014_12;sdmma_2019_01;sdmma_2020_04",-0.0422588879990009,0,151,-0.141372000011547,0.00166595476003959,-0.00157212318422843,0.0958195201744132,-12.1743155575543,-0.40483972265623,-0.00659537993386447,0.0117841917770387,-0.0111204707021194,0.677782871902407,-86.1154652728965,-2.86364854867416,-0.0466526605928032
28,TRUE,NA,8,"sdmma_1992_01;sdmma_1993_01;sdmma_2007_09;sdmma_2009_01;sdmma_2014_12;sdmma_2017_03;sdmma_2019_01;sdmma_2020_04",-0.0842034348171401,0,151,-0.237002031185189,-0.00402696451299099,-0.00308799085116148,0.185972253313716,-4.1318976716459,-0.104695014637826,-0.0052408185117202,-0.0169912658252468,-0.013029385595217,0.784686326879623,-17.4340179743747,-0.441747330663252,-0.0221129687602767
29,TRUE,NA,6,"sdmma_1993_01;sdmma_2007_09;sdmma_2008_12;sdmma_2019_01;sdmma_2020_04;sdmma_2021_12",-0.0277423561034818,0,151,-0.133006499466802,0.0263425198489194,0.00750774999140488,0.105585857007028,0.618600859978205,-0.102987036698364,0.0294492197882432,0.198054380459012,0.0564464896189436,0.793839830612051,4.65090700422955,-0.774300783128791,0.221411885180795
30,TRUE,NA,6,"sdmma_1992_01;sdmma_1993_01;sdmma_2009_01;sdmma_2014_12;sdmma_2019_01;sdmma_2020_04",-0.065161204936779,0,151,-0.182388240477377,0.0091742966878459,0.00498143393061507,0.127875522046116,-3.96402201965272,-0.19891357573809,0.0225903487974938,0.0503009221638051,0.0273122538908037,0.701117142812603,-21.7339780748881,-1.09060526718971,0.123858581772414
31,TRUE,NA,8,"sdmma_1992_01;sdmma_1993_01;sdmma_2007_09;sdmma_2009_01;sdmma_2014_12;sdmma_2017_03;sdmma_2019_01;sdmma_2020_04",-17.3398717178213,1,151,-0.217347157835034,0.0165511747966717,-0.000219465257735197,0.0690099682189679,-0.032583935940673,0.000325208237836862,0.00262982180530622,0.0761508683229894,-0.00100974523854492,0.317510331887322,-0.149916549474294,0.00149626174584576,0.0120996374256812
32,TRUE,NA,4,"sdmma_2007_09;sdmma_2009_01;sdmma_2019_01;sdmma_2020_04",-0.026528964682482,0,151,-0.106874738431801,-0.00352699326995317,-0.000981755592039262,0.080213682123053,-6.24034323354778,-0.707494475741046,-0.00207053006330096,-0.0330011873872686,-0.00918603971756847,0.750539213475964,-58.3893193575383,-6.61984755352188,-0.0193734281241981
33,TRUE,NA,5,"sdmma_1993_01;sdmma_2008_12;sdmma_2019_01;sdmma_2020_04;sdmma_2021_12",-0.0353036378822206,0,151,-0.173030348175144,0.0260556113268604,0.00801645597275673,0.0461113024175398,-27.9635483162015,0.261147437469337,0.054249196154482,0.150584054194277,0.0463297684903365,0.266492571412186,-161.610657385353,1.50925800140562,0.313524169179676
34,TRUE,NA,4,"sdmma_2007_09;sdmma_2009_01;sdmma_2019_01;sdmma_2020_04",-0.0393387942320426,0,151,-0.163173950299869,0.00258143908262982,0.00564897350254416,0.113692330369948,-2.18917691364038,-0.381160773539716,0.00922749245619455,0.015820166625162,0.0346193341042667,0.696755396072795,-13.4162156987514,-2.33591681049118,0.0565500341153534
35,TRUE,NA,6,"sdmma_1992_01;sdmma_2007_09;sdmma_2009_01;sdmma_2014_12;sdmma_2019_01;sdmma_2020_04",-0.0440999385343898,0,151,-0.128075614740304,0.00974238306827681,0.0109168722642973,0.0858734364962543,-4.0914716712933,-0.527256138744523,-0.0062259606134194,0.0760674316342827,0.0852377112257723,0.670490137176994,-31.9457507940874,-4.11675665046487,-0.0486116004677677
36,TRUE,NA,6,"sdmma_2007_09;sdmma_2008_12;sdmma_2014_12;sdmma_2019_01;sdmma_2020_04;sdmma_2021_12",-0.0782174893050742,0,151,-0.120557366694398,0.00889081293078558,0.00787953609374672,0.0291675795208667,-2.97759941298189,-0.0272837105907117,0.0399124330485477,0.0737475707587654,0.0653592253198479,0.241939421211843,-24.6986102519129,-0.226313093416127,0.331065899520864
37,TRUE,NA,7,"sdmma_1993_01;sdmma_2007_09;sdmma_2008_12;sdmma_2014_12;sdmma_2017_03;sdmma_2019_01;sdmma_2020_04",-0.0776087751741811,0,151,-0.111030271184907,0.0220933967287969,0.011026367483197,0.0239165114273184,-2.64616537099472,0.0217011976626834,0.0286339611223458,0.198985344204042,0.0993095609469775,0.215405322999603,-23.8328281355619,0.195452982606363,0.257893282766638
38,TRUE,NA,7,"sdmma_2007_09;sdmma_2009_01;sdmma_2014_12;sdmma_2017_03;sdmma_2019_01;sdmma_2020_04;sdmma_2021_12",-0.0500295061776938,0,151,-0.0753848082272564,0.0203585054023854,0.0126367409272146,-0.0332820001527924,-0.32785319668042,-0.126861177927246,0.0240286296497328,0.270061115510334,0.167629807972975,-0.441494790999001,-4.34906189178154,-1.68284805533773,0.318746312616404
39,TRUE,NA,7,"sdmma_1993_01;sdmma_2007_09;sdmma_2009_01;sdmma_2014_12;sdmma_2019_01;sdmma_2020_04;sdmma_2021_12",-0.0620037608192733,0,151,-0.1047375386764,0.0195911052492782,0.00915277159009192,0.108110729688861,-3.03125790304943,0.0270873749696531,0.0375921015401177,0.187049509630042,0.0873876902756953,1.03220613215748,-28.9414658904185,0.258621458093864,0.358917175400342
40,TRUE,NA,6,"sdmma_2007_09;sdmma_2009_01;sdmma_2014_12;sdmma_2019_01;sdmma_2020_04;sdmma_2021_12",-0.0651362907698565,0,151,-0.206476031618062,0.0117809585586687,0.00289862054897458,0.181666375169037,-3.84824671243096,-0.0495948003076341,0.0322408718457345,0.0570572693902846,0.0140385328324036,0.879842438589104,-18.6377405758621,-0.240196404003803,0.15614825407616
41,TRUE,NA,6,"sdmma_1993_01;sdmma_2007_09;sdmma_2009_01;sdmma_2014_12;sdmma_2019_01;sdmma_2020_04",-0.0771764384046617,0,151,-0.119542324651941,0.000773570873198647,0.00402339698646865,0.0962177613055051,0.241327739936671,-0.122450873337685,-0.00111393038947942,0.00647110448496774,0.0336566734684401,0.804884475734031,2.01876398705914,-1.02433070206902,-0.00931829285336997
42,TRUE,NA,2,"sdmma_2007_09;sdmma_2008_12",-0.0200434170166461,0,151,-0.130072709644461,-0.000844872637073355,0.00443147505608066,0.131744403598929,5.3594537610467,-0.124826513226647,0.00224953911678568,-0.00649538738281628,0.0340692145815491,1.01285199608002,41.2035220585177,-0.959667201274168,0.0172944741670604
43,TRUE,NA,8,"sdmma_1992_01;sdmma_1993_01;sdmma_2007_09;sdmma_2009_01;sdmma_2014_12;sdmma_2019_01;sdmma_2020_04;sdmma_2021_12",-0.0726942319262232,0,151,-0.177794954442311,-0.0154454118083606,-0.00974190977934352,0.201682507675726,-2.07236438942018,-0.217760719675417,0.00240555497362734,-0.0868720479543872,-0.0547929484832735,1.13435450577516,-11.6559235098687,-1.22478571092451,0.0135299394809759
44,TRUE,NA,6,"sdmma_2007_09;sdmma_2009_01;sdmma_2014_12;sdmma_2019_01;sdmma_2020_04;sdmma_2021_12",-30.9570942224116,1,151,-0.192135464822465,-0.0129713876199989,-0.00343935585806216,0.240456870201479,-0.0225478391491482,-0.000879411825485947,-0.00019188418789342,-0.0675116779298636,-0.0179006820070421,1.2514965439809,-0.117353863691862,-0.00457704061193769,-0.000998692188715512
45,TRUE,NA,6,"sdmma_1990_09;sdmma_1993_01;sdmma_2007_09;sdmma_2009_01;sdmma_2019_01;sdmma_2020_04",-0.0387038398303644,0,151,-0.221005989293956,0.00450064523837093,-0.000494730941047485,0.193832381657282,-9.6581684620656,-0.000411676654884275,0.041022418105358,0.0203643586888711,-0.00223854087677892,0.877045831547439,-43.7009354041508,-0.00186273981171032,0.185616771004314
46,TRUE,NA,3,"sdmma_2014_12;sdmma_2019_01;sdmma_2020_04",-0.0248942076843119,0,151,-0.149896485988232,-0.0144523048383572,-0.00543923312511411,0.171434547885676,-28.8366602216056,-1.67040965637059,-0.0108531656454244,-0.0964152344404643,-0.0362865953077854,1.14368623624129,-192.37715968785,-11.1437546074411,-0.0724044034379594
47,TRUE,NA,5,"sdmma_2007_09;sdmma_2009_01;sdmma_2014_12;sdmma_2019_01;sdmma_2020_04",-0.0610027681673562,0,151,-0.194810097818837,-0.0223711867500114,-0.00953684632292262,0.199933256473258,-3.20316644774767,-0.285415080371799,0.0206986456651748,-0.114835868368668,-0.0489545789961637,1.02629821919799,-16.442507260206,-1.46509387124902,0.106250373553138
48,TRUE,NA,8,"sdmma_1993_01;sdmma_2007_09;sdmma_2008_12;sdmma_2014_12;sdmma_2017_03;sdmma_2019_01;sdmma_2020_04;sdmma_2021_12",-0.0709321209254539,0,151,-0.163531775979478,0.0055435952445859,0.00737969116090895,0.0906741601434466,-1.15959792505536,-0.0797875883064174,0.0181522691608124,0.033899193055187,0.0451269553987787,0.554474257986568,-7.09096393107652,-0.487902658847356,0.111001480000379
49,TRUE,NA,6,"sdmma_1992_01;sdmma_2007_09;sdmma_2009_01;sdmma_2014_12;sdmma_2019_01;sdmma_2020_04",-0.0598944572409744,0,151,-0.198163997837679,0.000967939760963669,0.00690405457988227,0.152469122462641,-5.72859722090847,-0.0872851980916381,-0.0192762872431465,0.00488453892495918,0.0348401054440654,0.769408793354747,-28.9083652097134,-0.440469505278833,-0.0972744164100694
50,TRUE,NA,2,"sdmma_2007_09;sdmma_2009_01",-0.0232021195731128,0,151,-0.20383558964716,-0.00510062543322519,-0.00328458901911973,0.255670259782591,6.10562781342973,-0.0158036457512984,0.0131633679268603,-0.0250232329008608,-0.0161139133004465,1.2542964662116,29.9536887743626,-0.0775313367928267,0.0645783592043281
51,TRUE,NA,4,"sdmma_2009_01;sdmma_2019_01;sdmma_2020_04;sdmma_2021_12",-2.06723902339974,1,151,-0.223346642738562,0.00177549479322078,0.000705385424794482,0.24882226785709,-0.0684624481013074,-0.00319394909656473,0.00805991006813902,0.00794950294058859,0.00315825398647326,1.11406316569687,-0.306530007623379,-0.0143004123876776,0.0360869989775201
52,TRUE,NA,6,"sdmma_1992_01;sdmma_2007_09;sdmma_2009_01;sdmma_2019_01;sdmma_2020_04;sdmma_2021_12",-0.0460536793555121,0,151,-0.0668341015950766,0.042673082806064,0.0172719247475935,0.0235556471392117,-7.03207979041926,0.407394477849298,0.0573182020369479,0.638492652517492,0.258429818541406,0.352449521681713,-105.216941989047,6.09560790264755,0.857619099665885
53,TRUE,NA,6,"sdmma_1990_09;sdmma_2007_09;sdmma_2009_01;sdmma_2014_12;sdmma_2019_01;sdmma_2020_04",-0.0673616538630825,0,151,-0.17440080792744,0.00350142219061715,0.00620642871839994,0.051076105276109,-4.76026263308824,-0.2186173626,0.0241362592248859,0.0200768690938286,0.0355871557715612,0.292866219389072,-27.2949574583896,-1.25353411602862,0.138395340662228
54,TRUE,NA,5,"sdmma_1992_01;sdmma_2007_09;sdmma_2009_01;sdmma_2019_01;sdmma_2020_04",-0.0402222350742265,0,151,-0.0996799239270797,0.00550853325248944,0.00955330901160122,-0.0745804091730136,-13.3550930750367,-0.493362593880421,-0.0122344181232182,0.0552622136481482,0.0958398505459322,-0.748198897378498,-133.979767930065,-4.94946800161422,-0.122737033107772
55,TRUE,NA,7,"sdmma_1990_09;sdmma_2007_09;sdmma_2009_01;sdmma_2014_12;sdmma_2019_01;sdmma_2020_04;sdmma_2021_12",-0.0518641149824766,0,151,-0.130134984344689,0.00247221052979824,0.00150356444358316,0.059353111561734,0.492196253867351,0.1957078517884,0.0260134828941255,0.0189972784201525,0.0115538834630407,0.456088820854854,3.78219781825669,1.50388346972116,0.199896154174987
56,TRUE,NA,6,"sdmma_1992_01;sdmma_1993_01;sdmma_2009_01;sdmma_2014_12;sdmma_2019_01;sdmma_2020_04",-0.0579672679779206,0,151,-0.211052562933768,0.003630681296636,0.00346624183357672,0.0394487444981588,-12.7820113200244,-0.0373043681461653,0.022822601697754,0.0172027349308967,0.01642359507695,0.186914311533561,-60.5631656036111,-0.176753921523673,0.108137050697252
57,TRUE,NA,5,"sdmma_1993_01;sdmma_2009_01;sdmma_2014_12;sdmma_2019_01;sdmma_2020_04",-0.0605013853001,0,151,-0.296772559671122,0.00626174958110666,0.00424162890466968,0.180312950042857,-11.4842171846868,-0.0783307390679704,0.0209234066738287,0.021099489750824,0.0142925239091181,0.607579589712324,-38.6970318192942,-0.263941986936983,0.070503171509575
58,TRUE,NA,9,"sdmma_1992_01;sdmma_1993_01;sdmma_2007_09;sdmma_2009_01;sdmma_2014_12;sdmma_2017_03;sdmma_2019_01;sdmma_2020_04;sdmma_2021_12",-0.0613096423286471,0,151,-0.136840679759342,0.0168737663275957,0.00812272183115928,0.0291034534069255,-3.89723673954581,0.00994590738823038,0.0183691746979254,0.123309576927498,0.0593589701939839,0.212681298120624,-28.4801036241546,0.0726823880568408,0.134237675011778
59,TRUE,NA,7,"sdmma_1990_09;sdmma_1992_01;sdmma_2007_09;sdmma_2009_01;sdmma_2014_12;sdmma_2019_01;sdmma_2020_04",-0.056782006972344,0,151,-0.188509768019925,0.00958509276495405,0.00464489581709945,0.11318098846158,-9.72461528415818,-0.0623762094854858,0.0164406107626484,0.0508466636272181,0.0246400802774766,0.600398534518474,-51.5867977893342,-0.330891126442279,0.087213574847276
60,TRUE,NA,6,"sdmma_1993_01;sdmma_2007_09;sdmma_2009_01;sdmma_2014_12;sdmma_2019_01;sdmma_2020_04",-0.0348594982146,0,151,-0.200030565158776,-0.00323557910311837,0.00522928871326171,0.0894771994914024,-23.8945896904137,0.132068693677869,-0.00538737731017704,-0.0161754234936551,0.0261424483258893,0.447317635784208,-119.454692693825,0.660242566295001,-0.0269327705288478
61,TRUE,NA,6,"sdmma_1993_01;sdmma_2007_09;sdmma_2009_01;sdmma_2014_12;sdmma_2019_01;sdmma_2020_04",-0.0554791205012198,0,151,-0.245409038406888,-0.00201350742860955,0.00490171423672933,0.158465713292654,-10.2908086662769,-0.0964983909048789,0.018682135607348,-0.0082046995566282,0.0199736499867714,0.645720770193958,-41.9332911822698,-0.393214494182095,0.0761265181128864
62,TRUE,NA,5,"sdmma_2007_09;sdmma_2009_01;sdmma_2019_01;sdmma_2020_04;sdmma_2021_12",-0.0576436704246002,0,151,-0.174495418671212,0.00309874635476941,-0.00239800493639149,0.136293377573394,1.37438657001913,0.617736275668046,0.0279740261361835,0.0177583249942403,-0.0137425094289144,0.781071380620031,7.8763475882927,3.54012890637546,0.160313814249145
63,TRUE,NA,5,"sdmma_2007_09;sdmma_2008_12;sdmma_2014_12;sdmma_2019_01;sdmma_2020_04",-0.0755230903042263,0,151,-0.194976184881254,-0.0258164075528218,-0.00658611032818656,0.128076071647191,-1.81858124817437,-0.299483654131432,0.00341950743066213,-0.132408004436771,-0.0337790501552673,0.656880591469122,-9.32719680242966,-1.53600120093552,0.0175380774464569
64,TRUE,NA,7,"sdmma_1993_01;sdmma_2007_09;sdmma_2009_01;sdmma_2014_12;sdmma_2019_01;sdmma_2020_04;sdmma_2021_12",-0.0820317009660704,0,151,-0.172641456414562,0.0102962296975168,-0.00242166026532275,0.0938163901212029,-2.82285177799813,-0.0285771741568521,0.0274478741648672,0.0596393815908999,-0.0140271074840081,0.543417508572928,-16.3509497465062,-0.165529037754583,0.158987735245682
65,TRUE,NA,6,"sdmma_1993_01;sdmma_2007_09;sdmma_2009_01;sdmma_2017_03;sdmma_2019_01;sdmma_2020_04",-0.0422804879397176,0,151,-0.22954774992959,-0.0261911193366466,-0.00236565054332342,0.230488613324814,-14.8770690843317,-0.630627144541677,-0.0284635665328031,-0.114098784870164,-0.0103057012932997,1.00409876984424,-64.8103459471721,-2.74725909853227,-0.123998455839945
66,TRUE,NA,4,"sdmma_2007_09;sdmma_2009_01;sdmma_2014_12;sdmma_2021_12",-0.0305166569913422,0,151,-0.0791942610384615,0.0288723437261703,0.0100900694799766,0.0655711641750868,-13.1180477038706,-0.190100706727425,0.0318791957904743,0.364576212310993,0.127409099443156,0.82797873627789,-165.643918282155,-2.40043538805294,0.402544267380585
67,TRUE,NA,6,"sdmma_1990_09;sdmma_1992_01;sdmma_1993_01;sdmma_2007_09;sdmma_2019_01;sdmma_2020_04",-0.0479594534701376,0,151,-0.194292804373659,-0.00162565409561541,-0.0051998225503672,-0.00357131862333662,-12.2501681013987,-0.125035745459417,0.0127057072688645,-0.00836703191791388,-0.0267628158805461,-0.0183811162479715,-63.0500349248109,-0.643542852049999,0.0653946362544093
68,TRUE,NA,4,"sdmma_1993_01;sdmma_2009_01;sdmma_2019_01;sdmma_2020_04",-1.84959908682899,1,151,-0.233876558706301,0.0267389965857029,0.0164559507475532,0.187185048347805,-0.323410559872932,0.00824149989948918,0.0294092367529829,0.114329528079303,0.0703616935300403,0.80035831458795,-1.38282588756176,0.0352386743890769,0.125746833781297
69,TRUE,NA,5,"sdmma_1990_09;sdmma_1993_01;sdmma_2008_12;sdmma_2019_01;sdmma_2020_04",-0.0264087767031787,0,151,-0.214260798312981,-0.0115773352355616,-0.00754277751970826,0.100766814902453,-47.3375689124614,-1.16898055091142,0.00865986202690642,-0.0540338471933167,-0.0352037217218344,0.470299820106423,-220.934343963907,-5.45587695049955,0.0404173889721841
70,TRUE,NA,6,"sdmma_1993_01;sdmma_2007_09;sdmma_2009_01;sdmma_2019_01;sdmma_2020_04;sdmma_2021_12",-0.0225241319502666,0,151,-0.114966698638872,0.0192399534893295,0.0108781305265858,0.103684569993842,2.4845295799267,0.31775528914246,0.0392986625400674,0.167352404801717,0.0946198390958036,0.901866116200579,21.6108630528827,2.76388982987655,0.341826485454805
71,TRUE,NA,6,"sdmma_1993_01;sdmma_2007_09;sdmma_2009_01;sdmma_2014_12;sdmma_2019_01;sdmma_2020_04",-0.0473628796659488,0,151,-0.190768670938591,-0.000379427566505811,-0.00296089216185533,0.18689324319684,-4.66647147355939,-0.104264382460944,0.0192929551163803,-0.00198894066116312,-0.0155208512345744,0.979685198189599,-24.4614141860932,-0.546548770025804,0.101132722796977
72,TRUE,NA,4,"sdmma_2007_09;sdmma_2009_01;sdmma_2017_03;sdmma_2021_12",-1.17002701953537,1,151,-0.175056490333814,0.017178911676039,0.00508793616661838,0.24475222339348,-0.0471394900782428,0.00234500340774144,0.00166523199871414,0.0981335318860821,0.029064538863519,1.3981328137378,-0.269281590121868,0.0133956953168075,0.00951254075492274
73,TRUE,NA,9,"sdmma_1990_09;sdmma_1993_01;sdmma_2007_09;sdmma_2009_01;sdmma_2014_12;sdmma_2017_03;sdmma_2019_01;sdmma_2020_04;sdmma_2021_12",-0.0591392441643844,0,151,-0.113237812511452,0.0269783924816675,0.0195905633080815,-0.0376878948844438,-2.1199085297599,0.142551916068424,0.0387269177188899,0.238245440134575,0.173003724406105,-0.332820760562044,-18.7208537744007,1.25887204023839,0.341996342564222
74,TRUE,NA,5,"sdmma_1993_01;sdmma_2007_09;sdmma_2009_01;sdmma_2014_12;sdmma_2017_03",-0.0604639926282735,0,151,-0.23089212534832,-0.0220982524996599,-0.0147183635175623,0.176467698042463,-2.78159612861149,0.147620892745198,0.0575685252939376,-0.0957081254560883,-0.0637456279436055,0.764286342707648,-12.0471675870939,0.639350053720974,0.249330830174874
75,TRUE,NA,6,"sdmma_2009_01;sdmma_2014_12;sdmma_2017_03;sdmma_2019_01;sdmma_2020_04;sdmma_2021_12",-5.47414987455643,1,151,-0.172124055590223,0.0102851205407185,-0.000841567058366354,0.117729293175198,-0.0984135866033306,-0.0014922844515762,0.00596523972914032,0.0597541145858449,-0.00488930530645804,0.683979312313426,-0.571759631539387,-0.00866981925599576,0.0346566301188128
76,TRUE,NA,6,"sdmma_1993_01;sdmma_2007_09;sdmma_2009_01;sdmma_2019_01;sdmma_2020_04;sdmma_2021_12",-0.0173053653840034,0,151,-0.0982973659465989,0.0114036537727396,0.00968155011818985,0.00520049246100244,-5.23928272477357,0.206985123683148,0.0370428050435895,0.11601179403866,0.098492467473131,0.0529057153355224,-53.300336934968,2.10570366448674,0.376844330332447
77,TRUE,NA,4,"sdmma_2007_09;sdmma_2009_01;sdmma_2019_01;sdmma_2020_04",-0.036765622518621,0,151,-0.199790398709735,-0.0283808626811088,-0.0134126521417112,0.191648104467719,-9.80449612737407,-0.252690116688469,0.00841082084832873,-0.142053186060967,-0.0671336171724534,0.959245818144416,-49.0739104115734,-1.26477607693045,0.04209822345141
78,TRUE,NA,5,"sdmma_2007_09;sdmma_2009_01;sdmma_2017_03;sdmma_2019_01;sdmma_2020_04",-0.0497919160748806,0,151,-0.153296427321031,-0.00972880856161191,0.00298336089403921,0.0832900011715109,-5.62986632997631,-0.0874307272828742,0.0363179234896273,-0.0634640267332386,0.0194613856707273,0.543326433805832,-36.7253590208356,-0.570337670686727,0.23691304568743
79,TRUE,NA,6,"sdmma_2007_09;sdmma_2009_01;sdmma_2014_12;sdmma_2019_01;sdmma_2020_04;sdmma_2021_12",-0.0489926444477434,0,151,-0.151171469021617,0.00837064296954402,-0.0109617649079839,0.124519629908942,1.8829791109996,-0.0526084690924992,0.0372510837898965,0.0553718437990906,-0.0725121279757919,0.823697955142157,12.4559159422493,-0.348005277933606,0.24641609975074
80,TRUE,NA,7,"sdmma_1990_09;sdmma_1993_01;sdmma_2007_09;sdmma_2009_01;sdmma_2014_12;sdmma_2019_01;sdmma_2020_04",-0.0589480225778274,0,151,-0.169211566987637,0.0263142725661768,0.0144162999157735,-0.0104357260665547,-14.0343947523382,0.0489147420197579,0.0117920445287771,0.155511074299663,0.0851968938791682,-0.0616726518897916,-82.9399254565359,0.289074458032362,0.069688170488006
81,TRUE,NA,7,"sdmma_1993_01;sdmma_2007_09;sdmma_2009_01;sdmma_2014_12;sdmma_2019_01;sdmma_2020_04;sdmma_2021_12",-0.0512407137809847,0,151,-0.0928537442337303,0.0132040443918042,0.00500154920669792,0.13875639354177,0.936572252033936,-0.0450874254926957,0.0182862863394888,0.142202605837489,0.0538648090927608,1.4943543169621,10.0865318869254,-0.485574662225814,0.196936445486343
82,TRUE,NA,6,"sdmma_1992_01;sdmma_1993_01;sdmma_2007_09;sdmma_2009_01;sdmma_2019_01;sdmma_2020_04",-0.037583470766605,0,151,-0.17579064368425,0.0106454593890951,0.00350512583051971,0.0585747499201984,-7.92310549036154,-0.0246734414933265,0.01133299204909,0.0605575994602767,0.0199392058476986,0.333207437509635,-45.0712581984327,-0.140356966538243,0.0644686873633953
83,TRUE,NA,6,"sdmma_1993_01;sdmma_2007_09;sdmma_2009_01;sdmma_2014_12;sdmma_2019_01;sdmma_2020_04",-0.0727222631334414,0,151,-0.15457227430238,-0.0130668878579065,-0.00328975453088108,0.0886368717049354,-0.708217209367486,-0.268031588247945,0.00331420680998,-0.0845357805394292,-0.021282953529205,0.573433185899436,-4.58178682149714,-1.73402112026644,0.0214411467058874
84,TRUE,NA,7,"sdmma_1990_09;sdmma_1993_01;sdmma_2007_09;sdmma_2014_12;sdmma_2019_01;sdmma_2020_04;sdmma_2021_12",-0.0870035531820338,0,151,-0.175308970972335,0.00400885739584083,0.00397749198882132,0.125422728128858,-1.4234921117414,-0.121080602853436,0.019620476986643,0.0228673830757552,0.0226884680616201,0.715438162880156,-8.11990455392063,-0.690669748284263,0.111919412211593
85,TRUE,NA,6,"sdmma_1990_09;sdmma_2007_09;sdmma_2008_12;sdmma_2014_12;sdmma_2020_04;sdmma_2021_12",-0.028430409389959,0,151,-0.15313028001702,-0.0241233264667938,-0.00455750109282984,0.0754718487953834,-13.4725730764976,0.253753120696647,0.0166690969441441,-0.157534659141958,-0.0297622461888223,0.492860385202685,-87.9811169613234,1.65710609729469,0.108855655082009
86,TRUE,NA,5,"sdmma_1993_01;sdmma_2007_09;sdmma_2009_01;sdmma_2019_01;sdmma_2020_04",-0.0363488533479654,0,151,-0.178714307560114,0.0474595906033739,0.0112620113945542,0.186277011016016,-14.7041562056287,-0.376918090167411,0.0253354458794927,0.265561225910297,0.0630168426261338,1.04231728035181,-82.2774427317891,-2.10905380387984,0.141765067528074
87,TRUE,NA,6,"sdmma_1992_01;sdmma_2007_09;sdmma_2009_01;sdmma_2014_12;sdmma_2019_01;sdmma_2020_04",-0.0754615459060684,0,151,-0.178938574593713,-0.0121157008951229,-0.00980506974165051,0.0581120748540505,-5.1152077274922,-0.156319340354777,0.0231206287818289,-0.0677087146951521,-0.0547957295620204,0.324759907057471,-28.5863891511737,-0.87359218497021,0.129209863408855
88,TRUE,NA,6,"sdmma_1990_09;sdmma_2007_09;sdmma_2009_01;sdmma_2014_12;sdmma_2019_01;sdmma_2020_04",-0.0735418757270968,0,151,-0.238140330511072,-0.0234465816779751,-0.00642184388338557,0.201135893200339,-5.03831445270164,0.0256961791967662,0.00841417213824409,-0.0984569964594258,-0.0269666371487923,0.844610792168979,-21.1569138326504,0.107903516979336,0.035332831361183
89,TRUE,NA,6,"sdmma_1993_01;sdmma_2007_09;sdmma_2009_01;sdmma_2014_12;sdmma_2019_01;sdmma_2020_04",-8.01186498034453,1,151,-0.159467183104441,-0.00831412739479933,0.00401610593377185,0.159397848952352,-0.0571716200948812,-0.00171058091910675,-0.00100185522133259,-0.0521369176588145,0.0251845292278196,0.999565213665038,-0.358516523474535,-0.0107268522952866,-0.00628251657694635
90,TRUE,NA,6,"sdmma_1993_01;sdmma_2007_09;sdmma_2009_01;sdmma_2019_01;sdmma_2020_04;sdmma_2021_12",-0.0345694942398207,0,151,-0.162942555274969,0.0218030389935217,0.0121279587817114,0.0533950705021709,-4.2536946319209,-0.17434792296074,0.0233156843515704,0.13380813229993,0.0744308861564447,0.327692605606102,-26.1054862233055,-1.06999624908621,0.143091436808663
91,TRUE,NA,4,"sdmma_1990_09;sdmma_2007_09;sdmma_2009_01;sdmma_2014_12",-0.016837804306429,0,151,-0.152622036713206,0.00477924069396414,0.00180099847011155,0.0985662248507001,-9.36749956041137,-0.268668360970381,0.0169458593904207,0.0313142243209929,0.0118003828863576,0.645819089912403,-61.3771101614504,-1.7603510394455,0.111031537485402
92,TRUE,NA,7,"sdmma_1990_09;sdmma_1998_09;sdmma_2007_09;sdmma_2009_01;sdmma_2014_12;sdmma_2019_01;sdmma_2020_04",-0.0509561601499921,0,151,-0.208789895268379,0.0269862379775091,0.00850418571468767,0.082285724654918,-10.9459478476464,-0.142833757520599,0.0303215720268671,0.129250689755943,0.0407308299271684,0.394107792185764,-52.4256589792167,-0.684102826609497,0.145225284910899
93,TRUE,NA,5,"sdmma_2007_09;sdmma_2009_01;sdmma_2014_12;sdmma_2019_01;sdmma_2020_04",-0.066830251003659,0,151,-0.202568404287782,-0.00128688437872184,0.0128024209201463,0.123969648811522,-9.96746266862179,-0.236736244120967,-0.00815056657187204,-0.00635283860405797,0.0632004826476215,0.61198906733452,-49.2054163316671,-1.16867309565535,-0.0402361197469513
94,TRUE,NA,5,"sdmma_1992_01;sdmma_2007_09;sdmma_2009_01;sdmma_2019_01;sdmma_2020_04",-15.7357733477658,1,151,-0.140694085867003,0.0118387973575591,0.00948113432016882,0.0676085748479265,-0.0506095577561631,0.000609927819482138,0.00387567573059129,0.084145664578611,0.0673882932729047,0.480536011384561,-0.3597134694347,0.00433513474090658,0.0275468276204228
95,TRUE,NA,5,"sdmma_2009_01;sdmma_2014_12;sdmma_2019_01;sdmma_2020_04;sdmma_2021_12",-28.5849527164248,1,151,-0.108704312989198,0.0090838241588684,0.00718119631797737,0.141276916389902,-0.0154476357530045,-0.000799119062148483,-0.000127457211576052,0.0835645238820569,0.0660617423587506,1.29964407579615,-0.14210692591875,-0.00735130962308638,-0.00117251292125564
96,TRUE,NA,5,"sdmma_1992_01;sdmma_2009_01;sdmma_2014_12;sdmma_2019_01;sdmma_2020_04",-19.372111379391,1,151,-0.17771671076592,0.0021013688094093,-0.00552378165331026,0.16498096859673,-0.0275942974722095,-0.000809499702896537,0.000500596346096663,0.011824261209612,-0.0310819485095351,0.928336833861593,-0.155271259260225,-0.00455500048030246,0.00281682203063068
97,TRUE,NA,6,"sdmma_2007_09;sdmma_2009_01;sdmma_2014_12;sdmma_2019_01;sdmma_2020_04;sdmma_2021_12",-0.0621286674144283,0,151,-0.159845710748972,-0.0160960053089423,-0.00451231491939318,0.0767826440568641,-2.57459356525201,-0.21825230987166,0.00595433349613711,-0.100697136216686,-0.0282291898747255,0.480354735182394,-16.1067416397257,-1.36539359641881,0.0372505053043809
98,TRUE,NA,7,"sdmma_1992_01;sdmma_2007_09;sdmma_2009_01;sdmma_2014_12;sdmma_2017_03;sdmma_2019_01;sdmma_2020_04",-104.581831942258,1,151,-0.218054671050874,-0.00792942870374359,-0.000208100277821916,0.123177989421297,-0.00649236617948666,-0.000038297994065059,0.00036661347127667,-0.0363644065294689,-0.000954349094284545,0.564894981738587,-0.0297740293670295,-0.000175634825342145,0.00168129152890807
99,TRUE,NA,5,"sdmma_2007_09;sdmma_2009_01;sdmma_2019_01;sdmma_2020_04;sdmma_2021_12",-0.039368506217823,0,151,-0.156304777269088,0.0140287916897029,-0.00308717755841398,0.147435707963366,-1.3129606189396,-0.16741685459313,0.0350211412227705,0.0897528017685056,-0.019751012172195,0.943257848795925,-8.40000313412853,-1.07109237169964,0.224056755235827
100,TRUE,NA,7,"sdmma_1992_01;sdmma_1993_01;sdmma_2007_09;sdmma_2009_01;sdmma_2019_01;sdmma_2020_04;sdmma_2021_12",-0.0509653667712405,0,151,-0.240444874865596,0.0153446069505662,0.00538753598125761,0.0971330307529754,-5.35101238060634,0.101533268889957,0.000936738171924104,0.0638175671623008,0.0224065328249111,0.403972140422086,-22.254632724434,0.422272543537109,0.00389585418465552
101,TRUE,NA,6,"sdmma_1993_01;sdmma_2007_09;sdmma_2008_12;sdmma_2014_12;sdmma_2019_01;sdmma_2020_04",-0.0580993762807777,0,151,-0.240365582672741,0.0178597160822675,0.0163458114994301,0.190661526292465,-12.3711257053424,-0.0722030028116514,0.0212059527182778,0.0743023018673334,0.0680039601247114,0.793214753012503,-51.4679579654536,-0.300388275263003,0.0882237485187294
102,TRUE,NA,6,"sdmma_1993_01;sdmma_2007_09;sdmma_2009_01;sdmma_2014_12;sdmma_2019_01;sdmma_2020_04",-0.0533834556444655,0,151,-0.220253637312024,0.0466200112907291,0.0108222469333215,0.172964981120486,-16.2433610380386,-0.166845396582458,0.0131469059999385,0.211665114182358,0.0491353834851323,0.785299090772582,-73.7484349238116,-0.75751482980549,0.0596898473976793
103,TRUE,NA,6,"sdmma_2007_09;sdmma_2009_01;sdmma_2014_12;sdmma_2019_01;sdmma_2020_04;sdmma_2021_12",-0.0676558202103386,0,151,-0.112586535909263,0.00583701520652174,0.000289961159538332,0.0986788848841604,-2.83769113645806,-0.105624920376524,0.0224802414012874,0.0518447002510672,0.00257545147114235,0.876471454488031,-25.2045336819409,-0.938166535842709,0.199670779633943
104,TRUE,NA,3,"sdmma_2007_09;sdmma_2009_01;sdmma_2014_12",-0.0245344932448726,0,151,-0.145876019339945,0.00780812180147756,0.00975504294739114,0.159490909010798,-0.0410977500059658,0.159791913438251,0.00503419723175068,0.05352573943824,0.0668721493191988,1.09333192482532,-0.281730679188557,1.09539535121175,0.0345101083408311
105,TRUE,NA,7,"sdmma_1992_01;sdmma_1993_01;sdmma_2007_09;sdmma_2014_12;sdmma_2019_01;sdmma_2020_04;sdmma_2021_12",-0.092107815734564,0,151,-0.17510573536912,0.00304133694367883,-0.004594386041865,0.10071029449947,-1.79086772403488,0.012998752758688,0.0315973107548636,0.017368574120475,-0.0262377816019567,0.575139896401304,-10.2273504649049,0.0742337350132296,0.180447034977221
106,TRUE,NA,9,"sdmma_1990_09;sdmma_1998_09;sdmma_2007_09;sdmma_2009_01;sdmma_2014_12;sdmma_2017_03;sdmma_2019_01;sdmma_2020_04;sdmma_2021_12",-19.6033087851759,1,151,-0.185182529460358,-0.00936110426041559,0.00447203522349863,0.127010471262821,-0.0151396816337121,0.000475756803121494,0.00229229717785428,-0.0505506879493162,0.0241493365304526,0.685866380770064,-0.0817554532699756,0.00256912358043657,0.0123785822805979
107,TRUE,NA,7,"sdmma_1990_09;sdmma_2007_09;sdmma_2008_12;sdmma_2014_12;sdmma_2019_01;sdmma_2020_04;sdmma_2021_12",-0.0817710092998799,0,151,-0.138092466953315,0.00403024382480825,0.00466837210965915,-0.0415958385700838,-4.15252205341423,-0.185075113802083,-0.00646955099975744,0.0291851099029954,0.0338061315917934,-0.301217289311995,-30.070590706574,-1.34022599411343,-0.0468494128788692
108,TRUE,NA,6,"sdmma_1993_01;sdmma_2007_09;sdmma_2009_01;sdmma_2019_01;sdmma_2020_04;sdmma_2021_12",-0.0498890100698306,0,151,-0.150935389776088,0.0103319981477732,0.00519652659735974,0.162593979174022,2.4003801603512,0.262726168298421,0.0178168948993319,0.0684531186695222,0.0344288149059591,1.07724225190148,15.903362120124,1.74065319398037,0.118043190041535
109,TRUE,NA,6,"sdmma_1993_01;sdmma_2007_09;sdmma_2009_01;sdmma_2014_12;sdmma_2017_03;sdmma_2021_12",-0.0628322830819406,0,151,-0.109101900018201,0.00475291714626068,0.000727995769187712,0.0300020697154781,0.574246678831839,-0.034309345644011,0.0151859601681546,0.0435640180919652,0.00667262228307908,0.274991266975855,5.26339760110541,-0.314470652099436,0.139190611397429
110,TRUE,NA,6,"sdmma_1992_01;sdmma_1993_01;sdmma_2007_09;sdmma_2009_01;sdmma_2019_01;sdmma_2020_04",-4.16455389447153,1,151,-0.257329457907173,0.00606648217234478,0.000870323844764829,0.187570483509438,-0.0885179570941592,-0.00261211498052888,0.00272269878148809,0.0235747676215645,0.0033821384144787,0.728911820026062,-0.343986878976329,-0.0101508587542712,0.0105805950225499
111,TRUE,NA,7,"sdmma_1993_01;sdmma_2007_09;sdmma_2008_12;sdmma_2014_12;sdmma_2019_01;sdmma_2020_04;sdmma_2021_12",-0.066549203695142,0,151,-0.152019761108757,-0.0171389597558916,-0.00441555948540216,0.0368865774639032,-4.21026906062318,-0.0427301206250975,0.0192456164166375,-0.112741656945705,-0.0290459572702735,0.24264330633643,-27.6955379347761,-0.281082671841115,0.126599438627382
112,TRUE,NA,6,"sdmma_1993_01;sdmma_2007_09;sdmma_2009_01;sdmma_2019_01;sdmma_2020_04;sdmma_2021_12",-0.0580779157052544,0,151,-0.201574845434571,0.0146910773490186,0.00766731964313482,0.0885861015508234,-3.47343258797105,0.230230850987517,0.0312108124435934,0.072881501247571,0.038037085562958,0.439470020973314,-17.2314783646876,1.14216062272635,0.154834857376706
113,TRUE,NA,6,"sdmma_1993_01;sdmma_2007_09;sdmma_2008_12;sdmma_2014_12;sdmma_2019_01;sdmma_2020_04",-0.0908693958541873,0,151,-0.203118121298808,0.000991877509055277,0.00154287522837161,0.279075173401522,-3.79185304000332,-0.112045171594756,0.00436328252119254,0.00488325464371601,0.00759595066410582,1.37395507410672,-18.6682163844215,-0.551625679079246,0.0214815029466213
114,TRUE,NA,3,"sdmma_1993_01;sdmma_2007_09;sdmma_2008_12",-0.0190598513159106,0,151,-0.190160967346071,-0.0147051506265751,-0.0106052741261993,0.235825255289783,7.88242071814196,-0.35501688114775,0.0100975246436518,-0.0773300158902403,-0.0557699841045665,1.24013491612403,41.451307427338,-1.86692824559343,0.0530998805095239
115,TRUE,NA,5,"sdmma_1993_01;sdmma_2007_09;sdmma_2009_01;sdmma_2019_01;sdmma_2020_04",-0.0305921415085339,0,151,-0.171260225824364,-0.0139740327873202,-0.00659705248751053,0.11508719208151,-6.51751350258242,-0.807471110355807,-0.005326930798215,-0.0815953191703208,-0.0385206340570645,0.672001870414078,-38.0562005638511,-4.71487822971757,-0.0311043079183958
116,TRUE,NA,7,"sdmma_1993_01;sdmma_2007_09;sdmma_2009_01;sdmma_2014_12;sdmma_2019_01;sdmma_2020_04;sdmma_2021_12",-0.063383285961291,0,151,-0.151554776761047,0.00254212166101612,0.00038312667008373,0.0661262612849342,-2.97216757491736,-0.137168738759259,0.0135189974102453,0.0167736162155036,0.00252797488981689,0.436319215389654,-19.6111771495234,-0.9050769740866,0.0892020541956284
117,TRUE,NA,4,"sdmma_2009_01;sdmma_2014_12;sdmma_2019_01;sdmma_2020_04",-34.1942945645936,1,151,-0.154678161802641,-0.0171739063190321,-0.00490806702373329,0.127370741420584,-0.0128144214080326,-0.000313192942851235,0.000304150734708895,-0.111029935440692,-0.0317308336647785,0.823456523766427,-0.08284570529344,-0.00202480388440902,0.0019663456764955
118,TRUE,NA,6,"sdmma_1992_01;sdmma_2007_09;sdmma_2009_01;sdmma_2014_12;sdmma_2019_01;sdmma_2020_04",-0.0748176474122434,0,151,-0.331032908867018,0.0120975080815911,0.000973571279628949,0.327714897742245,-5.33712481318428,-0.0772526309151724,0.0342533552576555,0.036544729413748,0.00294101055680857,0.989976793738939,-16.1226411943482,-0.23336843209811,0.10347416930507
119,TRUE,NA,5,"sdmma_1993_01;sdmma_2007_09;sdmma_2009_01;sdmma_2019_01;sdmma_2020_04",-0.0477759112087668,0,151,-0.244969793231869,0.025366256836771,-0.00137245956933848,0.256424210743384,-6.06574381336896,-0.233248861026559,0.00546091772173671,0.103548508990091,-0.00560256655007018,1.04675848952803,-24.7611908935548,-0.952153561258811,0.0222922085604564
120,TRUE,NA,4,"sdmma_2007_09;sdmma_2009_01;sdmma_2019_01;sdmma_2020_04",-0.0541049538429481,0,151,-0.330430513806145,-0.0057766231856852,0.00353082447323842,0.366986354894689,-8.17498559641002,0.584313457674708,0.0436978342292019,-0.0174821118036157,0.0106855278968269,1.11063094829671,-24.7404076041418,1.76833988769424,0.132245154135003
121,TRUE,NA,7,"sdmma_1992_01;sdmma_1998_09;sdmma_2007_09;sdmma_2009_01;sdmma_2014_12;sdmma_2019_01;sdmma_2020_04",-29.6768529290028,1,151,-0.179758365880173,0.00208428367498248,0.00636456564360833,0.19415946273991,-0.0386735546168865,-0.00120296769907923,-0.00261577480912763,0.0115949189055928,0.0354062277571601,1.0801136391579,-0.215141890212032,-0.00669213748794942,-0.0145516165343387
122,TRUE,NA,4,"sdmma_1993_01;sdmma_2007_09;sdmma_2008_12;sdmma_2020_04",-0.0174696243419273,0,151,-0.181229868355603,-0.0133341502739676,-0.004542153445759,0.189671220879679,7.59823182141807,0.310893578025384,0.011028996252562,-0.0735758978084328,-0.0250629407115529,1.0465781529318,41.9259357762656,1.71546545194945,0.0608563938860305
123,TRUE,NA,8,"sdmma_1990_09;sdmma_1993_01;sdmma_2007_09;sdmma_2009_01;sdmma_2014_12;sdmma_2019_01;sdmma_2020_04;sdmma_2021_12",-0.0596433905897633,0,151,-0.194827449016463,0.00190890964894278,-0.00156445427190878,0.116001596421139,-3.22874601386298,0.0313432869704614,0.035755075354794,0.00979795023021359,-0.00802994793498828,0.59540684337214,-16.5723363425559,0.160877161450761,0.183521754944154
124,TRUE,NA,8,"sdmma_1990_09;sdmma_2007_09;sdmma_2009_01;sdmma_2014_12;sdmma_2017_03;sdmma_2019_01;sdmma_2020_04;sdmma_2021_12",-0.0799787295923949,0,151,-0.223471646423889,0.0101381147597492,0.00403471270231761,0.0768077947241141,-6.84486898198359,0.188031241424015,0.0485776752879876,0.0453664476992255,0.018054696275269,0.343702639476788,-30.629697733555,0.841409836249877,0.217377354422152
125,TRUE,NA,6,"sdmma_2007_09;sdmma_2009_01;sdmma_2014_12;sdmma_2017_03;sdmma_2019_01;sdmma_2020_04",-241.660762770215,1,151,-0.353349746414405,0.0212193991217884,0.00846440149038167,0.291294453193048,-0.00224668938605175,-0.0000300806151972226,0.000149556962745315,0.06005211362711,0.0239547405262737,0.824379969559737,-0.00635825951157429,-0.0000851298621336617,0.000423254761784704
126,TRUE,NA,7,"sdmma_2007_09;sdmma_2009_01;sdmma_2014_12;sdmma_2019_01;sdmma_2019_09;sdmma_2020_04;sdmma_2021_12",-0.0679251142237553,0,151,-0.249098143052154,0.00187920219866895,0.00236162602605589,0.20389918828914,-4.1651887109193,0.00722210608060866,0.0331052997796311,0.0075440233140377,0.00948070506315027,0.818549611774701,-16.7210749140238,0.0289930145288018,0.13290062853941
127,TRUE,NA,8,"sdmma_1990_09;sdmma_2007_09;sdmma_2009_01;sdmma_2014_12;sdmma_2017_03;sdmma_2019_01;sdmma_2020_04;sdmma_2021_12",-0.0836023333275235,0,151,-0.19776122944323,0.010379784643608,0.00706086188146913,0.0392285311642906,-6.70072039491875,0.00408774368910892,0.000679857102031958,0.0524864487990437,0.035703974441037,0.198363103196381,-33.8828819672274,0.0206700964623724,0.00343776737202739
128,TRUE,NA,5,"sdmma_1993_01;sdmma_2007_09;sdmma_2009_01;sdmma_2019_01;sdmma_2020_04",-3.90728705329598,1,151,-0.13168065327218,0.0125852796885981,0.00847364065105677,0.123264851228316,0.184044572771044,0.00815226588766189,0.0185113457546966,0.095574250095682,0.0643499287138409,0.936089305188453,1.39765841220904,0.0619093669805192,0.140577566215701
129,TRUE,NA,5,"sdmma_2007_09;sdmma_2009_01;sdmma_2014_12;sdmma_2019_01;sdmma_2020_04",-0.0698998135324752,0,151,-0.161855871080931,-0.0333439877980294,-0.0179802863438301,0.11825462563097,-0.915635909746091,-0.252531429120781,0.003379430457625,-0.206010369443792,-0.11108825539507,0.730616843499238,-5.65710655802071,-1.56022408970577,0.0208792577930967
130,TRUE,NA,6,"sdmma_1993_01;sdmma_2007_09;sdmma_2009_01;sdmma_2014_12;sdmma_2019_01;sdmma_2020_04",-0.0459255697890467,0,151,-0.177255625225618,-0.0289149851396997,-0.0097745604049622,0.214642332521287,3.13892909512379,-0.128095129742771,0.0256219394655295,-0.163125909842893,-0.055143865773065,1.21091972256498,17.7084879034357,-0.722657628381196,0.144547962485912
131,TRUE,NA,5,"sdmma_1990_09;sdmma_2007_09;sdmma_2009_01;sdmma_2019_01;sdmma_2019_09",-0.0469995969487894,0,151,-0.277357541618495,-0.0281061746243772,-0.0149574530182082,0.156828259316583,-8.26368679872458,-0.420082622015417,-0.00623980809969272,-0.101335534128137,-0.0539284164797731,0.56543715523806,-29.7943468582198,-1.51458878516179,-0.0224973442700742
132,TRUE,NA,7,"sdmma_1990_09;sdmma_2008_12;sdmma_2014_12;sdmma_2017_03;sdmma_2019_01;sdmma_2020_04;sdmma_2021_12",-0.0764334890044325,0,151,-0.10264601245625,0.00146868348020423,-0.0032318601405996,0.0401691296234426,-1.95131451277325,-0.249837098149922,0.0145763796138135,0.0143082370669803,-0.0314854913821139,0.391336484118794,-19.0101345983114,-2.43396788800158,0.142006291964106
133,TRUE,NA,8,"sdmma_1993_01;sdmma_2007_09;sdmma_2009_01;sdmma_2014_12;sdmma_2017_03;sdmma_2019_01;sdmma_2020_04;sdmma_2021_12",-0.0437285467053199,0,151,-0.12262796656326,0.0497190356375883,0.0170510501758568,0.0731822994834903,-12.084162562647,0.320071306752031,0.0529638128822221,0.405446139498201,0.139046994366172,0.596783111833937,-98.5432842223077,2.61010041772907,0.431906475876363
134,TRUE,NA,8,"sdmma_1993_01;sdmma_2007_09;sdmma_2009_01;sdmma_2014_12;sdmma_2017_03;sdmma_2019_01;sdmma_2020_04;sdmma_2021_12",-0.0590778236315551,0,151,-0.118030371927392,-0.0116156962201124,-0.00108802520558255,0.0448913680938876,-2.58700074866836,-0.218208016164311,0.0120451218340084,-0.0984127731738227,-0.00921817992958507,0.380337428077437,-21.9180936772764,-1.84874462903959,0.102051036841755
135,TRUE,NA,6,"sdmma_1993_01;sdmma_2007_09;sdmma_2009_01;sdmma_2014_12;sdmma_2019_01;sdmma_2020_04",-0.0344823300083549,0,151,-0.166430668951154,0.0000834389268314024,0.00979254348681976,0.230874028067156,4.08940944544194,0.306037581257208,0.0186329258042532,0.000501343456450873,0.0588385755373837,1.38720843653471,24.5712492247577,1.83882924454884,0.111956083104622
136,TRUE,NA,6,"sdmma_1993_01;sdmma_2007_09;sdmma_2008_12;sdmma_2014_12;sdmma_2019_01;sdmma_2020_04",-0.0779411548587328,0,151,-0.179609830559724,-0.0286239548298734,-0.00822413577125133,0.0708853227826568,-3.35221909271278,-0.0897442627520248,0.00968783385151676,-0.159367417366141,-0.045788895549994,0.394662823085766,-18.6638954129969,-0.499662309531453,0.0539382160838649
137,TRUE,NA,9,"sdmma_1992_01;sdmma_1993_01;sdmma_2007_09;sdmma_2009_01;sdmma_2014_12;sdmma_2017_03;sdmma_2019_01;sdmma_2020_04;sdmma_2021_12",-0.0515964409081615,0,151,-0.139682328522789,0.0031503885322165,0.00220246077758645,0.125751019011026,-6.3390865792908,-0.272841287986236,-0.00461863770145114,0.022553951996172,0.0157676407665779,0.900264337951028,-45.3821657064988,-1.95329853727147,-0.033065297166045
138,TRUE,NA,6,"sdmma_1993_01;sdmma_2007_09;sdmma_2008_12;sdmma_2014_12;sdmma_2019_01;sdmma_2020_04",-0.0621561691982577,0,151,-0.227124754580954,0.00695205438949447,-0.00451627694022208,0.195181509291912,-2.36500399580074,-0.0978868562523863,0.0348074596024779,0.0306089681960077,-0.0198845649764361,0.859358151655566,-10.4127971438612,-0.430982771706185,0.153252601931031
139,TRUE,NA,7,"sdmma_1992_01;sdmma_1993_01;sdmma_1998_09;sdmma_2007_09;sdmma_2009_01;sdmma_2019_01;sdmma_2020_04",-0.0521264543286924,0,151,-0.17724525987414,-0.011934496386153,-0.00326748710735822,0.141010753156338,-4.21148325004637,-0.0685494248468809,0.0245326930886948,-0.0673332330276567,-0.0184348349269167,0.795568543026021,-23.7607665956026,-0.386748987789897,0.138410996751705
140,TRUE,NA,8,"sdmma_1990_09;sdmma_1992_01;sdmma_1993_01;sdmma_2007_09;sdmma_2009_01;sdmma_2014_12;sdmma_2019_01;sdmma_2020_04",-0.0933098884782583,0,151,-0.149112835615278,0.0310349847180703,0.0133643106041269,0.0185963342736529,-5.05613278482823,0.0806594098018234,0.0285646873851286,0.20813087344233,0.0896254876314461,0.124713169036855,-33.9080989504715,0.540928683094263,0.191564242389083
141,TRUE,NA,5,"sdmma_2007_09;sdmma_2009_01;sdmma_2014_12;sdmma_2019_01;sdmma_2020_04",-24.8512373355722,1,151,-0.180300817996944,-0.0244253910780502,-0.0108952996785229,0.254692524954687,-0.0270267973210005,-0.00164638285769565,-0.00257936662673082,-0.135470217769418,-0.0604284539558082,1.41259772298429,-0.149898362199658,-0.00913131108325619,-0.014305906403456
142,TRUE,NA,6,"sdmma_2007_09;sdmma_2009_01;sdmma_2014_12;sdmma_2019_01;sdmma_2020_04;sdmma_2021_12",-0.0496045933757724,0,151,-0.152015305805092,-0.0224711985090649,0.00306680659397763,0.0382024379428096,-6.66505295763539,-0.436146250592212,0.00708752856596383,-0.147821947204951,0.0201743276950662,0.251306522987831,-43.8446176346284,-2.86909432101147,0.0466237825752307
143,TRUE,NA,9,"sdmma_1990_09;sdmma_1993_01;sdmma_1998_09;sdmma_2007_09;sdmma_2009_01;sdmma_2014_12;sdmma_2019_01;sdmma_2020_04;sdmma_2021_12",-91.871761964702,1,151,-0.0962483471813797,-0.00918654852923909,-0.0097112509672824,0.0489849842856026,-0.000688360606682735,-0.000223320309118507,0.0000952856501472579,-0.0954462990613965,-0.100897846577891,0.508943641320828,-0.00715192132479451,-0.00232025084750454,0.000989997781132724
144,TRUE,NA,5,"sdmma_2007_09;sdmma_2008_12;sdmma_2014_12;sdmma_2019_01;sdmma_2020_04",-0.0702264073562495,0,151,-0.231223804664155,0.00654612859868193,0.006510810864193,0.137729531666199,-5.75795452417067,-0.100776073864231,0.0125938356005349,0.028310790094428,0.0281580474538499,0.595654638008603,-24.9020836437403,-0.435837797975018,0.0544659993759164
145,TRUE,NA,8,"sdmma_1990_09;sdmma_1993_01;sdmma_2007_09;sdmma_2009_01;sdmma_2014_12;sdmma_2019_01;sdmma_2020_04;sdmma_2021_12",-0.0531230386527537,0,151,-0.141284377088376,0.01065788791516,-0.00354980068022818,0.154753284508324,-1.80715260170616,-0.316562326367566,0.0239154011785812,0.0754357143712594,-0.0251252173338863,1.09533189512895,-12.7908877042771,-2.24060390038419,0.169271377851081
146,TRUE,NA,7,"sdmma_1990_09;sdmma_2007_09;sdmma_2009_01;sdmma_2014_12;sdmma_2019_01;sdmma_2020_04;sdmma_2021_12",-0.0729498475227496,0,151,-0.10815777090561,0.0301397199000634,0.0120104323646653,0.0541211729612332,-1.90744205059264,0.0847949323301024,0.0425152284273679,0.278664395981003,0.111045487199869,0.500390979844298,-17.6357374474488,0.783992972674185,0.393085287089277
147,TRUE,NA,7,"sdmma_1990_09;sdmma_2007_09;sdmma_2008_12;sdmma_2014_12;sdmma_2019_01;sdmma_2020_04;sdmma_2021_12",-0.0828697924833946,0,151,-0.102039163859012,0.0150974157405423,0.00847646543772402,-0.00945372357518333,-1.17493325661056,-0.0484884686310632,0.0237183306188935,0.147957070300993,0.0830707065518099,-0.0926479913952019,-11.5145323832129,-0.475194687973531,0.232443404295877
148,TRUE,NA,7,"sdmma_1993_01;sdmma_2007_09;sdmma_2009_01;sdmma_2014_12;sdmma_2019_01;sdmma_2020_04;sdmma_2021_12",-0.050853863049209,0,151,-0.127102180082525,0.00321351645337176,-0.00387642986950091,0.130423868694445,-4.35423026643986,-0.0553353949883041,0.037004577920141,0.0252829373287326,-0.0304985317087718,1.0261340018697,-34.257715041652,-0.435361493818406,0.291140387176008
149,TRUE,NA,7,"sdmma_1993_01;sdmma_2007_09;sdmma_2009_01;sdmma_2014_12;sdmma_2019_01;sdmma_2020_04;sdmma_2021_12",-0.0845365439557842,0,151,-0.116287604277535,-0.00496536315966597,0.00198629691145229,0.0368363070256581,-3.9875342128195,-0.144097393161358,-0.0120768753441465,-0.0426989892045203,0.017080899755332,0.316768990594593,-34.2902774340656,-1.23914663180654,-0.103853505446062
150,TRUE,NA,6,"sdmma_1992_01;sdmma_2007_09;sdmma_2009_01;sdmma_2019_01;sdmma_2020_04;sdmma_2021_12",-0.0470842091479622,0,151,-0.182601915285891,0.0169664280735364,0.00326529698336248,0.0311775045957688,-6.69031899613652,0.215106728294282,0.0436616872397093,0.0929148418129838,0.0178820522131445,0.170740293424391,-36.638821589915,1.17800915700966,0.23910859407663
151,TRUE,NA,4,"sdmma_2007_09;sdmma_2009_01;sdmma_2019_01;sdmma_2019_09",-11.5647956310906,1,151,-0.153372852620297,-0.0265167614003081,-0.0110791820889388,0.189172202115839,-0.0259619989395546,-0.00236854624786242,-0.00161044394583866,-0.172890840505884,-0.0722369174182823,1.2334138596494,-0.169273756704704,-0.0154430605377484,-0.0105001890381841
152,TRUE,NA,4,"sdmma_2008_12;sdmma_2014_12;sdmma_2019_01;sdmma_2020_04",-0.0682717715375545,0,151,-0.250216513386243,-0.0242197013817629,-0.00492622281960815,0.226784034775549,-7.53527150424741,-0.230503574598687,-0.00854974923208424,-0.0967949758950419,-0.0196878405543276,0.906351190440724,-30.1150048103168,-0.921216475600368,-0.0341694043945314
153,TRUE,NA,6,"sdmma_1993_01;sdmma_2007_09;sdmma_2009_01;sdmma_2014_12;sdmma_2019_01;sdmma_2020_04",-0.0592208422866046,0,151,-0.131755786584257,-0.0000262835837662983,0.0107801041391495,0.0573767737182428,-1.50569511797278,0.0159687361644469,-0.0150509412479466,-0.000199487130301409,0.081818828748411,0.435478207111236,-11.4279240176666,0.121199505376069,-0.114233625999581
154,TRUE,NA,5,"sdmma_1993_01;sdmma_2007_09;sdmma_2009_01;sdmma_2019_01;sdmma_2020_04",-0.0377749472958373,0,151,-0.140502840527736,-0.0000855372252989841,0.00343662223440098,0.0227363285571125,-4.65662084669224,-0.416428311181135,-0.00502862078119825,-0.00060879356586459,0.0244594502252969,0.161821130958732,-33.1425388212918,-2.96384264984971,-0.0357901716599501
155,TRUE,NA,6,"sdmma_1992_01;sdmma_1993_01;sdmma_2007_09;sdmma_2008_12;sdmma_2019_01;sdmma_2020_04",-0.0482736634505798,0,151,-0.219951166150166,0.005198335079865,0.00182267601891398,0.135330654205584,-1.17069376610894,0.372449725579411,0.0408503332014053,0.0236340419141764,0.00828673041755821,0.615275911350207,-5.32251675042119,1.69332916982641,0.185724558393638
156,TRUE,NA,5,"sdmma_2009_01;sdmma_2014_12;sdmma_2019_01;sdmma_2020_04;sdmma_2021_12",-25.345317334779,1,151,-0.16075021707284,0.0181250158558911,0.0117110789964459,0.136408304010326,-0.0257756462803852,-0.00148889645666567,-0.00201628429820793,0.112752667995952,0.0728526481002466,0.848573062570212,-0.160345950069265,-0.00926217384820709,-0.0125429646996638
157,TRUE,NA,6,"sdmma_1993_01;sdmma_2009_01;sdmma_2014_12;sdmma_2017_03;sdmma_2020_04;sdmma_2021_12",-37.2859161860216,1,151,-0.165165794159325,0.00754492975375622,0.000629061600166957,0.0872593481122524,-0.00967131063201746,-0.0000669593925110384,0.000510220509188825,0.0456809461799221,0.00380866754747136,0.528313677516537,-0.0585551668324747,-0.000405407141665464,0.00308914150042864
158,TRUE,NA,5,"sdmma_1993_01;sdmma_2008_12;sdmma_2014_12;sdmma_2019_01;sdmma_2020_04",-0.0581244915430229,0,151,-0.126998741438395,-0.00970964062378286,0.00198534430664163,0.125086125586444,1.92519694120301,-0.164219166045132,-0.00752477599896454,-0.0764546208396311,0.0156327872556492,0.984939883417041,15.1591812595788,-1.29307711387669,-0.0592507918876871
159,TRUE,NA,7,"sdmma_1990_09;sdmma_1993_01;sdmma_2007_09;sdmma_2009_01;sdmma_2014_12;sdmma_2019_01;sdmma_2020_04",-0.0511084197970695,0,151,-0.175159205641924,0.0012681623024773,0.000923344796839452,0.104883646779657,-13.0627882135569,-0.19092750142207,0.0228067658464953,0.00724005511345942,0.00527146028925843,0.598790376990346,-74.5766582217839,-1.09002264952252,0.130205921880686
160,TRUE,NA,6,"sdmma_1990_09;sdmma_2007_09;sdmma_2009_01;sdmma_2014_12;sdmma_2019_01;sdmma_2020_04",-0.062124437492096,0,151,-0.199977038660405,0.025199107963268,0.0221067628116735,-0.0175868145772177,-8.96721009339889,-0.0016072922092858,0.0216359303988941,0.126010006609111,0.110546505537641,-0.0879441694657914,-44.8411985369318,-0.0080373837919225,0.108192073169138
161,TRUE,NA,7,"sdmma_2007_09;sdmma_2008_12;sdmma_2014_12;sdmma_2017_03;sdmma_2019_01;sdmma_2020_04;sdmma_2021_12",-0.0541905323422031,0,151,-0.0772038823147799,0.00783858785053895,0.00655483977127281,0.0349283343976709,-0.921971719179237,-0.0365230176366063,0.0189626289005023,0.101531006155611,0.0849029812328227,0.452416813124231,-11.9420382956925,-0.473072293018797,0.24561755616365
162,TRUE,NA,7,"sdmma_1990_09;sdmma_1992_01;sdmma_1993_01;sdmma_2007_09;sdmma_2008_12;sdmma_2019_01;sdmma_2020_04",-0.0460755503335535,0,151,-0.236945131705947,-0.000573010581280726,0.00241960359271932,0.20808247251766,-5.0868506589942,-0.200062886468236,0.0108501402364678,-0.00241832603672922,0.0102116619797114,0.878188427082326,-21.4684750953528,-0.84434267557148,0.0457917837701473
163,TRUE,NA,5,"sdmma_1993_01;sdmma_2009_01;sdmma_2014_12;sdmma_2019_01;sdmma_2020_04",-0.0497122597337414,0,151,-0.168604096633497,0.00655970139442382,0.0044009253499916,0.113388063192082,-14.1225704012056,-0.354618372019023,-0.00427610626998581,0.0389059431259429,0.0261021258549732,0.672510724567738,-83.7617275213927,-2.10326071014676,-0.0253618171525273
164,TRUE,NA,7,"sdmma_1992_01;sdmma_2007_09;sdmma_2009_01;sdmma_2014_12;sdmma_2019_01;sdmma_2020_04;sdmma_2021_12",-0.0720124434597222,0,151,-0.26842641343895,-0.012830014712978,-0.0127731316850114,0.272991980365264,-3.95313501171655,0.00386769266931861,0.0357324790614514,-0.047797139441704,-0.0475852265109388,1.01700863513326,-14.7270716062212,0.014408763354424,0.133118341834039
165,TRUE,NA,7,"sdmma_1992_01;sdmma_2007_09;sdmma_2009_01;sdmma_2014_12;sdmma_2017_03;sdmma_2019_01;sdmma_2021_12",-0.0797882502130699,0,151,-0.206219082228733,0.0291819338365519,0.0132081773635536,0.0970812622385815,-4.1507966517366,-0.00394742400110912,0.034163765936928,0.141509376926545,0.0640492490840561,0.470767599144396,-20.1280919635392,-0.0191418949131523,0.165667335765923
166,TRUE,NA,7,"sdmma_1993_01;sdmma_2007_09;sdmma_2008_12;sdmma_2014_12;sdmma_2019_01;sdmma_2020_04;sdmma_2021_12",-0.0796585178411737,0,151,-0.117547905593823,0.00318461813457289,0.00704086070265038,-0.0270906859834241,-2.43907773185354,-0.0141131684415763,0.0187173864962994,0.0270920874215918,0.0598977979835682,-0.230465067383111,-20.749648575463,-0.12006312124644,0.159231986327138
167,TRUE,NA,5,"sdmma_1993_01;sdmma_2008_12;sdmma_2014_12;sdmma_2019_01;sdmma_2020_04",-0.0679741494370965,0,151,-0.17614930450262,-0.00477820966344336,0.00257131677613385,0.0907952418556536,-4.34385295271029,-0.360391254870912,-0.00548037150824786,-0.0271259070646645,0.0145973711528086,0.515444793336116,-24.6600630355919,-2.04594196887988,-0.0311120814454669
168,TRUE,NA,6,"sdmma_1993_01;sdmma_2007_09;sdmma_2009_01;sdmma_2019_01;sdmma_2020_04;sdmma_2021_12",-6.69922680357349,1,151,-0.170528460545524,0.0217695734160499,0.0098514683698889,0.0602006836324248,-0.0757254487411536,0.0025730952007375,0.00961141704636263,0.127659473066306,0.0577702298981287,0.353024260231058,-0.44406340442473,0.0150889487450137,0.0563625392243353
169,TRUE,NA,6,"sdmma_1993_01;sdmma_2007_09;sdmma_2009_01;sdmma_2014_12;sdmma_2019_01;sdmma_2020_04",-0.0750689319059329,0,151,-0.185495249752713,-0.0159233230280365,-0.0116174189835002,0.0975804094695312,-2.51835042297871,-0.0744077361301588,0.0471543755219188,-0.0858422145540877,-0.0626291993945267,0.526053414303695,-13.5763607226383,-0.401130143382933,0.254207995001388
170,TRUE,NA,3,"sdmma_2008_12;sdmma_2019_01;sdmma_2020_04",-0.0461686461212233,0,151,-0.180786719746294,-0.00502197991717407,0.0063106655243779,0.133163160490327,-10.8587079958381,-0.22339220863719,-0.0074933520741813,-0.0277784780000524,0.0349066874670547,0.736576008886052,-60.0636374788845,-1.23566713833121,-0.0414485758948281
171,TRUE,NA,8,"sdmma_1992_01;sdmma_1993_01;sdmma_2007_09;sdmma_2009_01;sdmma_2014_12;sdmma_2017_03;sdmma_2019_01;sdmma_2020_04",-0.0554072204738125,0,151,-0.194696358914634,-0.00430791362870175,-0.00567450642530376,0.130046122517207,-0.860321498205627,0.0257214422837653,0.0438678432503669,-0.0221263184001843,-0.0291454162622105,0.667943269417926,-4.41878575953668,0.13211054601716,0.225314142980974
172,TRUE,NA,4,"sdmma_1992_01;sdmma_2009_01;sdmma_2019_01;sdmma_2020_04",-0.0383141622444297,0,151,-0.243508852224328,0.0122107921987929,-0.000695700516107625,0.105035460761988,-12.7233349429854,0.0857550153727679,0.0237495222949348,0.0501451675668196,-0.00285698244541321,0.431341447354142,-52.2499893813479,0.352163851906984,0.0975304268325159
173,TRUE,NA,6,"sdmma_2007_09;sdmma_2009_01;sdmma_2014_12;sdmma_2019_01;sdmma_2020_04;sdmma_2021_12",-0.0629806858072955,0,151,-0.180247514067992,0.0189419729119809,0.00335709194159332,0.122029754719643,-2.85100851856132,-0.20660743030825,0.037367588019039,0.105088677699242,0.0186249000933626,0.677012137174951,-15.8171863468024,-1.14624288371774,0.207312640134073
174,TRUE,NA,4,"sdmma_2007_09;sdmma_2009_01;sdmma_2019_01;sdmma_2020_04",-0.0387090076815587,0,151,-0.0770402398444482,0.00129818497263354,0.00261791172284171,0.046926015356435,0.416867451306946,-0.311810075132603,0.00547834969580359,0.0168507389807547,0.0339810951799674,0.609110452552889,5.41103522196507,-4.04736636025767,0.0711102367654217
175,TRUE,NA,6,"sdmma_1990_09;sdmma_1993_01;sdmma_2007_09;sdmma_2009_01;sdmma_2019_01;sdmma_2020_04",-0.0342017286423671,0,151,-0.152509971467074,0.00604827748570614,0.00532261572922256,0.128741617677699,-4.52656360980618,-0.331159069911586,-0.00248087619139223,0.0396582428514317,0.0349001162220509,0.844152132737716,-29.680443621245,-2.17139290451629,-0.01626697695585
176,TRUE,NA,6,"sdmma_2007_09;sdmma_2009_01;sdmma_2014_12;sdmma_2019_01;sdmma_2020_04;sdmma_2021_12",-0.0404739495337434,0,151,-0.227386396314359,0.00343700526942874,-0.00684404939631915,0.14119978278827,-5.1517846052065,0.259498665256864,0.0667109696821915,0.0151152633804756,-0.0300987636342912,0.620968470748192,-22.6565207449096,1.1412233513658,0.293381533651487
177,TRUE,NA,6,"sdmma_1992_01;sdmma_1993_01;sdmma_2007_09;sdmma_2009_01;sdmma_2019_01;sdmma_2020_04",-0.0544540084738124,0,151,-0.252901202087162,-0.0289336910818337,-0.00800193209277806,0.216905013853603,1.08099521689178,0.224134265660419,0.0187466252000771,-0.114407091951511,-0.0316405458998974,0.857666994318386,4.27437753545836,0.886252274843565,0.074126279532733
178,TRUE,NA,7,"sdmma_1990_09;sdmma_1993_01;sdmma_2007_09;sdmma_2009_01;sdmma_2019_01;sdmma_2020_04;sdmma_2021_12",-0.0418655827806284,0,151,-0.173042499008223,0.0268809737379418,0.00733997216424398,0.076947437827115,-5.54880614342077,0.0234929512208529,0.0567679534849452,0.155343189632649,0.0424171646058763,0.444673639528625,-32.0661466126717,0.135764054238124,0.32805786908017
179,TRUE,NA,7,"sdmma_1993_01;sdmma_2007_09;sdmma_2009_01;sdmma_2014_12;sdmma_2019_01;sdmma_2020_04;sdmma_2021_12",-7.6129589337751,1,151,-0.166075042036212,0.0508743230264906,0.026215703986517,0.101390977113279,-0.086040608652538,0.00334072117587235,0.00777370171864076,0.306333344268536,0.157854567821219,0.610513029954081,-0.518082714883655,0.0201157328332569,0.0468083682131221
180,TRUE,NA,7,"sdmma_1992_01;sdmma_2007_09;sdmma_2009_01;sdmma_2014_12;sdmma_2017_03;sdmma_2019_01;sdmma_2020_04",-0.0654202807106822,0,151,-0.234764369153127,0.0225505483580623,0.0103036203995864,0.18978889266017,-10.4353059604432,0.0264993392891563,0.0113179447935656,0.0960560941995139,0.043889200208511,0.808422902269204,-44.4501267295663,0.112876325247942,0.0482098064301376
181,TRUE,NA,4,"sdmma_2007_09;sdmma_2009_01;sdmma_2019_01;sdmma_2020_04",-0.0327263165220282,0,151,-0.10298248037039,-0.0111168440980915,-0.00428682197176476,0.0485236192357896,-2.5388356816463,-0.375162290951465,0.00543266294429658,-0.107948886627204,-0.0416267112264789,0.471183244579738,-24.6530834421063,-3.64297198515849,0.0527532734185202
182,TRUE,NA,5,"sdmma_1993_01;sdmma_2007_09;sdmma_2009_01;sdmma_2019_01;sdmma_2020_04",-26.473817842731,1,151,-0.146348422895554,-0.0149844976971677,0.00897814182800428,0.172599659644788,0.0252862124385641,0.000182152361445836,-0.000120462072142528,-0.102389198330219,0.0613477183448145,1.17937492068479,0.172780901483375,0.00124464861214004,-0.00082311834838493
183,TRUE,NA,7,"sdmma_1992_01;sdmma_2007_09;sdmma_2009_01;sdmma_2014_12;sdmma_2019_01;sdmma_2020_04;sdmma_2021_12",-6.97029993443242,1,151,-0.138766278044236,-0.0155185134150894,-0.00162217237332687,0.15860981165988,-0.0237808934973263,-0.00176635974422463,0.00191285103234953,-0.111832021682836,-0.0116899609630645,1.14299968187745,-0.171373721573374,-0.0127290273193142,0.0137846965365732
184,TRUE,NA,9,"sdmma_1990_09;sdmma_1993_01;sdmma_2007_09;sdmma_2009_01;sdmma_2014_12;sdmma_2017_03;sdmma_2019_01;sdmma_2020_04;sdmma_2021_12",-0.0679158595159506,0,151,-0.0776742451415517,0.0160424262319353,0.00941521551081288,0.0543169690847475,-1.50522405088827,-0.203663753644468,0.00695366774659208,0.206534691166937,0.121214123081014,0.699291882216063,-19.3786762670843,-2.62202424076753,0.0895234673207301
185,TRUE,NA,7,"sdmma_1990_09;sdmma_1993_01;sdmma_2007_09;sdmma_2009_01;sdmma_2014_12;sdmma_2019_01;sdmma_2020_04",-0.0862400346501391,0,151,-0.154663271022389,0.0132487241120904,0.00805497506841138,-0.00714471034140097,-7.30953727245647,-0.0577510209158724,0.00718754629269526,0.0856617348418329,0.0520807235949726,-0.0461952620953342,-47.2609768572549,-0.373398419250504,0.0464722247575818
186,TRUE,NA,5,"sdmma_2007_09;sdmma_2008_12;sdmma_2019_01;sdmma_2020_04;sdmma_2021_12",-0.049286321160262,0,151,-0.123084805356477,-0.00514437205427667,-0.00482970751934061,0.0786647885244032,-2.91037449484767,-0.137512640385279,0.0227735264934009,-0.0417953462198491,-0.039238860599835,0.639110475875355,-23.6452784437419,-1.11721865251374,0.185023053231018
187,TRUE,NA,6,"sdmma_1993_01;sdmma_2007_09;sdmma_2014_12;sdmma_2019_01;sdmma_2020_04;sdmma_2021_12",-0.0467858875284651,0,151,-0.0945107751798616,0.0128415131929427,-0.00104565000667036,0.0188532207347025,-12.6118979125716,0.13048948504039,0.0314311431379332,0.135873535779432,-0.0110638179052114,0.199482235743208,-133.444021473426,1.38068368175012,0.332566769007208
188,TRUE,NA,7,"sdmma_1993_01;sdmma_2007_09;sdmma_2009_01;sdmma_2014_12;sdmma_2017_03;sdmma_2019_01;sdmma_2020_04",-0.0607647637962699,0,151,-0.149607032666152,-0.0458791063530376,-0.0153161857599189,0.124469403477378,-1.17439704172011,-0.497771558323714,-0.020563768925825,-0.306664102184399,-0.102376108174653,0.831975618119043,-7.84987858385491,-3.3271935780886,-0.137451886848882
189,TRUE,NA,4,"sdmma_2007_09;sdmma_2009_01;sdmma_2019_01;sdmma_2020_04",-0.048610744737461,0,151,-0.121937071245297,-0.0166389189713167,-0.00325612630961081,0.0329998669983634,-10.8747182106738,-0.502772163460899,-0.00669763188302413,-0.136454966495339,-0.0267033337471307,0.27063030677503,-89.18303596777,-4.1232100978503,-0.0549269538346605
190,TRUE,NA,4,"sdmma_2007_09;sdmma_2008_12;sdmma_2019_01;sdmma_2020_04",-0.048789308218649,0,151,-0.226519101424499,0.00750063773229914,0.00110896222720893,0.188223498168724,-3.47589797909315,-0.220879846686347,0.0314890789934725,0.0331126058912042,0.00489566760699232,0.830938746379677,-15.3448338671417,-0.97510472758064,0.139012907942195
191,TRUE,NA,5,"sdmma_1993_01;sdmma_2014_12;sdmma_2019_01;sdmma_2020_04;sdmma_2021_12",-0.0690576608625187,0,151,-0.144928430842852,-0.0197679845474159,-0.00633250977153885,0.186139730354252,-0.475989783877189,-0.324587151075427,-0.0150798157524185,-0.136398251415904,-0.0436940477083151,1.28435621135018,-3.28430923531706,-2.23963751755086,-0.104050086409683
192,TRUE,NA,8,"sdmma_1993_01;sdmma_2007_09;sdmma_2009_01;sdmma_2014_12;sdmma_2017_03;sdmma_2019_01;sdmma_2020_04;sdmma_2021_12",-0.0822114582718624,0,151,-0.218838209480067,-0.00747500673978584,-0.00120609816315451,0.145313887871548,-2.26959020624573,-0.102859835000817,0.0266574060513701,-0.0341576855227684,-0.00551136918008997,0.664024295468311,-10.371087442353,-0.470026853378118,0.121813307258842
193,TRUE,NA,7,"sdmma_1993_01;sdmma_2007_09;sdmma_2009_01;sdmma_2014_12;sdmma_2019_01;sdmma_2020_04;sdmma_2021_12",-11.9520835036822,1,151,-0.195253046860335,0.0237902552224435,0.0137365571240121,0.157270230609155,-0.0434969647690385,-0.000856847951255928,0.00276114386000371,0.121843195816866,0.070352587807953,0.80546876547156,-0.222772271513653,-0.00438839733890981,0.0141413611946284
194,TRUE,NA,7,"sdmma_1990_09;sdmma_2007_09;sdmma_2009_01;sdmma_2014_12;sdmma_2017_03;sdmma_2019_01;sdmma_2020_04",-0.0829044145955112,0,151,-0.258681331632815,0.0139359423399574,0.00812394596089197,0.0997951762538818,-7.42704974494778,0.0123115655243281,0.0127662810301826,0.0538730114461401,0.0314052270784793,0.385784221938118,-28.7111934134084,0.0475935601793012,0.0493513812906442
195,TRUE,NA,5,"sdmma_2007_09;sdmma_2009_01;sdmma_2019_01;sdmma_2020_04;sdmma_2021_12",-0.0470036770368174,0,151,-0.114050532215471,0.0343493278119298,0.0134520522673808,0.0541112748762221,0.285282818981253,0.3973940019659,0.0437300543921024,0.301176392119196,0.11794817618182,0.47444999883027,2.50137209743378,3.48436779948662,0.383427008560424
196,TRUE,NA,5,"sdmma_2007_09;sdmma_2009_01;sdmma_2019_01;sdmma_2020_04;sdmma_2021_12",-0.0559498655568246,0,151,-0.0602810693902439,0.00104941986936824,0.00378645226002272,0.00136720288921972,3.04388261472905,0.0529998171296316,0.0225883604633943,0.0174087799035975,0.0628132894509587,0.0226804683966172,50.4948343736862,0.879211627559634,0.374717314936189
197,TRUE,NA,7,"sdmma_1990_09;sdmma_1993_01;sdmma_2007_09;sdmma_2009_01;sdmma_2014_12;sdmma_2019_01;sdmma_2020_04",-0.0573994133939138,0,151,-0.166452783389786,0.014603035991514,0.00414568595211539,0.0983470326408395,-5.83425481881399,-0.117927290424513,0.0130483684026098,0.0877308008561065,0.0249060776737349,0.590840421157381,-35.0505092194932,-0.708472925612546,0.0783908093146998
198,TRUE,NA,6,"sdmma_1990_09;sdmma_1993_01;sdmma_2008_12;sdmma_2014_12;sdmma_2019_01;sdmma_2020_04",-0.0485952957386737,0,151,-0.152172932665445,-0.0151483538732973,-0.000471828697806995,0.080846884692869,-4.34351455683279,-0.616645028527576,-0.0367720489760823,-0.0995469667828594,-0.00310060856121056,0.531282950763738,-28.543279548815,-4.05226486554796,-0.24164645007484
199,TRUE,NA,6,"sdmma_1990_09;sdmma_2007_09;sdmma_2009_01;sdmma_2014_12;sdmma_2019_01;sdmma_2020_04",-0.0713815202174668,0,151,-0.221196433021789,0.0150304291628264,0.0130895758219912,0.133884455811318,-9.89929321924165,-0.198406066029862,-0.000530904890417998,0.0679505946705109,0.0591762518191325,0.605274027172625,-44.7534034975443,-0.896967746357456,-0.00240015122832339
