"draw","knots","adj_r2","logLik","BIC","lambda","n_obs","wald_F","wald_df1","wald_df2","wald_p","n_cci_terms","n_survivors_additive"
1,"1979-07-28, 1982-07-09, 1984-02-02, 1984-06-14, 1985-01-27, 1990-04-15, 1992-09-05, 1993-08-24, 1996-08-07, 1998-05-14, 1999-05-24, 2001-07-28, 2004-04-12, 2008-03-21, 2020-06-27",0.768202125196587,531.500863784081,-952.621571158234,-0.251472551667947,151,1.53921475561243,5,130,0.182061845517205,5,5
2,"1979-12-01, 1981-01-08, 1981-09-15, 1983-01-28, 1986-12-19, 1987-08-16, 1991-03-24, 1993-04-29, 1993-12-20, 1995-03-13, 1997-08-15, 1998-01-29, 2000-01-02, 2000-11-27, 2021-09-16",0.739519732200256,522.692931988581,-935.005707567234,-0.195357371928451,151,0.884145558189873,5,130,0.493778509223798,5,2
3,"1979-10-23, 1980-04-12, 1983-05-24, 1987-01-17, 1989-12-20, 1991-09-22, 2000-02-23, 2001-06-26, 2001-07-31, 2005-09-11, 2007-05-12, 2009-02-14, 2010-02-24, 2012-09-29, 2017-10-22",0.755335100885029,527.422070435245,-944.463984460562,-0.218253283663073,151,4.02946229182153,5,130,0.00196945131214854,5,6
4,"1979-06-14, 1980-11-21, 1981-02-07, 1982-08-01, 1984-12-07, 1986-06-10, 1991-02-12, 2000-12-30, 2002-08-16, 2010-07-25, 2012-10-19, 2013-07-31, 2017-12-01, 2018-12-17, 2019-05-03",0.790676744865027,539.200809067837,-968.021461725746,-0.263217152315974,151,1.93473308323928,5,130,0.0928459464494928,5,3
5,"1982-01-20, 1982-08-02, 1983-06-05, 1984-08-16, 1990-06-06, 1993-11-20, 1993-12-17, 1998-04-10, 2000-07-24, 2008-10-02, 2011-01-25, 2013-11-03, 2017-12-06, 2020-05-21, 2021-01-25",0.741443065940946,523.25247709077,-936.124797771613,-0.232186460757373,151,0.844954492651535,5,130,0.520265384464669,5,1
6,"1980-12-06, 1983-02-19, 1983-12-04, 2000-10-24, 2003-07-22, 2004-09-18, 2005-01-21, 2012-12-20, 2014-02-20, 2015-07-19, 2017-07-22, 2017-09-01, 2018-01-26, 2018-07-31, 2020-09-05",0.761673043938401,529.403644923363,-948.427133436798,-0.235883559455567,151,1.93430278183206,5,130,0.0929156761913168,5,3
7,"1981-08-18, 1984-11-07, 1989-11-27, 1994-09-09, 1998-11-26, 1999-03-16, 2000-08-24, 2000-11-24, 2001-05-26, 2004-10-08, 2005-11-04, 2006-12-19, 2007-02-11, 2014-02-17, 2020-01-09",0.75412356308573,527.049130244001,-943.718104078073,-0.208567165774432,151,2.5662984183002,5,130,0.0299775396317155,5,9
8,"1979-05-04, 1979-10-20, 1987-04-09, 1989-01-16, 1993-01-26, 1994-03-20, 1999-02-16, 2004-09-12, 2009-03-24, 2010-06-09, 2017-09-01, 2019-02-18, 2019-12-27, 2021-04-01, 2021-11-18",0.819246777429255,550.280210785474,-990.18026516102,-0.367338290995744,151,8.56575832328304,5,130,0.000000489980747276954,5,7
9,"1982-08-20, 1986-07-07, 1987-07-16, 1988-11-23, 1990-05-16, 1993-04-26, 1994-08-23, 1995-11-07, 1996-02-02, 1997-12-12, 2006-02-16, 2008-05-30, 2012-07-04, 2017-11-07, 2020-08-08",0.748004295286827,525.19311964806,-940.006082886191,-0.173722278119888,151,2.8478107283686,5,130,0.0178779988678184,5,7
10,"1980-08-04, 1981-09-21, 1986-11-25, 1991-10-11, 1993-05-13, 2000-12-06, 2004-04-10, 2004-08-02, 2007-03-03, 2007-12-13, 2010-05-02, 2011-08-07, 2013-05-30, 2013-08-28, 2018-11-19",0.821387049891325,551.179530163659,-991.978903917389,-0.383213095110167,151,3.20790503199147,5,130,0.00916734090240279,5,4
11,"1979-12-03, 1981-06-21, 1987-08-19, 1988-01-07, 1988-03-26, 1988-10-04, 1989-02-10, 1991-01-16, 1992-11-22, 1997-04-22, 2004-02-24, 2008-01-10, 2008-09-02, 2010-01-28, 2016-05-24",0.74919622975255,525.551080327095,-940.722004244261,-0.24197866108472,151,2.40194120650771,5,130,0.0404155767587519,5,5
12,"1982-08-07, 1984-05-22, 1989-09-26, 1996-12-26, 2004-10-06, 2005-08-17, 2006-04-11, 2007-02-18, 2008-04-22, 2015-01-05, 2016-03-30, 2018-12-12, 2020-06-29, 2020-09-14, 2021-03-06",0.824580741111809,552.541723896083,-994.703291382238,-0.438680222547628,151,4.45521198177162,5,130,0.000885973817291216,5,8
13,"1979-10-21, 1982-09-01, 1986-12-28, 1988-01-26, 1988-03-01, 1996-08-04, 1999-03-28, 1999-07-10, 2001-03-30, 2008-01-07, 2015-03-31, 2015-05-10, 2019-03-09, 2020-10-14, 2021-02-27",0.7535639122928,526.877476463306,-943.374796516685,-0.224029623781652,151,2.96794057597214,5,130,0.0143169570064864,5,2
14,"1980-07-30, 1982-04-23, 1983-06-04, 1985-05-15, 1987-03-06, 1988-02-01, 1988-05-10, 1995-12-04, 1998-03-08, 2011-07-26, 2013-06-21, 2014-11-07, 2021-02-07, 2021-08-25, 2021-11-09",0.824844925611212,552.655513934812,-994.930871459696,-0.437995057909739,151,2.94511542925527,5,130,0.0149350375308245,5,4
15,"1979-09-21, 1983-04-27, 1985-03-01, 1987-06-12, 1988-07-01, 1990-06-23, 1994-03-24, 1994-08-02, 1996-09-20, 1997-07-15, 2005-08-13, 2007-04-13, 2007-11-24, 2014-04-12, 2016-04-01",0.759477508634201,528.711301733027,-947.042447056125,-0.222336406553682,151,11.4092487296422,5,130,0.00000000385898520115092,5,8
16,"1985-10-13, 1988-05-08, 1988-09-18, 1989-05-16, 1992-01-17, 1992-08-08, 1993-07-11, 1995-03-08, 2000-08-29, 2001-05-22, 2005-07-19, 2011-01-17, 2012-11-30, 2018-02-07, 2018-08-07",0.797824290348257,541.823872598436,-973.267588786943,-0.303467546599245,151,2.31735397268845,5,130,0.0470829578868975,5,8
17,"1983-03-16, 1984-08-18, 1986-06-12, 1987-03-22, 1987-07-16, 1988-04-22, 1991-12-02, 1995-09-03, 1996-10-02, 1998-02-03, 2013-10-18, 2014-11-29, 2019-02-16, 2019-10-31, 2021-11-28",0.76594025815667,530.767711433099,-951.155266456269,-0.280943424937373,151,1.18757988151051,5,130,0.318800400621713,5,3
18,"1979-08-20, 1979-10-08, 1989-01-17, 1990-02-23, 1991-08-04, 1991-10-05, 1995-12-07, 2002-10-21, 2004-07-14, 2007-01-03, 2010-12-24, 2013-04-18, 2019-05-04, 2020-03-15, 2021-08-17",0.747643079927135,525.084974025416,-939.789791640904,-0.210497409125879,151,1.42667167413521,5,130,0.21886581680165,5,4
19,"1987-10-25, 1990-04-02, 1990-12-11, 1991-03-09, 1998-12-09, 1999-01-24, 1999-10-18, 2004-10-16, 2005-01-09, 2006-01-25, 2007-08-30, 2008-02-04, 2016-06-09, 2018-03-12, 2018-04-29",0.772555096884146,532.932172978642,-955.484189547355,-0.235562943571235,151,4.43201151874679,5,130,0.000925370465032608,5,10
20,"1984-01-11, 1984-04-17, 1986-03-20, 1988-06-20, 1989-04-20, 1989-06-05, 1993-03-22, 1994-06-03, 1996-05-03, 1997-02-12, 2004-07-21, 2014-04-24, 2015-09-07, 2019-01-20, 2019-10-29",0.744087460492607,524.028630224067,-937.677104038205,-0.181343229247582,151,3.72719048496707,5,130,0.00347215060911316,5,3
21,"1979-08-29, 1986-10-14, 1989-05-25, 1991-07-24, 1993-10-25, 1994-10-10, 1995-04-15, 1996-04-17, 2002-04-01, 2004-07-24, 2004-09-08, 2008-04-08, 2011-11-30, 2016-12-07, 2019-10-04",0.77898682354985,535.097943575281,-959.815730740634,-0.385185174241142,151,1.000815459857,5,130,0.419995157737505,5,5
22,"1979-10-08, 1988-05-02, 1996-01-04, 1996-02-02, 1996-11-19, 1997-06-18, 1998-01-12, 2000-05-25, 2000-10-26, 2005-05-04, 2010-03-21, 2016-04-19, 2016-12-12, 2017-10-14, 2019-08-26",0.770950353803821,532.401351299251,-954.422546188574,-0.291356323767772,151,1.3206851793915,5,130,0.259290411037537,5,7
23,"1980-03-17, 1980-06-24, 1983-03-25, 1990-10-28, 1995-05-06, 1996-05-13, 1997-01-26, 1997-05-31, 2003-05-14, 2011-05-24, 2011-10-25, 2011-12-17, 2017-03-10, 2017-04-15, 2019-12-27",0.822305651407731,551.568826528909,-992.757496647889,-0.351323923322891,151,1.71065733222315,5,130,0.136581425899828,5,1
24,"1979-08-12, 1984-02-03, 1985-07-24, 1989-08-09, 1990-04-23, 1998-01-18, 1998-02-13, 2000-10-09, 2002-06-09, 2007-06-02, 2012-01-14, 2018-08-10, 2019-03-04, 2020-03-19, 2020-07-21",0.752951592995157,526.690114423798,-943.000072437668,-0.217040030998556,151,2.75704516511018,5,130,0.0211329575706502,5,6
25,"1979-02-09, 1980-12-30, 1983-08-29, 1983-09-07, 1983-12-15, 1986-04-12, 1986-10-06, 1988-10-27, 1989-03-23, 1999-02-16, 2002-07-05, 2004-04-24, 2006-07-09, 2008-06-06, 2010-02-13",0.772479923409294,532.907223377437,-955.434290344945,-0.243370559093911,151,7.26019282686876,5,130,0.0000050079709948395,5,6
26,"1979-05-31, 1982-11-08, 1984-11-02, 1991-02-08, 1992-07-27, 1993-10-14, 1994-10-30, 1999-09-03, 2005-06-02, 2008-08-09, 2011-01-03, 2013-04-24, 2013-07-05, 2017-03-16, 2021-08-24",0.757665601642174,528.144675791031,-945.909195172134,-0.283967769496339,151,1.38199464689259,5,130,0.235190802204985,5,4
27,"1981-12-31, 1982-08-11, 1982-12-08, 1983-09-22, 1990-12-13, 1994-01-09, 1995-10-18, 1998-07-11, 1999-02-18, 2002-07-08, 2006-02-14, 2008-12-05, 2011-06-28, 2015-08-31, 2021-02-23",0.753879492077746,526.974221800736,-943.568287191543,-0.234135269070914,151,2.69904112875692,5,130,0.0235102512428116,5,6
28,"1982-12-07, 1984-12-15, 1985-04-12, 1993-03-02, 1995-12-21, 1999-08-06, 2001-02-08, 2002-02-25, 2006-07-28, 2013-04-28, 2014-08-19, 2015-12-22, 2018-10-25, 2019-10-13, 2020-08-20",0.782198115466745,536.202996202547,-962.025835995165,-0.374510006656715,151,0.736714673012566,5,130,0.597240910913322,5,4
29,"1983-06-02, 1984-08-22, 1984-11-14, 1990-06-02, 1991-09-07, 1993-10-29, 1996-12-09, 1997-03-28, 1999-09-10, 2001-06-20, 2001-08-03, 2006-08-14, 2009-04-04, 2016-04-11, 2021-09-26",0.767509883231178,531.275726334632,-952.171296259335,-0.275648746958628,151,2.49708132161261,5,130,0.0340074796641711,5,6
30,"1981-07-12, 1988-07-28, 1989-07-13, 1989-12-15, 1990-10-27, 1991-04-17, 1992-09-18, 1997-01-29, 2006-11-01, 2007-06-30, 2008-08-31, 2009-04-18, 2014-03-14, 2020-12-30, 2021-10-19",0.771700417526195,532.648995148902,-954.917833887875,-0.194525376988563,151,2.30978016419625,5,130,0.0477292392311806,5,5
31,"1979-12-25, 1984-04-27, 1986-02-14, 1989-03-03, 1991-07-29, 1993-10-28, 1994-10-24, 1997-02-24, 1998-11-02, 2003-06-05, 2004-03-29, 2006-08-13, 2007-07-09, 2008-02-06, 2018-04-27",0.778682950931189,534.994209374024,-959.60826233812,-0.259086939628125,151,1.98551343417635,5,130,0.0849544149522828,5,6
32,"1984-12-10, 1988-10-22, 1990-12-30, 1993-06-05, 1996-03-13, 2001-11-28, 2003-12-20, 2006-06-09, 2006-09-30, 2013-07-20, 2015-06-25, 2017-06-09, 2017-10-05, 2021-04-15, 2021-11-22",0.766175708118122,530.84369809778,-951.307239785632,-0.260668674632857,151,1.56475175704463,5,130,0.174519306961987,5,4
33,"1981-08-05, 1982-01-09, 1983-02-17, 1985-11-03, 1986-10-02, 1988-10-18, 1991-03-06, 1993-09-16, 1994-07-24, 2003-03-29, 2008-03-20, 2009-04-25, 2009-08-03, 2014-06-15, 2015-11-07",0.79787370009228,541.842326306822,-973.304496203717,-0.400559045629041,151,1.0220609456796,5,130,0.40741985493521,5,1
34,"1981-08-29, 1984-12-26, 1986-01-21, 1986-06-11, 1987-09-14, 1995-10-27, 1996-04-28, 1997-03-12, 1999-07-30, 2004-12-20, 2005-05-29, 2007-09-14, 2013-09-07, 2016-03-11, 2021-08-18",0.794449890854211,540.574145615146,-970.768134820363,-0.372468627787946,151,1.1415707744557,5,130,0.341774047531525,5,4
35,"1980-06-15, 1983-12-13, 1984-10-30, 1985-03-17, 1995-06-28, 1998-07-08, 2001-06-21, 2002-06-05, 2005-09-09, 2010-06-22, 2011-11-21, 2012-12-14, 2018-01-29, 2019-05-11, 2020-02-25",0.743389187947555,523.822904535236,-937.265652660544,-0.214042308326251,151,0.726527463860361,5,130,0.604732746556127,5,2
36,"1980-01-19, 1980-09-11, 1985-11-08, 1991-04-15, 1992-04-08, 1994-06-09, 2003-07-01, 2007-10-07, 2011-12-11, 2012-05-04, 2015-10-12, 2016-03-11, 2017-11-20, 2018-07-01, 2021-02-26",0.743582037993419,523.879666182476,-937.379175955024,-0.200564742213077,151,1.12956269959255,5,130,0.347978929088869,5,3
37,"1982-12-07, 1987-06-29, 1988-02-01, 1993-04-12, 2000-02-06, 2001-08-20, 2003-09-23, 2004-06-14, 2007-02-26, 2008-08-05, 2009-01-15, 2013-09-15, 2019-05-11, 2021-05-08, 2021-06-07",0.761068600486456,529.212404667478,-948.044652925029,-0.281790041420606,151,1.89119922619404,5,130,0.100155320232755,5,9
38,"1979-02-09, 1981-02-25, 1982-05-28, 1984-02-12, 1988-03-18, 1989-07-26, 1992-08-07, 1995-07-06, 2000-07-10, 2002-11-16, 2004-05-08, 2006-02-05, 2013-10-28, 2015-08-11, 2018-06-21",0.774395171825281,533.545467336303,-956.710778262678,-0.266553941186218,151,2.24665232307386,5,130,0.0534587712724009,5,3
39,"1979-05-02, 1980-10-03, 1984-06-29, 1985-01-23, 1985-02-01, 1988-12-29, 1989-07-14, 1994-04-26, 1998-05-18, 2002-12-29, 2006-04-03, 2010-10-30, 2012-07-10, 2012-12-29, 2015-06-14",0.740139289375798,522.872724051087,-935.365291692246,-0.187006217984145,151,0.911089655750565,5,130,0.476048047882341,5,3
40,"1981-06-06, 1989-08-23, 1989-10-24, 1989-11-15, 1990-09-23, 1992-11-12, 1993-06-04, 1995-04-20, 1996-10-18, 2002-07-15, 2003-04-25, 2003-08-13, 2005-04-11, 2008-04-04, 2015-12-23",0.750418872762291,525.920035231222,-941.459914052515,-0.234087568699238,151,1.41388161408246,5,130,0.223435679129636,5,5
41,"1981-07-29, 1982-08-11, 1984-06-02, 1984-10-07, 1985-12-11, 1987-05-06, 1991-06-01, 1993-11-12, 2000-04-20, 2000-11-07, 2003-08-31, 2010-06-09, 2017-02-01, 2020-01-24, 2020-04-20",0.745113950102845,524.332076911298,-938.283997412667,-0.182671572709833,151,1.46379027588174,5,130,0.206062190411363,5,1
42,"1979-02-07, 1981-04-22, 1982-10-07, 1984-02-12, 1986-11-13, 1988-10-09, 1992-02-11, 1995-05-18, 1999-11-06, 2002-01-20, 2010-11-21, 2013-02-13, 2017-03-04, 2019-12-11, 2020-11-27",0.799105017999128,542.303665672243,-974.227174934557,-0.416200865831919,151,1.10503516123621,5,130,0.360923635491913,5,1
43,"1981-07-03, 1988-10-31, 1993-01-02, 1995-07-22, 1996-10-20, 2005-07-13, 2007-03-23, 2007-09-26, 2009-03-13, 2009-04-07, 2010-07-12, 2014-01-11, 2018-04-22, 2018-12-26, 2020-01-14",0.73912851955033,522.57962437731,-934.779092344691,-0.203390668256063,151,0.897416571813921,5,130,0.484995522226927,5,2
44,"1985-02-04, 1985-03-10, 1986-05-14, 1986-09-26, 1990-02-02, 1990-03-10, 1992-06-09, 1999-09-22, 2000-10-07, 2005-07-22, 2006-06-27, 2007-07-20, 2011-07-01, 2018-03-15, 2020-08-19",0.746204751887735,524.655877535832,-938.931598661736,-0.200836241758352,151,2.03328302530016,5,130,0.0781127179451058,5,5
45,"1979-04-21, 1987-03-11, 1992-12-22, 1993-09-30, 1994-09-12, 2001-03-12, 2001-06-07, 2004-06-03, 2006-11-18, 2011-01-22, 2011-03-17, 2012-05-26, 2016-08-04, 2018-09-20, 2021-02-12",0.79829780306194,542.000907418514,-973.621658427099,-0.380682251869655,151,1.64438852644292,5,130,0.152769478470833,5,4
46,"1979-02-12, 1988-01-11, 1994-06-17, 1996-06-23, 1999-07-25, 2002-06-09, 2004-11-11, 2005-06-12, 2007-01-03, 2012-02-25, 2012-06-24, 2012-10-24, 2015-12-06, 2018-02-09, 2021-05-03",0.749088000197776,525.518506778484,-940.65685714704,-0.227912956434754,151,1.81077159648774,5,130,0.115095331102832,5,5
47,"1979-09-07, 1983-07-19, 1985-01-11, 1985-12-24, 1989-07-13, 1993-07-11, 1998-10-10, 1999-03-07, 2006-08-10, 2009-10-09, 2014-02-28, 2014-05-02, 2018-08-30, 2020-02-07, 2020-09-18",0.750036024359188,525.80430970443,-941.228462998931,-0.229022714480415,151,2.48374308565447,5,130,0.0348424406806351,5,2
48,"1980-12-08, 1982-02-02, 1985-03-09, 1988-08-04, 1989-09-25, 1991-07-22, 1991-10-10, 1992-10-01, 1997-03-27, 1999-05-30, 2007-06-26, 2011-02-16, 2015-09-17, 2017-11-03, 2019-12-08",0.760878102511324,529.152233142781,-947.924309875633,-0.19844964689837,151,3.87508827530692,5,130,0.00263113826190361,5,6
49,"1980-06-09, 1981-05-08, 1989-08-16, 1990-04-15, 1990-05-27, 1991-08-29, 1991-11-24, 1992-01-27, 1992-06-26, 1996-05-13, 1998-09-12, 2003-03-11, 2010-01-22, 2010-11-15, 2016-04-27",0.754967228469829,527.308635660129,-944.237114910329,-0.232205682199263,151,3.1737891122424,5,130,0.00976858370050926,5,7
50,"1980-11-18, 1981-09-28, 1986-06-22, 1986-10-10, 1990-12-24, 1992-03-13, 1995-02-23, 1995-03-26, 2001-09-30, 2002-07-10, 2007-01-03, 2007-06-30, 2008-11-19, 2011-04-21, 2020-12-08",0.777196546603357,534.488833264831,-958.597510119734,-0.338517578963062,151,2.72438517386064,5,130,0.0224409406152175,5,5
51,"1985-09-03, 1985-10-07, 1985-11-24, 1991-04-10, 1991-06-23, 1993-12-27, 1994-01-25, 1995-02-22, 1996-05-17, 1996-07-30, 2001-12-23, 2002-12-28, 2004-01-29, 2012-06-19, 2013-11-17",0.76594108570569,530.767978373757,-951.155800337586,-0.291402353577956,151,1.06372835652637,5,130,0.383548429762049,5,7
52,"1980-05-11, 1985-10-30, 1987-02-15, 1987-04-01, 1988-04-13, 1993-06-09, 1997-06-19, 1999-03-18, 2003-04-17, 2006-07-23, 2011-04-09, 2011-11-27, 2015-02-02, 2017-09-21, 2019-08-24",0.768175381192403,531.492153368405,-952.604150326882,-0.192981021190993,151,3.6194170338741,5,130,0.00424918307534987,5,6
53,"1986-11-09, 1989-01-26, 1989-09-14, 1991-12-20, 1993-05-27, 1993-10-22, 1993-11-14, 1994-03-09, 1999-01-03, 2010-04-09, 2010-08-29, 2011-05-27, 2013-01-16, 2014-03-03, 2016-09-01",NA,NA,NA,NA,NA,NA,NA,NA,NA,NA,0
54,"1979-04-17, 1981-08-12, 1982-07-03, 1991-02-01, 1992-06-15, 1992-12-22, 1999-04-22, 2003-03-29, 2004-01-22, 2005-07-19, 2009-07-10, 2017-05-03, 2019-12-23, 2020-04-01, 2020-12-06",0.766171739699894,530.842416738041,-951.304677066153,-0.289070661483187,151,1.72864242284201,5,130,0.132467770501966,5,4
55,"1980-09-23, 1985-09-21, 1990-07-04, 1990-12-29, 1993-09-08, 1995-04-06, 1998-12-12, 2004-11-09, 2005-03-31, 2006-01-17, 2008-06-06, 2013-12-26, 2017-12-09, 2021-02-07, 2021-10-26",0.766922399081553,531.085184442856,-951.790212475783,-0.197326906421908,151,4.69324719248736,5,130,0.00056714780269842,5,8
56,"1985-05-26, 1988-03-07, 1988-12-06, 1992-04-16, 1995-08-31, 1996-09-21, 1997-11-26, 2002-07-20, 2010-03-25, 2010-05-24, 2012-11-17, 2014-05-09, 2016-01-22, 2017-01-17, 2019-09-23",0.757072128593281,527.96000354131,-945.539850672692,-0.265824389307985,151,1.33264525498496,5,130,0.254430855674633,5,10
57,"1983-12-03, 1984-09-29, 1988-05-19, 1988-12-31, 1990-06-28, 1991-03-11, 1998-06-07, 2000-12-24, 2005-05-29, 2009-11-19, 2012-05-19, 2012-08-07, 2016-08-05, 2018-05-22, 2018-08-01",0.769431749754188,531.902436771083,-953.424717132238,-0.24050907742151,151,2.40633119798349,5,130,0.0400957151852048,5,6
58,"1983-04-17, 1985-08-21, 1987-04-11, 1987-11-02, 1989-11-03, 1990-05-30, 1993-03-02, 1995-04-19, 1996-01-10, 1998-05-12, 2008-03-08, 2010-10-01, 2012-06-20, 2014-12-29, 2018-11-10",0.796915107771062,541.485110826765,-972.590065243601,-0.252961083173415,151,4.60374565753194,5,130,0.000670663996812232,5,7
59,"1980-01-24, 1981-03-26, 1986-06-30, 1996-06-11, 1996-12-12, 1998-05-12, 1998-07-03, 2000-04-14, 2002-10-03, 2004-10-20, 2008-12-19, 2009-08-16, 2013-05-30, 2015-09-28, 2016-04-30",0.75442175198971,527.140749128524,-943.901341847119,-0.248097256533929,151,1.99074126527902,5,130,0.0841789348856196,5,6
60,"1979-08-31, 1982-04-16, 1983-04-25, 1984-10-21, 1985-04-23, 1985-11-02, 1992-12-17, 1993-05-17, 1998-02-09, 2003-08-22, 2005-12-07, 2013-12-31, 2014-09-08, 2018-07-21, 2019-09-03",0.828137732278544,554.088378146752,-997.796599883576,-0.370477322939794,151,2.09051220500806,5,130,0.0706036657399667,5,1
61,"1980-10-26, 1982-05-21, 1983-06-06, 1992-02-06, 1994-03-02, 2000-06-20, 2000-09-30, 2000-12-28, 2002-07-07, 2002-09-06, 2003-06-12, 2009-08-26, 2010-03-28, 2020-09-14, 2020-11-24",0.748635409733454,525.38244393988,-940.384731469832,-0.217500936025797,151,1.29237761697556,5,130,0.271105059824534,5,4
62,"1981-03-04, 1982-10-09, 1984-03-16, 1987-02-13, 1988-08-13, 1989-11-08, 1994-01-15, 1999-04-25, 1999-09-21, 1999-12-31, 2010-03-25, 2014-10-17, 2015-05-16, 2019-06-24, 2020-07-10",0.755238444086273,527.392249454683,-944.404342499437,-0.226687043970209,151,2.99632953191012,5,130,0.013583282857418,5,5
63,"1981-03-17, 1989-04-02, 1990-10-18, 1991-01-08, 1991-06-20, 1992-01-08, 1994-01-27, 1997-07-13, 1998-06-03, 2004-06-15, 2005-07-28, 2011-12-17, 2013-12-18, 2015-04-14, 2018-03-17",0.789248527951537,538.687420446821,-966.994684483715,-0.346498899033831,151,3.57518465495608,5,130,0.00461614893870813,5,4
64,"1980-09-03, 1982-01-13, 1982-11-29, 1983-10-05, 1988-01-19, 1991-05-18, 1994-01-27, 2002-10-28, 2003-04-29, 2003-07-17, 2005-02-19, 2005-03-26, 2005-04-09, 2007-03-10, 2013-01-09",0.750031135517244,525.802833075822,-941.225509741716,-0.214858042453398,151,1.84909824438899,5,130,0.107734001915255,5,5
65,"1981-06-08, 1983-06-12, 1986-01-12, 1996-02-27, 1998-04-15, 1998-08-28, 2000-09-21, 2001-01-10, 2001-05-02, 2003-07-26, 2004-09-28, 2008-05-22, 2014-11-27, 2015-08-25, 2015-10-28",0.747878312245755,525.155383517781,-939.930610625634,-0.23550062446555,151,1.13863078699196,5,130,0.343285181538496,5,5
66,"1982-08-28, 1983-03-19, 1985-07-27, 1985-08-29, 1989-03-29, 1992-12-14, 1994-04-25, 1996-01-09, 2004-08-21, 2004-12-07, 2008-01-16, 2010-03-03, 2011-06-18, 2015-12-14, 2017-08-23",0.788408483967535,538.387079699042,-966.394002988155,-0.297318880683871,151,2.54921603150223,5,130,0.0309265975985124,5,4
67,"1979-08-13, 1984-11-26, 1990-12-11, 1992-01-28, 1996-08-12, 2002-02-27, 2003-08-21, 2007-08-30, 2008-05-07, 2010-07-22, 2011-09-07, 2011-10-28, 2013-03-27, 2019-07-12, 2021-08-28",0.767495834643118,531.271164263915,-952.162172117902,-0.250642538165406,151,6.01698959256386,5,130,0.0000483689595041128,5,5
68,"1979-12-18, 1982-05-15, 1985-02-23, 1985-12-29, 1986-08-22, 1991-09-19, 1994-08-09, 1998-04-26, 1999-08-03, 2003-12-18, 2007-01-05, 2007-08-19, 2015-04-14, 2017-03-22, 2019-03-29",0.768510123095358,531.60124996825,-952.822343526572,-0.21500685215857,151,3.06514273615783,5,130,0.0119552190744351,5,3
69,"1979-01-20, 1979-06-28, 1983-02-14, 1983-11-28, 1984-11-01, 1994-04-02, 1999-12-25, 2003-08-19, 2003-10-06, 2006-10-25, 2006-12-09, 2009-01-30, 2010-07-02, 2011-01-12, 2020-11-12",0.753950863148255,526.996118786535,-943.612081163141,-0.220171378120665,151,3.52585930330173,5,130,0.00506265467908716,5,4
70,"1983-03-08, 1995-02-03, 1995-10-04, 1997-06-01, 1997-07-17, 1998-05-07, 1999-08-23, 2001-05-30, 2003-03-01, 2004-11-15, 2005-07-24, 2007-07-18, 2011-04-15, 2012-07-24, 2016-12-20",0.758959842039338,528.548980826198,-946.717805242467,-0.280857331179988,151,1.85088759035289,5,130,0.107401287280773,5,6
71,"1980-01-04, 1980-02-04, 1983-12-06, 1986-12-25, 1987-09-08, 1990-08-21, 1990-09-22, 1991-04-22, 1994-06-22, 1999-08-23, 2000-04-23, 2004-08-26, 2008-01-29, 2009-06-22, 2014-07-09",0.762285080276911,529.597782335925,-948.815408261922,-0.266601675375498,151,5.63820475954736,5,130,0.0000974280573129361,5,8
72,"1982-08-01, 1990-10-01, 1993-01-30, 1993-09-12, 1994-08-21, 1995-01-09, 1997-03-09, 2001-04-20, 2001-06-24, 2003-08-11, 2004-11-26, 2007-01-08, 2010-03-03, 2010-09-12, 2013-06-23",0.743841687303642,523.956156357953,-937.532156305977,-0.24966595662808,151,0.486334803225114,5,130,0.785975051515012,5,8
73,"1983-10-13, 1987-07-02, 1987-12-15, 1989-10-17, 2001-05-29, 2002-12-08, 2003-06-17, 2004-11-13, 2007-12-18, 2008-09-11, 2010-09-16, 2018-08-11, 2018-09-13, 2020-10-09, 2021-02-04",0.782029175342026,536.144456602492,-961.908756795057,-0.342394302716559,151,2.85102959760357,5,130,0.0177720976279409,5,6
74,"1982-07-25, 1984-10-14, 1989-08-11, 1990-03-20, 1991-04-18, 1993-09-02, 1994-06-17, 1996-06-15, 2000-12-26, 2006-11-10, 2011-08-17, 2014-12-22, 2016-10-31, 2016-11-29, 2019-05-05",0.803365569662907,543.922081607796,-977.464006805663,-0.368906840882245,151,3.39769127972395,5,130,0.00643378450828446,5,6
75,"1979-01-02, 1981-02-14, 1982-07-21, 1984-12-17, 1987-06-21, 1992-09-30, 1992-12-11, 2000-06-07, 2000-08-09, 2002-07-17, 2003-10-10, 2007-07-17, 2013-03-15, 2017-04-23, 2020-09-10",0.757355828384869,528.048226646449,-945.71629688297,-0.204795198778914,151,2.4722816647949,5,130,0.0355757944590896,5,6
76,"1982-10-07, 1983-07-25, 1985-05-28, 1987-09-26, 1988-02-13, 1989-05-12, 1991-04-30, 1994-03-28, 1994-08-02, 1995-07-28, 1996-10-31, 2000-01-02, 2005-04-05, 2005-07-12, 2010-12-24",0.749999361052108,525.793236602019,-941.20631679411,-0.226458413994672,151,1.94472644521347,5,130,0.091240317985427,5,3
77,"1979-06-19, 1984-09-03, 1989-12-27, 1995-04-25, 1997-06-06, 2000-03-24, 2002-02-08, 2003-06-14, 2004-05-14, 2005-12-31, 2006-05-07, 2007-03-30, 2013-03-12, 2014-08-31, 2016-06-08",0.738737642268477,522.466583474251,-934.553010538573,-0.194768316675293,151,0.605530835901585,5,130,0.695784489247527,5,5
78,"1984-02-18, 1991-01-31, 1994-09-05, 1997-11-28, 2000-08-23, 2003-04-06, 2006-06-28, 2006-11-11, 2008-07-11, 2009-04-09, 2013-11-09, 2014-02-11, 2014-05-22, 2015-09-29, 2016-07-23",0.766348870983587,530.899631720624,-951.419107031319,-0.289946203874977,151,4.56679248622344,5,130,0.000718750315934362,5,7
79,"1979-12-12, 1980-04-10, 1988-01-04, 1991-02-02, 1991-10-08, 1991-12-20, 1992-02-03, 1992-05-25, 1997-11-04, 2000-08-21, 2008-10-04, 2012-09-19, 2017-06-03, 2020-03-06, 2021-11-23",0.751179344817195,526.150434426118,-941.920712442309,-0.183133545041107,151,2.11972620705026,5,130,0.0670404223995811,5,3
80,"1981-02-24, 1986-09-11, 1988-03-27, 1993-02-26, 1993-11-28, 1996-02-14, 1997-06-30, 2004-06-12, 2011-10-16, 2014-10-01, 2015-07-17, 2016-11-07, 2017-08-12, 2019-10-16, 2020-04-13",0.742218952160637,523.479380614166,-936.578604818404,-0.188729400604482,151,1.89975669756913,5,130,0.0986771973711883,5,3
81,"1981-10-26, 1988-02-24, 1998-09-11, 1999-06-24, 1999-08-02, 2000-09-09, 2001-10-18, 2001-11-20, 2005-06-29, 2006-04-28, 2007-06-04, 2008-09-25, 2010-12-02, 2016-04-06, 2020-08-17",0.765657209919748,530.676464511777,-950.972772613625,-0.266835219788608,151,3.60138063842234,5,130,0.00439517581649051,5,9
82,"1981-11-27, 1986-05-05, 1990-10-22, 1994-08-21, 1994-10-07, 1994-12-18, 1996-09-11, 1997-04-15, 2001-06-03, 2004-03-04, 2005-11-18, 2009-02-09, 2012-07-27, 2018-05-08, 2020-01-08",0.799585997293163,542.484643200638,-974.589129991348,-0.422178832454621,151,1.5493917314679,5,130,0.179021725810087,5,3
83,"1982-11-10, 1984-01-03, 1986-02-09, 1989-12-12, 1993-11-04, 1994-04-03, 1994-08-31, 1995-07-29, 1996-07-10, 1999-02-02, 2002-05-11, 2004-03-21, 2008-03-22, 2008-07-23, 2015-08-04",0.773107519946916,533.115772054296,-955.851387698664,-0.297771660515491,151,4.87173449888543,5,130,0.000406106332935428,5,7
84,"1979-08-19, 1988-10-01, 1988-11-18, 1994-04-13, 1994-08-28, 1994-11-19, 1997-06-04, 1997-07-27, 2002-12-04, 2008-09-20, 2010-01-05, 2011-07-20, 2015-03-11, 2019-11-11, 2020-08-23",0.743012427822201,523.71213551633,-937.044114622731,-0.215021542952324,151,1.12117036868559,5,130,0.352367122245557,5,3
85,"1979-08-25, 1989-09-15, 1990-11-20, 1991-05-06, 2000-10-19, 2003-08-07, 2003-12-04, 2007-01-12, 2010-03-18, 2011-02-01, 2011-03-01, 2012-12-25, 2013-04-24, 2019-05-21, 2019-10-22",0.747546233593116,525.056005152514,-939.7318538951,-0.229027307494193,151,1.75063729370403,5,130,0.127592046579436,5,3
86,"1979-04-18, 1984-01-30, 1986-01-04, 1986-10-18, 1987-01-13, 1987-02-21, 1988-05-15, 1990-05-22, 1991-01-10, 2010-02-25, 2013-04-12, 2014-08-01, 2014-11-17, 2018-11-08, 2019-01-11",0.818966563757675,550.163257128287,-989.946357846646,-0.348222996185997,151,3.5009314180153,5,130,0.00530438765379575,5,5
87,"1982-09-25, 1985-07-23, 1986-11-14, 1987-06-18, 1990-10-20, 1991-12-23, 2003-11-26, 2006-01-30, 2008-04-10, 2008-08-09, 2011-09-27, 2013-01-01, 2018-03-07, 2018-10-01, 2021-04-03",0.742130447571673,523.453463465892,-936.526770521855,-0.185085415173779,151,1.61105925147453,5,130,0.16155474728636,5,2
88,"1982-05-07, 1986-05-24, 1989-10-23, 1991-02-09, 1994-08-22, 1999-06-23, 2001-07-19, 2003-02-28, 2003-12-13, 2004-10-19, 2005-08-25, 2008-09-10, 2009-02-23, 2015-03-16, 2019-01-06",0.821190494394785,551.096491500321,-991.812826590713,-0.425109931008366,151,3.67303732346768,5,130,0.0038430642765344,5,4
89,"1985-09-08, 1989-02-22, 1990-02-15, 1990-03-23, 1997-07-08, 1998-07-31, 2003-10-21, 2005-01-03, 2006-07-04, 2006-11-23, 2008-02-05, 2011-11-25, 2014-05-05, 2015-04-12, 2021-04-24",0.742865092313879,523.668862437954,-936.95756846598,-0.204098459812349,151,1.39562079682808,5,130,0.230103702345235,5,4
90,"1981-02-04, 1983-12-01, 1984-12-02, 1987-07-17, 1995-07-25, 2000-01-23, 2001-09-16, 2002-12-31, 2006-01-02, 2007-12-20, 2011-07-05, 2012-11-24, 2014-04-26, 2016-10-27, 2016-12-07",0.74162042611343,523.304284975654,-936.22841354138,-0.192912876692247,151,1.32525519059336,5,130,0.257424354493943,5,5
91,"1980-12-21, 1981-05-03, 1982-04-21, 1982-07-18, 1988-10-02, 1997-05-08, 1999-07-26, 2000-09-02, 2005-12-24, 2007-01-15, 2007-05-23, 2009-10-04, 2011-11-07, 2014-11-08, 2018-12-25",0.76226475438667,529.591326960258,-948.802497510588,-0.218053118764023,151,4.23142027826715,5,130,0.00134817020982612,5,7
92,"1979-02-06, 1982-12-21, 1983-11-04, 1984-06-07, 1992-09-16, 1998-04-24, 1998-07-26, 2001-11-11, 2002-01-18, 2003-05-09, 2004-02-15, 2005-09-26, 2010-02-16, 2012-04-08, 2018-11-26",0.789592250101151,538.810656632593,-967.241156855257,-0.332457011732216,151,3.11093623006354,5,130,0.010980132294878,5,9
93,"1979-02-03, 1983-04-06, 1987-07-13, 1988-10-10, 1993-06-20, 1993-07-31, 1997-04-24, 2009-08-16, 2012-01-03, 2012-07-13, 2012-11-06, 2013-09-01, 2015-01-16, 2015-08-09, 2020-12-16",0.742677802301079,523.613890326798,-936.847624243668,-0.218730023745855,151,1.51091806265879,5,130,0.190758306273888,5,4
94,"1981-12-30, 1982-11-26, 1984-08-30, 1985-04-08, 1987-05-11, 1990-03-03, 1997-02-28, 1999-07-08, 2000-05-10, 2006-11-05, 2007-07-21, 2012-10-09, 2018-08-29, 2019-04-16, 2020-08-18",0.751185989385752,526.152450623785,-941.924744837642,-0.192820164079784,151,3.66236671378083,5,130,0.00392067816850548,5,4
95,"1979-03-06, 1982-04-15, 1987-12-13, 1990-07-30, 1994-04-09, 1999-05-02, 2002-09-20, 2007-01-08, 2009-07-11, 2011-11-03, 2012-04-23, 2013-09-26, 2016-01-30, 2016-08-19, 2017-01-16",0.765332445558395,530.571905141232,-950.763653872536,-0.277144470533361,151,1.16906179212294,5,130,0.327894996622984,5,6
96,"1989-10-22, 1992-08-01, 1994-09-26, 1997-02-27, 1998-02-10, 1999-04-26, 2000-05-20, 2004-08-22, 2006-05-18, 2008-10-30, 2012-07-08, 2014-12-26, 2015-06-04, 2020-04-29, 2020-10-16",0.753997389278319,527.010396645917,-943.640636881906,-0.233121905619434,151,1.49251254959345,5,130,0.196611183025437,5,5
97,"1980-12-29, 1981-05-30, 1981-09-08, 1982-06-15, 1999-01-12, 2001-07-08, 2002-07-14, 2008-01-24, 2012-08-01, 2014-04-23, 2016-05-04, 2017-03-08, 2017-07-07, 2018-11-06, 2019-09-21",0.768737031517847,531.675292029544,-952.970427649159,-0.232165946238002,151,2.17585978143856,5,130,0.0606697585224311,5,2
98,"1984-07-21, 1985-04-18, 1993-01-31, 1993-09-01, 1995-08-28, 1996-07-14, 1999-05-08, 2000-06-08, 2001-06-05, 2006-12-04, 2008-01-28, 2008-03-06, 2008-05-10, 2010-04-09, 2015-03-21",0.762851851759826,529.778008047995,-949.175859686062,-0.271589184932888,151,4.86074362643292,5,130,0.000414539585952379,5,8
99,"1981-10-16, 1985-01-18, 1985-11-10, 1991-08-22, 1992-11-04, 1999-04-15, 1999-05-27, 2000-01-03, 2001-04-12, 2008-05-14, 2011-10-16, 2015-03-06, 2018-03-01, 2019-07-19, 2020-03-02",0.749471239162204,525.633912424452,-940.887668438975,-0.247385830381603,151,1.69375338708585,5,130,0.140554383336846,5,2
100,"1979-01-16, 1980-11-29, 1986-07-25, 1987-08-20, 1989-03-03, 1996-03-28, 1996-04-29, 1998-12-06, 1999-03-06, 2002-10-23, 2007-07-08, 2008-04-27, 2008-05-23, 2012-08-04, 2014-06-13",0.768255702458736,531.518316708763,-952.656477007597,-0.288547884239173,151,4.77533080201354,5,130,0.000486364508079894,5,3
101,"1981-06-20, 1981-08-07, 1983-10-14, 1983-12-18, 1986-05-06, 1986-06-29, 1987-06-05, 2000-07-15, 2000-10-14, 2010-08-22, 2010-09-05, 2011-06-07, 2016-06-02, 2018-04-28, 2019-01-18",0.784792946611322,537.10788328176,-963.835610153592,-0.24882077419639,151,2.46208190813729,5,130,0.0362410077352435,5,5
102,"1979-04-12, 1981-07-19, 1983-03-08, 1984-12-25, 1986-08-24, 1986-09-30, 1990-06-25, 1990-12-12, 1991-01-10, 1996-03-01, 1997-06-11, 1999-03-25, 2001-11-15, 2004-07-22, 2004-08-27",0.75032025782142,525.890209428365,-941.400262446803,-0.217304929177568,151,2.36140140924604,5,130,0.0434884384076427,5,4
103,"1983-03-16, 1984-05-20, 1986-03-14, 1987-10-25, 1989-04-05, 1991-07-27, 1993-08-30, 2007-04-12, 2011-08-13, 2014-08-05, 2015-03-09, 2016-11-09, 2017-12-18, 2020-10-09, 2021-02-26",0.74244644033342,523.546037725529,-936.711919041129,-0.18443416424836,151,2.00697384761795,5,130,0.0818134672013359,5,7
104,"1984-09-05, 1985-02-22, 1985-09-17, 1985-12-04, 1987-01-18, 1988-05-17, 1994-06-08, 1996-12-17, 1999-09-17, 2000-04-22, 2000-12-25, 2009-01-19, 2014-10-25, 2021-09-23, 2021-10-01",0.74299016079466,523.705594002528,-937.031031595127,-0.201297960041939,151,0.758114616366486,5,130,0.5816263619811,5,4
105,"1987-01-03, 1988-07-03, 1992-01-23, 1992-11-08, 1999-03-06, 1999-06-11, 2006-01-08, 2008-11-09, 2011-01-27, 2011-06-13, 2013-12-13, 2018-06-11, 2018-11-14, 2020-07-28, 2021-10-18",0.750916378553397,526.070684338824,-941.76121226772,-0.212985016060271,151,1.76003703743555,5,130,0.125559283359808,5,6
106,"1979-03-30, 1985-03-06, 1986-04-28, 1986-08-27, 1991-05-21, 1993-04-13, 1994-10-20, 1999-08-17, 2000-11-08, 2002-02-25, 2005-07-12, 2017-06-10, 2018-03-18, 2018-09-06, 2021-03-15",0.750703065149176,526.006054357583,-941.631952305238,-0.226767793416606,151,2.41526823114705,5,130,0.0394521068246412,5,6
107,"1981-04-08, 1982-09-13, 1984-05-16, 1985-02-24, 1992-06-13, 1993-08-25, 1996-06-07, 1998-08-31, 2006-07-15, 2007-01-16, 2008-04-25, 2008-08-13, 2017-04-04, 2018-08-11, 2019-03-22",0.797653614627953,541.760162765,-973.140169120071,-0.327400943025856,151,1.95482675072159,5,130,0.0896440930998137,5,4
108,"1982-06-08, 1987-10-25, 1989-12-29, 1998-01-21, 2001-02-07, 2002-04-02, 2002-06-02, 2004-12-04, 2007-08-24, 2009-03-31, 2009-12-20, 2016-09-24, 2019-05-08, 2020-08-27, 2021-01-14",0.75207934468476,526.424017729609,-942.46787904929,-0.212591199033692,151,1.7466164617499,5,130,0.128470820299745,5,5
109,"1982-04-03, 1989-01-30, 1989-12-18, 1990-01-14, 1992-01-13, 1998-07-05, 1998-09-23, 1999-01-16, 2000-02-19, 2003-06-16, 2005-06-16, 2008-08-20, 2013-05-09, 2016-05-29, 2018-02-18",0.771068301402683,532.440239537876,-954.500322665823,-0.237030316481763,151,6.2697486879216,5,130,0.0000303816031054533,5,5
110,"1983-04-24, 1983-06-10, 1984-11-12, 1988-12-09, 1993-05-03, 1994-02-27, 1995-03-11, 1998-10-04, 2000-11-08, 2006-07-22, 2008-05-19, 2010-07-12, 2012-01-10, 2013-09-02, 2019-01-06",0.759878347008203,528.837229842662,-947.294303275396,-0.191553328172681,151,3.18963667052353,5,130,0.009484591024735,5,5
111,"1979-08-03, 1985-08-10, 1989-08-09, 1993-02-11, 1995-10-16, 1995-12-30, 1998-02-18, 2006-08-08, 2007-07-21, 2010-02-20, 2013-10-06, 2016-11-14, 2016-12-31, 2018-09-13, 2019-09-20",0.76331548190489,529.925756777073,-949.471357144217,-0.199689902607277,151,1.87687110756104,5,130,0.10267672535646,5,7
112,"1980-09-14, 1982-06-29, 1988-08-21, 1989-04-24, 1991-05-17, 1997-12-23, 2002-02-19, 2003-11-28, 2004-04-08, 2005-02-16, 2006-09-09, 2012-09-17, 2016-12-05, 2018-11-25, 2018-12-19",0.763452789518864,529.969569245764,-949.5589820816,-0.234513894952784,151,1.65505205319168,5,130,0.150051719237378,5,6
113,"1987-08-18, 1988-06-13, 1991-07-11, 1991-12-28, 1992-10-28, 1995-05-14, 1998-02-09, 1998-07-23, 2002-11-16, 2006-11-24, 2009-11-20, 2011-04-29, 2013-05-25, 2014-03-25, 2019-02-21",0.759015312014645,528.566357453935,-946.752558497943,-0.213953771170422,151,2.25374765432651,5,130,0.0527832023149296,5,4
114,"1979-04-01, 1980-04-21, 1983-02-04, 1988-10-13, 1989-07-17, 1990-01-12, 1990-02-18, 1993-07-04, 1994-09-07, 2000-04-03, 2009-09-03, 2012-12-07, 2013-05-03, 2016-10-07, 2020-08-06",0.756022943170066,527.634627405394,-944.889098400859,-0.207577485171343,151,4.41934395810619,5,130,0.000947617450472065,5,6
115,"1986-11-09, 1988-12-04, 1991-05-17, 1993-07-24, 1995-01-25, 1997-07-08, 1998-09-28, 1999-10-17, 2000-02-04, 2004-11-28, 2005-05-11, 2006-08-17, 2009-04-13, 2017-09-21, 2020-09-13",0.755411050377871,527.445510973405,-944.510865536882,-0.234871873158516,151,3.1062256035114,5,130,0.011076697211843,5,7
116,"1980-05-02, 1982-01-17, 1984-09-28, 1986-04-06, 1987-02-05, 1994-09-16, 1999-12-01, 2005-11-02, 2006-04-29, 2006-12-15, 2007-09-10, 2008-05-05, 2008-07-24, 2012-07-30, 2017-01-18",0.775542567087356,533.93042976243,-957.480703114931,-0.284364220948099,151,12.3171905826849,5,130,0.000000000875287536487212,5,7
117,"1981-03-01, 1985-06-03, 1987-03-27, 1988-09-04, 1990-12-14, 1992-06-06, 1996-11-29, 2001-04-11, 2001-07-14, 2010-10-02, 2013-04-12, 2013-09-20, 2014-12-06, 2016-11-12, 2017-06-29",0.749379848862244,525.606375827809,-940.83259524569,-0.231198854005397,151,2.98395942616433,5,130,0.0138983012448886,5,8
118,"1981-09-17, 1983-07-05, 1984-06-15, 1987-07-18, 1988-02-24, 1990-01-31, 1990-07-27, 1996-09-24, 1999-02-23, 2000-09-24, 2009-09-23, 2013-04-22, 2018-01-15, 2020-01-18, 2020-07-16",0.751446613243893,526.231575645629,-942.08299488133,-0.228870518037492,151,1.40586277219797,5,130,0.226342882606349,5,4
119,"1983-06-25, 1986-10-19, 1988-01-31, 1990-08-26, 2002-01-18, 2002-06-16, 2003-10-29, 2011-06-28, 2011-10-19, 2013-01-06, 2013-06-10, 2015-01-29, 2016-01-11, 2018-08-29, 2019-08-07",0.798147305143921,541.944594913979,-973.509033418029,-0.363109185870504,151,1.77806679096833,5,130,0.121743726577079,5,8
120,"1979-09-17, 1988-01-23, 1992-12-05, 1993-01-23, 1994-02-23, 1994-03-02, 1996-09-15, 2001-12-20, 2002-04-09, 2005-04-16, 2013-05-30, 2015-04-29, 2017-08-23, 2021-05-09, 2021-07-11",0.761215514924668,529.258842480382,-948.137528550835,-0.185022142237828,151,2.71020248338907,5,130,0.0230333251094017,5,7
121,"1979-10-15, 1983-01-29, 1984-05-16, 1987-05-26, 1993-08-11, 1995-09-29, 2001-03-31, 2001-04-11, 2002-04-28, 2003-07-10, 2004-01-11, 2011-01-06, 2011-12-05, 2012-05-24, 2013-09-08",0.762147336828747,529.55404667773,-948.727936945531,-0.249229550601482,151,1.42055930821482,5,130,0.221039504657621,5,6
122,"1980-05-09, 1983-09-06, 1988-07-06, 1992-05-12, 1993-11-20, 1998-11-17, 2002-07-10, 2003-04-07, 2007-03-28, 2009-01-30, 2009-12-31, 2011-06-26, 2015-10-22, 2019-08-15, 2020-11-22",0.778020989885299,534.768725320749,-959.15729423157,-0.328795505553674,151,0.942819782010216,5,130,0.455690708486136,5,3
123,"1979-12-06, 1980-05-31, 1981-07-11, 1984-04-25, 1988-11-20, 1990-03-17, 1991-01-18, 1991-06-08, 1992-08-11, 1993-04-29, 1995-12-06, 1996-07-25, 2009-04-16, 2017-12-10, 2018-03-19",0.777840260559206,534.707280266081,-959.034404122234,-0.288849410453631,151,2.67178969389836,5,130,0.0247156669636773,5,4
124,"1982-04-12, 1983-08-17, 1989-04-13, 1991-08-26, 1992-01-08, 1994-10-24, 1995-06-10, 1997-08-08, 1999-02-26, 2002-02-03, 2002-07-07, 2005-01-09, 2009-03-11, 2016-08-12, 2017-06-16",0.761463751848748,529.337372023111,-948.294587636294,-0.278149012151625,151,4.34912656952562,5,130,0.0010810172080774,5,6
125,"1984-03-05, 1984-07-05, 1984-10-02, 1988-01-08, 1989-08-13, 1996-02-03, 1998-04-12, 1998-06-10, 2005-09-27, 2006-10-05, 2010-02-07, 2015-08-22, 2015-12-01, 2016-06-17, 2017-06-12",0.765642416070962,530.671698415372,-950.963240420816,-0.250340772633417,151,2.07136696973332,5,130,0.0730358555556057,5,6
126,"1982-08-27, 1984-03-31, 1985-04-06, 1992-03-07, 1997-01-09, 1999-06-19, 2002-12-21, 2003-02-05, 2003-07-08, 2003-12-02, 2008-04-17, 2012-06-21, 2015-06-29, 2020-03-02, 2021-01-20",0.784219338141613,536.906914838802,-963.433673267675,-0.351734560227613,151,0.825644540327337,5,130,0.533605662045204,5,2
127,"1981-01-13, 1983-06-16, 1984-06-10, 1984-11-25, 1986-01-05, 1986-05-14, 1993-08-22, 1996-02-21, 2000-05-10, 2004-01-26, 2008-08-14, 2014-11-14, 2015-07-20, 2016-01-17, 2019-12-26",0.81046972381148,546.700295929928,-983.020435449928,-0.348361224551098,151,2.20077197692847,5,130,0.0580318672858149,5,2
128,"1983-10-11, 1986-07-15, 1989-11-19, 1990-01-21, 1990-06-07, 1993-10-20, 1997-02-10, 1997-03-31, 1997-08-30, 1998-05-24, 2003-05-18, 2003-07-26, 2010-01-30, 2014-04-01, 2016-04-06",0.759529708447861,528.727689030661,-947.075221651394,-0.232838710733773,151,4.50763793517366,5,130,0.000803030465041518,5,7
129,"1983-11-16, 1985-01-28, 1986-07-28, 1988-12-17, 1989-12-16, 2000-04-25, 2000-11-16, 2005-01-05, 2011-03-13, 2012-01-14, 2012-07-12, 2012-08-28, 2012-11-13, 2013-12-20, 2017-12-21",0.773243706392749,533.161102616468,-955.942048823008,-0.266525413435533,151,2.2989719482149,5,130,0.0486663454389733,5,5
130,"1979-12-11, 1985-03-09, 1989-04-02, 1989-10-10, 1996-12-23, 2000-05-24, 2001-05-10, 2004-11-01, 2006-02-11, 2007-03-11, 2007-06-11, 2015-09-26, 2017-10-03, 2017-12-23, 2020-12-27",0.741595079843196,523.296879012719,-936.21360161551,-0.186769041274107,151,1.27374729926795,5,130,0.279124202781894,5,2
131,"1983-07-23, 1984-12-20, 1991-04-18, 1992-09-02, 1994-05-04, 1995-01-07, 1996-01-05, 1996-03-29, 1999-03-29, 2001-09-15, 2002-01-09, 2004-07-01, 2011-10-12, 2012-08-01, 2016-09-01",0.741835724572886,523.36722265133,-936.354288892732,-0.206865337361434,151,0.821525691591066,5,130,0.536474911970173,5,4
132,"1980-01-23, 1980-10-21, 1982-04-15, 1983-09-02, 1988-11-09, 1990-01-04, 1991-03-30, 1994-04-16, 1998-11-24, 2002-04-30, 2008-05-26, 2010-04-05, 2013-09-07, 2019-08-30, 2021-02-26",0.746526739983503,524.751724623147,-939.123292836366,-0.185535988621386,151,4.42179777373221,5,130,0.000943266552105303,5,3
133,"1981-12-24, 1989-02-05, 1989-03-09, 1990-04-26, 1996-09-12, 1999-07-23, 2000-04-02, 2006-05-25, 2007-03-15, 2007-09-24, 2011-04-01, 2014-11-21, 2017-10-18, 2017-11-11, 2018-01-25",0.760410984062281,529.004889712301,-947.629623014674,-0.228551311991572,151,2.37790837401448,5,130,0.0422108930855572,5,5
134,"1980-01-02, 1983-02-27, 1984-01-08, 1986-05-18, 1986-12-11, 1990-06-14, 1991-02-13, 1992-06-23, 1993-05-31, 1995-04-28, 2000-08-05, 2005-05-25, 2005-10-10, 2011-10-08, 2020-02-06",0.773494971375048,533.244809331232,-956.109462252536,-0.23641275388233,151,1.68677867869861,5,130,0.142224301139091,5,7
135,"1981-01-06, 1983-11-15, 1986-10-03, 1987-05-04, 1988-08-08, 1991-05-22, 1992-08-22, 1992-09-20, 1995-01-28, 1997-01-11, 2000-12-11, 2013-05-23, 2016-08-01, 2018-07-01, 2021-10-26",0.757822627163555,528.193613414363,-946.007070418798,-0.215854021367454,151,5.23284767716454,5,130,0.000206957606291038,5,8
136,"1980-01-14, 1985-02-04, 1985-10-08, 1989-03-11, 1991-08-04, 1992-09-14, 1999-08-05, 2004-08-14, 2005-12-02, 2008-09-04, 2010-06-06, 2010-09-19, 2013-03-08, 2015-07-13, 2019-02-23",0.782626792545422,536.351741526002,-962.323326642076,-0.230409916956869,151,3.55693990879633,5,130,0.0047765463392305,5,6
137,"1979-05-03, 1980-07-03, 1981-08-21, 1983-10-08, 1987-07-02, 1988-03-27, 1991-04-21, 1994-04-30, 1995-10-25, 1996-08-30, 1998-07-07, 2006-06-17, 2007-05-16, 2018-12-04, 2020-05-12",0.743547156477897,523.869396327387,-937.358636244847,-0.202170306953126,151,1.40222210867188,5,130,0.227673580435506,5,5
138,"1981-10-09, 1982-02-13, 1983-12-29, 1987-03-09, 1991-09-21, 1993-02-05, 1997-01-16, 2003-04-02, 2009-12-20, 2010-10-09, 2011-04-20, 2012-05-25, 2017-04-11, 2020-02-24, 2020-09-30",0.743022842580889,523.715195314934,-937.050234219939,-0.22210363041884,151,1.17509556012257,5,130,0.324909293382702,5,5
139,"1979-05-30, 1987-08-21, 1989-03-09, 1994-03-02, 1996-04-11, 1997-07-08, 1997-11-11, 2001-06-04, 2001-07-17, 2002-09-27, 2006-06-18, 2006-07-05, 2012-07-02, 2019-01-20, 2019-02-01",0.758135422023956,528.2911917966,-946.202227183272,-0.201921818649811,151,2.36691695252819,5,130,0.0430574638640165,5,8
140,"1979-08-10, 1979-12-14, 1988-02-18, 1989-05-02, 1994-02-11, 1997-02-20, 2003-01-07, 2004-09-29, 2007-03-16, 2007-12-21, 2011-03-06, 2014-01-25, 2014-09-06, 2015-12-31, 2016-03-16",0.756367864201273,527.741440577062,-945.102724744196,-0.216284962434232,151,1.68597022159056,5,130,0.142419035654998,5,4
141,"1979-07-23, 1982-03-30, 1993-09-29, 2001-03-07, 2001-05-07, 2005-10-02, 2008-04-14, 2008-08-25, 2009-09-18, 2010-01-07, 2011-04-13, 2011-10-09, 2015-09-15, 2017-12-03, 2018-12-03",0.783133923320747,536.528088495717,-962.676020581506,-0.345022730674598,151,1.48594421230424,5,130,0.198738059971769,5,5
142,"1982-02-03, 1983-02-26, 1987-11-13, 1988-05-04, 1989-10-08, 1990-09-19, 1998-01-03, 1999-10-12, 2000-09-05, 2004-06-28, 2005-08-23, 2008-07-26, 2016-02-28, 2019-06-13, 2019-08-01",0.766052507510939,530.803928080143,-951.227699750357,-0.254610986136824,151,3.70848519331064,5,130,0.00359605204139604,5,7
143,"1982-03-27, 1983-11-20, 1985-08-10, 1990-08-16, 1993-02-20, 1993-11-19, 1998-08-29, 1999-08-24, 2005-02-23, 2007-04-11, 2008-11-20, 2012-09-09, 2018-04-21, 2019-11-26, 2020-09-26",0.744157710777295,524.049358495612,-937.718560581295,-0.21091359141085,151,2.81838633934754,5,130,0.0188752436286309,5,5
144,"1981-03-26, 1985-06-04, 1988-03-09, 1990-07-23, 1995-09-01, 1998-12-27, 1999-01-01, 2000-09-30, 2001-10-02, 2003-02-03, 2005-11-12, 2012-10-14, 2013-03-09, 2014-10-18, 2015-07-08",0.764422647877371,530.279760304936,-950.179364199944,-0.221206219999072,151,3.31579436250445,5,130,0.0074969213299654,5,7
145,"1981-07-03, 1988-04-06, 1993-01-24, 1996-03-15, 1996-12-24, 1997-01-16, 1998-09-06, 1998-11-04, 2002-08-26, 2004-08-11, 2005-02-08, 2010-04-03, 2014-06-26, 2014-08-05, 2020-10-07",0.752161160538619,526.448937462212,-942.517718514495,-0.221172023419945,151,2.50250875630078,5,130,0.0336733219956851,5,5
146,"1984-05-30, 1987-07-17, 1989-04-17, 1992-10-14, 1993-09-21, 1996-06-09, 1997-12-12, 1998-12-10, 1999-06-10, 2002-12-05, 2007-01-07, 2009-05-07, 2016-09-04, 2017-12-25, 2021-10-08",0.753640217039792,526.90085737531,-943.421558340692,-0.20611033194467,151,3.20815154812646,5,130,0.00916313249993331,5,4
147,"1979-11-06, 1981-12-10, 1986-05-09, 1993-04-29, 1993-11-12, 1994-10-16, 2000-07-26, 2003-03-27, 2004-10-13, 2006-03-15, 2011-01-29, 2017-06-10, 2018-11-20, 2019-01-24, 2021-02-25",0.744490239074302,524.147552645633,-937.914948881338,-0.210069456474144,151,1.25029781648728,5,130,0.289496809726185,5,3
148,"1979-10-19, 1981-11-03, 1989-09-20, 1993-09-22, 1995-04-18, 1995-10-04, 2004-02-26, 2006-01-02, 2009-02-14, 2010-01-10, 2013-07-29, 2015-10-27, 2018-04-03, 2021-04-09, 2021-08-16",0.767498625410581,531.272070502338,-952.163984594747,-0.279039755201475,151,3.8110805055721,5,130,0.00296677999158132,5,10
149,"1981-02-26, 1981-05-02, 1981-12-03, 1998-01-03, 1999-10-28, 2001-11-01, 2005-10-27, 2008-03-20, 2009-03-20, 2009-06-29, 2011-02-24, 2018-03-09, 2018-07-14, 2020-10-15, 2020-11-25",0.748390676692632,525.308971556754,-940.237786703581,-0.212529115731427,151,1.76520397971554,5,130,0.124454676093374,5,4
150,"1979-04-10, 1979-09-05, 1982-12-09, 1985-10-07, 1991-09-29, 1992-05-27, 1995-03-26, 2003-10-21, 2004-11-27, 2013-02-09, 2013-08-08, 2015-03-09, 2017-01-02, 2019-01-22, 2019-02-25",0.829562078611446,554.716708321425,-999.053260232921,-0.477803950180821,151,2.73703319322709,5,130,0.0219252583037836,5,9
151,"1980-02-28, 1983-01-11, 1987-12-16, 1988-05-06, 1989-03-03, 1990-06-03, 1993-11-15, 2001-10-16, 2007-12-03, 2008-10-15, 2015-03-30, 2017-02-12, 2020-04-23, 2020-05-21, 2021-03-03",0.748173431428138,525.24381125034,-940.107466090752,-0.184767232446523,151,6.0369583601844,5,130,0.0000466210558279905,5,2
152,"1982-03-19, 1983-12-16, 1988-02-24, 1994-10-04, 1995-07-01, 1999-04-20, 1999-07-27, 1999-12-05, 2000-12-28, 2001-08-05, 2002-06-15, 2004-09-17, 2008-03-10, 2011-01-05, 2020-03-10",0.775993263986876,534.082181584436,-957.784206758943,-0.294228082789272,151,2.02704237092535,5,130,0.078975924597174,5,9
153,"1979-05-30, 1984-11-08, 1989-01-21, 1994-04-10, 1994-12-15, 1998-02-02, 2002-03-22, 2003-09-23, 2005-02-14, 2006-01-13, 2006-07-28, 2007-12-20, 2013-03-04, 2018-02-10, 2020-10-01",0.743034551486505,523.718635474842,-937.057114539756,-0.181469758741005,151,1.58559739643977,5,130,0.168571533820874,5,3
154,"1980-11-07, 1985-07-19, 1986-01-20, 1988-12-17, 1990-03-30, 1992-04-18, 1993-07-11, 1995-04-21, 1999-05-08, 2002-05-01, 2007-10-25, 2008-12-15, 2009-11-18, 2012-05-30, 2013-12-16",0.776880285335432,534.381739794735,-958.383323179543,-0.302786641087083,151,1.109523421366,5,130,0.358527676341917,5,3
155,"1982-12-28, 1987-08-16, 1988-01-08, 1989-11-06, 1990-08-08, 1990-09-12, 1994-09-19, 1995-07-10, 2003-05-18, 2004-01-27, 2006-08-08, 2007-12-28, 2010-02-22, 2018-09-19, 2021-11-01",0.746248721945482,524.668959053277,-938.957761696627,-0.202653206179461,151,2.53442770430657,5,130,0.031771779709652,5,8
156,"1980-01-24, 1986-07-19, 1988-11-01, 1990-03-15, 1992-10-11, 1993-07-26, 1997-07-05, 2000-01-23, 2000-08-15, 2004-08-25, 2006-12-04, 2009-03-05, 2016-08-17, 2019-06-08, 2021-06-25",0.753907112627097,526.982695164111,-943.585233918293,-0.197370079917079,151,3.04966196722748,5,130,0.0123038118462174,5,5
157,"1980-02-26, 1980-12-17, 1982-07-18, 1982-12-01, 1985-04-23, 1986-03-05, 1993-09-28, 1995-03-03, 2010-05-03, 2013-06-01, 2015-06-26, 2015-11-20, 2020-02-25, 2020-12-14, 2021-07-17",0.847443602351628,563.084885564043,-1015.78961471816,-0.372079206130526,151,2.95996855882698,5,130,0.0145299129391766,5,3
158,"1979-05-31, 1989-12-14, 1994-02-23, 1994-08-31, 1999-10-11, 2001-02-28, 2003-09-05, 2006-10-09, 2012-06-04, 2014-09-16, 2016-03-18, 2016-05-02, 2017-12-11, 2019-08-29, 2019-11-19",0.746356287004217,524.700970256381,-939.021784102834,-0.21014127398914,151,2.46294966963707,5,130,0.0361839469011538,5,3
159,"1980-06-10, 1985-03-12, 1990-02-24, 1993-10-11, 1995-11-28, 1999-10-15, 2005-03-12, 2007-11-07, 2012-02-03, 2012-11-12, 2014-07-31, 2015-11-20, 2016-08-17, 2018-11-07, 2021-09-06",0.796916215225308,541.485522541406,-972.590888672883,-0.41994023218215,151,0.855566066498408,5,130,0.513014401836012,5,2
160,"1980-08-18, 1985-05-01, 1988-11-10, 1989-12-30, 1998-08-01, 2000-02-08, 2001-01-14, 2004-02-22, 2009-04-12, 2013-03-03, 2016-10-25, 2017-02-24, 2017-09-16, 2021-06-04, 2021-08-02",0.789483919425817,538.771794655312,-967.163432900697,-0.220309377993865,151,8.57262823570697,5,130,0.000000484103747381218,5,8
161,"1979-08-18, 1983-08-07, 1987-12-06, 1991-09-24, 1999-06-19, 2000-11-20, 2000-12-02, 2002-04-12, 2002-06-13, 2010-02-21, 2013-08-06, 2015-07-19, 2017-09-15, 2018-07-07, 2019-05-26",0.791958291432187,539.664465954847,-968.948775499765,-0.274799231642387,151,3.02655816440273,5,130,0.0128427919651025,5,7
162,"1979-07-20, 1983-03-02, 1983-07-01, 1985-07-27, 1988-11-14, 1989-03-23, 1990-05-21, 1996-03-07, 1996-09-27, 2000-08-17, 2004-01-02, 2005-06-18, 2009-01-04, 2015-04-18, 2016-06-13",0.747165402600987,524.94219787964,-939.504239349351,-0.236049844270175,151,2.60082953936136,5,130,0.0281449501026444,5,4
163,"1984-12-28, 1986-09-15, 1990-08-07, 1992-11-25, 1993-06-24, 1998-04-19, 1998-06-02, 1999-03-17, 2005-01-01, 2011-10-30, 2014-11-18, 2015-11-11, 2015-12-14, 2019-09-10, 2021-10-29",0.757989799996564,528.24574837239,-946.111340334853,-0.235584589978712,151,4.11271790828971,5,130,0.00168456877029828,5,3
164,"1979-05-23, 1980-07-04, 1984-10-01, 1984-11-08, 1988-01-28, 1990-08-26, 1993-03-09, 1995-06-08, 1999-01-27, 2007-11-14, 2009-03-06, 2009-11-25, 2016-11-15, 2018-05-02, 2021-07-10",0.742247251972352,523.487669637325,-936.595182864722,-0.194998769508143,151,2.74100822407819,5,130,0.0217655996069888,5,2
165,"1981-03-17, 1986-10-01, 1987-11-15, 1997-10-07, 1999-08-13, 2000-09-04, 2001-09-25, 2001-12-10, 2002-09-14, 2004-08-01, 2005-05-09, 2014-11-25, 2016-06-02, 2019-09-26, 2021-05-18",0.766199728093454,530.851454354742,-951.322752299555,-0.244702578833572,151,4.43512048334784,5,130,0.000919990925244179,5,7
166,"1984-03-07, 1987-06-09, 1988-06-05, 1995-04-10, 1997-07-17, 2000-07-16, 2001-09-14, 2004-08-20, 2006-09-10, 2008-03-19, 2009-08-07, 2013-03-10, 2018-06-11, 2019-03-02, 2020-10-11",0.743581021687435,523.879366940765,-937.378577471601,-0.183253416283594,151,2.53116327214637,5,130,0.0319613553098209,5,3
167,"1979-09-16, 1987-05-23, 1994-09-23, 1999-03-19, 2003-05-08, 2003-07-03, 2008-04-12, 2008-05-06, 2014-06-06, 2017-10-18, 2018-06-29, 2019-05-17, 2020-03-13, 2020-05-26, 2021-06-16",0.768944732459613,531.743130245459,-953.106104080989,-0.244411507252749,151,4.55986288537012,5,130,0.00072814552815049,5,2
168,"1982-07-23, 1985-11-02, 1986-03-18, 1988-01-11, 1990-03-04, 1991-01-10, 1993-08-19, 2000-02-24, 2001-03-29, 2004-11-25, 2008-10-18, 2011-10-21, 2019-05-22, 2019-07-12, 2021-01-17",0.752896154349041,526.673173823905,-942.966191237882,-0.215980583187577,151,2.56805336120556,5,130,0.0298816615967603,5,5
169,"1979-03-15, 1980-04-25, 1985-12-31, 1986-08-05, 1987-09-14, 1991-07-20, 1994-10-31, 1996-07-24, 1997-04-23, 2000-12-08, 2003-04-21, 2008-03-20, 2015-07-12, 2017-04-13, 2018-08-27",0.776420947426257,534.226467262507,-958.072778115086,-0.227350665498274,151,2.18058929487108,5,130,0.0601602896358203,5,6
170,"1980-07-12, 1984-12-10, 1989-04-18, 1991-01-04, 1992-04-18, 1997-09-15, 2000-02-05, 2001-05-27, 2001-06-20, 2004-12-19, 2005-08-22, 2014-02-17, 2016-11-21, 2019-04-18, 2020-11-15",0.748209539263627,525.25463749896,-940.129118587991,-0.203321063670003,151,1.92373000671238,5,130,0.0946445280118458,5,3
171,"1979-03-29, 1989-07-15, 1995-08-28, 2001-09-22, 2002-08-10, 2005-10-31, 2006-02-17, 2009-03-15, 2011-06-15, 2013-06-16, 2013-07-30, 2014-02-27, 2014-05-03, 2019-09-04, 2020-05-26",0.750687869943283,526.001452603921,-941.622748797913,-0.224699961758332,151,1.39105251802878,5,130,0.231798508088728,5,5
172,"1980-11-18, 1982-06-03, 1984-06-01, 1987-05-31, 1989-01-19, 1989-12-06, 1994-12-15, 1996-11-10, 2004-03-26, 2004-08-13, 2004-10-08, 2017-01-22, 2017-05-24, 2018-08-31, 2018-11-16",0.828783721161601,554.372699150199,-998.36524189047,-0.394831655178431,151,2.14815391187655,5,130,0.0637381960083503,5,4
173,"1984-06-10, 1985-11-13, 1986-08-22, 1988-03-13, 1989-11-01, 1990-11-17, 1990-12-20, 1993-10-12, 1995-07-17, 2003-01-24, 2004-10-25, 2011-06-09, 2011-10-15, 2017-11-04, 2019-12-16",0.82320847472801,551.953402124646,-993.526647839363,-0.379666892913475,151,2.49768917993246,5,130,0.0339698952183579,5,5
174,"1984-07-22, 1986-11-12, 1987-02-23, 1988-05-04, 1989-02-21, 1990-02-10, 1991-10-17, 1994-07-04, 2001-03-06, 2003-06-14, 2005-08-28, 2006-06-24, 2008-10-14, 2011-12-28, 2012-09-25",0.768667641888604,531.652641921572,-952.925127433217,-0.270082818842584,151,3.87828755603108,5,130,0.00261539409413087,5,9
175,"1982-04-27, 1982-06-03, 1984-08-22, 1989-05-05, 1992-10-23, 1997-01-13, 1999-09-02, 2002-02-06, 2005-01-28, 2010-12-18, 2012-12-21, 2013-01-22, 2015-02-28, 2017-02-26, 2021-01-01",0.753273190354479,526.788461214983,-943.196766020038,-0.226083020984047,151,2.42646496115767,5,130,0.038659877116843,5,5
176,"1979-10-06, 1984-08-22, 1986-05-06, 1988-10-08, 1990-07-20, 1991-07-21, 1996-08-11, 2004-02-10, 2012-07-04, 2013-08-30, 2015-02-12, 2017-07-12, 2017-08-16, 2017-10-07, 2017-11-27",0.774343478755089,533.528169923965,-956.676183438001,-0.27753154381452,151,2.76059081205583,5,130,0.0209955369295157,5,5
177,"1980-02-20, 1982-08-22, 1990-11-07, 1992-02-13, 1992-04-07, 1994-12-21, 1998-12-16, 2003-03-03, 2007-11-10, 2011-03-04, 2011-06-15, 2013-11-04, 2016-08-01, 2021-01-15, 2021-10-05",0.772539160192882,532.926883002819,-955.473609595709,-0.197083955367611,151,8.5006783054382,5,130,0.00000054936576815086,5,8
178,"1981-02-06, 1982-06-29, 1983-06-26, 1986-07-02, 1995-06-28, 2001-01-05, 2001-05-19, 2001-08-31, 2006-08-29, 2008-12-01, 2010-01-07, 2010-09-30, 2011-03-15, 2016-05-10, 2020-11-23",0.813152269844622,547.77653126567,-985.172906121412,-0.429274060307842,151,2.17921291749048,5,130,0.0603081306079105,5,2
179,"1981-03-01, 1984-05-30, 1986-02-27, 1990-06-26, 1992-06-08, 1993-06-08, 1994-07-16, 1997-05-13, 2002-08-22, 2004-04-09, 2010-07-06, 2012-02-01, 2014-04-06, 2014-06-16, 2015-10-06",0.736879454014643,521.931501955039,-933.48284750015,-0.217036652636453,151,0.58779711252806,5,130,0.70930065034247,5,6
180,"1985-06-15, 1992-04-27, 1993-03-21, 1994-05-09, 1995-08-11, 1998-09-21, 1999-03-04, 1999-11-19, 2000-10-01, 2002-06-18, 2010-11-06, 2011-12-25, 2012-02-29, 2017-08-14, 2020-08-06",0.751623724247535,526.285393649866,-942.190630889804,-0.22464555703083,151,1.98458399411688,5,130,0.0850929898317005,5,4
181,"1982-03-09, 1984-02-19, 1989-02-04, 1991-07-08, 1994-06-10, 1994-09-18, 1994-11-29, 2004-09-26, 2007-02-24, 2011-04-22, 2011-08-07, 2012-05-28, 2014-02-25, 2016-04-02, 2021-09-07",0.792252154914346,539.771186753396,-969.162217096864,-0.349090234036804,151,1.45480988257659,5,130,0.209098118366317,5,3
182,"1982-04-21, 1983-07-24, 1986-06-29, 1988-12-11, 1989-10-31, 1993-05-31, 1994-09-10, 1995-06-13, 2001-05-05, 2002-03-22, 2005-06-03, 2008-09-20, 2009-08-13, 2010-05-21, 2013-10-10",0.747929733067847,525.170783494101,-939.961410578273,-0.226679899742243,151,2.84692130770294,5,130,0.0179073700848896,5,5
183,"1982-03-04, 1982-11-15, 1988-05-25, 1989-11-14, 1991-02-20, 1991-10-31, 1996-12-21, 1999-01-23, 2000-09-26, 2005-05-28, 2008-05-20, 2011-11-04, 2015-12-24, 2018-02-11, 2021-08-20",0.751834571221725,526.349512926708,-942.318869443488,-0.197316766934678,151,2.94913445526887,5,130,0.0148243321968442,5,5
184,"1979-11-10, 1981-03-23, 1982-11-05, 1990-01-27, 1992-01-10, 1994-05-10, 1995-01-18, 1995-04-27, 1997-03-18, 1998-08-07, 2000-07-07, 2009-08-06, 2014-03-07, 2018-07-06, 2021-05-25",0.747668824317912,525.092676610525,-939.805196811121,-0.24818785336792,151,1.28337435643044,5,130,0.274956038534903,5,6
185,"1979-04-13, 1989-06-04, 1990-03-01, 1992-04-07, 1993-08-24, 1997-08-29, 1998-03-26, 1998-12-21, 2000-12-31, 2002-04-08, 2002-10-20, 2004-07-20, 2018-04-08, 2019-05-14, 2021-08-14",0.757683368787199,528.150211400647,-945.920266391367,-0.216959392787047,151,4.51624136721364,5,130,0.000790182787528681,5,4
186,"1984-09-01, 1989-05-22, 1992-02-16, 1994-06-21, 1996-06-09, 1996-12-10, 1998-03-17, 2000-04-16, 2001-12-19, 2005-01-07, 2006-03-17, 2007-11-08, 2012-05-20, 2021-03-20, 2021-07-16",0.751525931054043,526.255672884719,-942.131189359509,-0.203807324968306,151,1.56033432982236,5,130,0.17580365318756,5,10
187,"1981-03-10, 1982-02-20, 1984-03-18, 1987-03-01, 1994-06-16, 1996-09-26, 1998-04-17, 2002-08-05, 2004-02-24, 2004-07-15, 2007-05-08, 2011-10-03, 2012-11-17, 2013-08-31, 2021-01-19",0.747535662866493,525.052843887927,-939.725531365925,-0.208093211407596,151,1.48572210329962,5,130,0.198810334614379,5,4
188,"1980-07-14, 1980-11-24, 1981-06-02, 1982-10-23, 1986-04-09, 1991-07-09, 1994-08-28, 1999-06-21, 2001-05-11, 2002-04-11, 2006-02-08, 2009-04-24, 2012-03-31, 2016-06-09, 2017-12-27",0.758275028210214,528.334783587864,-946.289410765799,-0.230308980539192,151,2.79207956832044,5,130,0.0198129296865562,5,5
189,"1979-09-09, 1984-07-04, 1991-08-20, 1996-08-08, 1998-01-18, 2000-10-15, 2001-10-05, 2005-10-27, 2007-10-21, 2014-01-13, 2016-12-27, 2017-07-09, 2018-07-28, 2019-03-25, 2019-09-13",0.775296521950522,533.84771370573,-957.315271001533,-0.243060093136759,151,1.34223575621032,5,130,0.250590108465376,5,6
190,"1987-01-17, 1989-09-29, 1990-02-27, 1990-11-01, 1991-05-19, 1991-07-09, 1996-08-10, 1997-01-09, 1999-12-12, 2001-05-12, 2014-10-01, 2016-05-09, 2018-11-02, 2020-12-05, 2021-11-29",0.835180791796206,557.24761688112,-1004.11507735231,-0.216472883701668,151,4.84681666005001,5,130,0.000425478879467779,5,2
191,"1979-04-02, 1980-04-09, 1983-12-11, 1984-05-21, 1985-09-11, 1989-09-13, 1995-05-02, 1995-06-14, 1996-03-18, 1996-12-05, 2001-02-11, 2003-12-08, 2008-03-05, 2009-01-21, 2019-04-20",0.783969231547664,536.819455134731,-963.258753859533,-0.341322596212699,151,1.12853741859247,5,130,0.34851274800813,5,5
192,"1979-07-25, 1983-07-19, 1983-12-31, 1987-06-03, 1989-06-29, 2003-07-11, 2005-06-21, 2007-08-22, 2008-01-19, 2008-08-21, 2009-12-30, 2011-08-28, 2015-09-29, 2018-02-19, 2021-05-21",0.750770095324669,526.026357289658,-941.672558169387,-0.2051122333872,151,6.29012091115869,5,130,0.0000292663866570141,5,5
193,"1982-04-08, 1989-02-18, 1991-06-23, 1992-11-20, 1995-09-28, 1997-01-06, 2002-07-12, 2004-05-22, 2007-04-25, 2009-03-27, 2013-08-10, 2014-07-08, 2018-12-31, 2019-08-14, 2021-05-26",NA,NA,NA,NA,NA,NA,NA,NA,NA,NA,0
194,"1983-11-10, 1984-10-04, 1990-05-07, 1994-11-22, 1995-06-16, 1995-10-18, 1996-09-06, 1998-05-17, 2001-03-28, 2002-04-06, 2003-08-13, 2004-07-25, 2008-04-13, 2009-10-02, 2020-01-25",0.763886815779472,530.108226904639,-949.83629739935,-0.254249167865478,151,3.36864147750819,5,130,0.00679257476699564,5,8
195,"1986-05-31, 1989-01-12, 2000-05-02, 2001-04-20, 2005-04-11, 2005-12-29, 2006-07-05, 2007-12-24, 2008-10-28, 2013-03-25, 2015-12-21, 2017-12-29, 2019-08-04, 2020-05-21, 2021-02-24",0.780342382593263,535.562440120187,-960.744723830445,-0.290857234535956,151,6.96935278179596,5,130,0.00000847446966897462,5,8
196,"1981-05-24, 1982-05-22, 1983-12-13, 1985-09-19, 1988-05-17, 1998-03-08, 2000-07-03, 2000-09-06, 2004-12-25, 2005-04-28, 2006-01-23, 2009-02-03, 2009-09-06, 2012-03-04, 2014-12-19",0.747975560825231,525.184511056204,-939.98886570248,-0.19165307528936,151,2.32700496230591,5,130,0.0462716496325065,5,4
197,"1981-04-29, 1987-04-17, 1991-01-30, 1993-07-27, 1994-04-21, 1996-03-18, 2000-01-23, 2002-08-20, 2003-09-22, 2004-01-13, 2007-04-24, 2007-06-22, 2009-03-09, 2010-02-26, 2010-03-19",0.764475466952836,530.296690146823,-950.213223883718,-0.276212666948767,151,4.08003267093715,5,130,0.00179113677485492,5,6
198,"1983-08-23, 1986-04-19, 1987-01-07, 1987-11-14, 1989-10-25, 1991-05-31, 1991-08-03, 1992-08-19, 1993-11-26, 1996-04-06, 1996-11-05, 2004-01-02, 2011-10-22, 2012-07-14, 2021-10-22",0.743649155298145,523.899430865778,-937.418705321627,-0.181942843790792,151,2.06585394949018,5,130,0.0737508674796118,5,6
199,"1982-10-16, 1989-10-30, 1995-12-28, 1998-08-09, 2004-09-24, 2007-08-26, 2008-02-26, 2009-01-08, 2009-09-22, 2013-08-17, 2015-06-14, 2016-11-24, 2017-02-12, 2019-03-16, 2020-05-04",0.748501186266009,525.342139268862,-940.304122127796,-0.209990614668189,151,2.07752174269363,5,130,0.0722453982758327,5,3
200,"1980-01-26, 1980-05-29, 1983-07-31, 1984-02-26, 1991-01-02, 1992-02-10, 1995-02-17, 1996-01-09, 2003-04-10, 2004-01-18, 2009-04-02, 2015-09-25, 2018-05-15, 2018-07-23, 2021-01-15",0.743945255979183,523.986688321195,-937.593220232462,-0.179962785686313,151,1.50785243830988,5,130,0.191722302784248,5,1
